event,horizon,live_n,backtest_n,live_base_rate,backtest_base_rate,live_mean_predicted_probability,backtest_mean_predicted_probability,live_brier,backtest_brier,live_brier_delta_model_minus_base,backtest_brier_delta_model_minus_base,live_auc,backtest_auc,live_pr_auc,backtest_pr_auc,classification
mean_reversion,1H,1157,3679,0.21780466724286948,0.337048110899701,0.9589229040622299,0.9275396846969286,0.7430707680034573,0.6238965784262027,0.5727049738333649,0.40044989658755886,0.20562132772077524,0.18408142549167428,0.13448803360637068,0.2117822244451226,CONFIRMS BACKTEST FAILURE
mean_reversion,2H,1145,3679,0.3074235807860262,0.46153846153846156,0.9586329257641922,0.9275396846969286,0.6629240486026201,0.5134933710328894,0.4500097258398963,0.26497266097371774,0.18699486988421415,0.22320124218949275,0.19367186620515764,0.31775172694427617,CONFIRMS BACKTEST FAILURE
mean_reversion,4H,1121,3679,0.3835860838537021,0.5879315031258494,0.9588884032114184,0.9275396846969286,0.5981309621855486,0.3989667061783093,0.36168316205806594,0.15669865542028058,0.16020765321576413,0.25140038083527594,0.24270711821625024,0.44257182635993136,CONFIRMS BACKTEST FAILURE
mean_reversion,8H,1074,3679,0.4273743016759777,0.6974721391682522,0.9619677839851023,0.9275396846969286,0.5629710857728119,0.2966411285756999,0.31824557782986373,0.0856363743233855,0.1414474732982624,0.28340962997355,0.27150409115764,0.5756477073651792,CONFIRMS BACKTEST FAILURE
mean_reversion,12H,1026,3679,0.4444444444444444,0.7583582495243273,0.9612390838206628,0.9275396846969286,0.5497988765204679,0.24016121555585757,0.3028852962735543,0.0569102006531321,0.11125923361034164,0.29997056819510465,0.27882623106321874,0.6674424681775125,CONFIRMS BACKTEST FAILURE
mean_reversion,24H,883,3679,0.5152887882219706,0.8252242457189454,0.9563944507361268,0.9275396846969286,0.48085642096262743,0.1776544474123403,0.23109016800792367,0.033425257415797244,0.10181267330800041,0.313860680645115,0.33425225394539526,0.7542677803940615,CONFIRMS BACKTEST FAILURE
upside_breakout,1H,1190,4206,0.5546218487394958,0.6378982406086543,0.4683464705882353,0.3101129814550642,0.30343826348739494,0.3642837756395625,0.056421809847115284,0.13329970040252478,0.5150843339050887,0.46638363333838284,0.555492078130222,0.6194561142074453,CONFIRMS BACKTEST FAILURE
upside_breakout,2H,1178,4206,0.6162988115449916,0.6274369947693771,0.4684723259762309,0.3101129814550642,0.30773641916808153,0.3590475892391821,0.07126183273485898,0.12528777687503234,0.5103381969331285,0.4743224998929948,0.6221292979798096,0.6139771008676198,CONFIRMS BACKTEST FAILURE
upside_breakout,4H,1154,4206,0.6932409012131716,0.6229196386115073,0.4706430675909879,0.3101129814550642,0.32788631721837086,0.3575824917593914,0.11522836312004961,0.12269172931577496,0.46867408192090393,0.46928263045926666,0.6685305137457149,0.608813011524521,CONFIRMS BACKTEST FAILURE
upside_breakout,8H,1106,4206,0.810126582278481,0.6350451735615787,0.47793047016274864,0.3101129814550642,0.3284510923056058,0.35794687597242036,0.17462958934133727,0.12618407487469727,0.43953815901360543,0.4941355883009328,0.7977424469003577,0.6360134485031749,CONFIRMS BACKTEST FAILURE
upside_breakout,12H,1058,4206,0.8459357277882797,0.6535901093675701,0.4803271266540643,0.3101129814550642,0.30535067630434787,0.3636453543366619,0.17502220406475466,0.13723527603220406,0.5483977105254139,0.5031559488906304,0.8764183999023668,0.6568977868250957,CONFIRMS BACKTEST FAILURE
upside_breakout,24H,915,4206,0.9224043715846995,0.68188302425107,0.4856951912568306,0.3101129814550642,0.3272985310928962,0.37272619123632905,0.25572398422676107,0.15580762574704432,0.4643298177691743,0.5229363284987898,0.9181913928044466,0.6888470516950562,CONFIRMS BACKTEST FAILURE
downside_breakdown,1H,1190,4206,0.6504201680672269,0.6552543984783642,0.2347942857142857,0.29671098430813125,0.40678763484033614,0.3749782923157394,0.17941386180170893,0.14908222056261813,0.4563937959650169,0.47770994945197937,0.6086230640238739,0.6465195476030051,CONFIRMS BACKTEST FAILURE
downside_breakdown,2H,1178,4206,0.6086587436332768,0.6314788397527342,0.2352660441426146,0.29671098430813125,0.38355394764006795,0.3639769133333333,0.14536067020803012,0.13126359863605847,0.464816344312437,0.4863570005829771,0.5663600695325539,0.6271214096826285,CONFIRMS BACKTEST FAILURE
downside_breakdown,4H,1154,4206,0.5398613518197574,0.635282929148835,0.23573613518197573,0.29671098430813125,0.34538656558925473,0.3667748210841655,0.09697549295815319,0.1350762920032542,0.47697037299017875,0.486362997603229,0.4975362378867893,0.6268527898431825,CONFIRMS BACKTEST FAILURE
downside_breakdown,8H,1106,4206,0.43670886075949367,0.6428911079410367,0.2352119349005425,0.29671098430813125,0.2940211389511754,0.36677082679029954,0.048026907257536555,0.13718869551891652,0.4623839765510503,0.5016049852661933,0.38426068355911963,0.644425368391703,CONFIRMS BACKTEST FAILURE
downside_breakdown,12H,1058,4206,0.3998109640831758,0.6466951973371374,0.23579357277882795,0.29671098430813125,0.27419219413988655,0.3673147164717071,0.034230037057829205,0.13883419739348882,0.4609258949014352,0.5072862649433932,0.3439673180425116,0.6521389332748543,CONFIRMS BACKTEST FAILURE
downside_breakdown,24H,915,4206,0.32021857923497266,0.6524013314312886,0.23774546448087433,0.29671098430813125,0.23341581203278688,0.36317115964812174,0.015737171285078705,0.13639732547015124,0.4290684020499764,0.5347583385513673,0.2618364958510547,0.6805084218643224,CONFIRMS BACKTEST FAILURE
range_continuation,1H,1190,4206,0.04285714285714286,0.04303376129339039,0.21340546218487394,0.31954046600095104,0.1131029478235294,0.16771153612933903,0.0720825396602641,0.12652967944700516,0.40935461102790544,0.510320167461652,0.03544157703951861,0.043463121235875465,CONFIRMS BACKTEST FAILURE
range_continuation,2H,1178,4206,0.059422750424448216,0.043509272467902996,0.21405806451612905,0.31954046600095104,0.11471287485568761,0.167801312639087,0.05882118769924565,0.12618509696187025,0.5565626611655492,0.5145787405478607,0.07412536921119187,0.043570665431820296,LIVE BETTER THAN BACKTEST
range_continuation,4H,1154,4206,0.09185441941074524,0.0432715168806467,0.212636568457539,0.31954046600095104,0.13680571242634315,0.16568714240608653,0.05338852738088301,0.12428804969859193,0.526659045081377,0.5437478153059664,0.0930029372480457,0.047779587634599885,CONFIRMS BACKTEST FAILURE
range_continuation,8H,1106,4206,0.08770343580470162,0.05254398478364242,0.20725913200723328,0.31954046600095104,0.13084127835443038,0.1678083502044698,0.050829735201678175,0.11802523575777102,0.5525170373851829,0.5536315481698905,0.09378177591946776,0.05882411577741665,MIXED
range_continuation,12H,1058,4206,0.046313799621928164,0.05515929624346172,0.21027627599243856,0.31954046600095104,0.11358965082230624,0.16929394221588207,0.06942081923579818,0.11717719393449433,0.48571024048866324,0.5427541953733752,0.04678556127811542,0.059399564374882544,CONFIRMS BACKTEST FAILURE
range_continuation,24H,915,4206,0.020765027322404372,0.0475511174512601,0.2249432786885246,0.31954046600095104,0.11338516243715847,0.1642241371754636,0.0930513214744543,0.11893412849506703,0.3226914943609023,0.5848096605092361,0.015186188512170984,0.057260270921169594,CONFIRMS BACKTEST FAILURE
trend_continuation,1H,1127,4015,0.36024844720496896,0.33798256537982563,0.35163655723158826,0.2977531257783313,0.24287047827861583,0.22890591908841842,0.012400974787238173,0.005155568209320893,0.5511963406052076,0.5383353489112275,0.3872983789088667,0.3649066815692625,MIXED
trend_continuation,2H,1115,4015,0.3847533632286996,0.37036114570361145,0.35139587443946185,0.2977531257783313,0.24814136157847536,0.2438960062615193,0.011423148865571414,0.010702238804799563,0.5949373755496205,0.5242095524077873,0.42971816862622797,0.38444556574565614,MIXED
trend_continuation,4H,1091,4015,0.384967919340055,0.3937733499377335,0.3512414298808433,0.2977531257783313,0.2540058989000916,0.2554425068841843,0.017238278481047725,0.016726608067635512,0.5274057909303811,0.5030735516302103,0.39615702257377605,0.3929077074642157,CONFIRMS BACKTEST FAILURE
trend_continuation,8H,1046,4015,0.5745697896749522,0.42266500622665004,0.3495388145315487,0.2977531257783313,0.3028541500956023,0.26832977961145704,0.05841480362776891,0.02431048087338114,0.5958197012469854,0.49724225311581166,0.625900170646234,0.41573469277283,MIXED
trend_continuation,12H,998,4015,0.5751503006012024,0.424906600249066,0.34801933867735474,0.2977531257783313,0.2843550061222445,0.2670661183412204,0.04000257380269559,0.02270513702737395,0.6696038228913287,0.5133437281203019,0.7074466240395123,0.4312651584116129,MIXED
trend_continuation,24H,862,4015,0.6310904872389791,0.45603985056039853,0.3488440835266821,0.2977531257783313,0.30058147303944316,0.27598377712079697,0.0677661888839961,0.027916271859549063,0.6556748288938217,0.5331169490440381,0.7714839125124641,0.484867158895146,MIXED
