event,horizon,feature,n,true_mean,false_mean,point_biserial,spearman,univariate_auc_positive_orientation,orientation,classification
mean_reversion,1H,return_5m,3679,-4.28420503159455e-05,-2.2041393763254863e-05,-0.005515805098897075,-0.004705053154123117,0.49712666481503526,weak_flat,WEAK
mean_reversion,1H,return_15m,3679,-9.592803056804352e-05,-1.9179227790968443e-06,-0.01620518457559462,-0.013526603648557171,0.49173940932957716,weak_flat,WEAK
mean_reversion,1H,return_1h,3679,-0.00019791141817427063,9.848213335995575e-05,-0.024170676235308698,-0.030034870888499477,0.4816579375471174,weak_flat,WEAK
mean_reversion,1H,return_4h,3679,-0.0005852806963726952,0.0002653673487804095,-0.03584844225228031,-0.04356796922339607,0.4733933790950813,weak_flat,WEAK
mean_reversion,1H,vwap,3679,1815.0984304554554,1817.3767009074584,-0.008010240204968074,0.003303278065009128,0.5020172863018952,weak_flat,WEAK
mean_reversion,1H,vwap_deviation_pct,3679,-0.000390546885750136,-1.6004019523619705e-05,-0.013071379095359072,-0.03319033743044166,0.4797309182769247,weak_flat,WEAK
mean_reversion,1H,vwap_zscore,3679,0.21084881047364656,0.5854054938670848,-0.026891191163253593,-0.03864364290016333,0.4764006269094949,weak_flat,WEAK
mean_reversion,1H,atr,3679,3.406330645161291,3.634286592865929,-0.04988354762268836,-0.03532358256399567,0.4784281633138912,weak_flat,WEAK
mean_reversion,1H,atr_pct,3679,0.0019107769194280145,0.0020315139977066976,-0.04486147292954566,-0.03218002488015367,0.48034790831779284,weak_flat,WEAK
mean_reversion,1H,realized_volatility,3679,46.016163915055365,49.174993840590346,-0.07065663587443485,-0.09211386612030863,0.4437467761774392,higher_feature_lower_event,CONDITIONAL
mean_reversion,1H,volume,3679,112946.09112903225,103222.0442804428,0.037100688619647895,0.004388308274550292,0.5026799058313164,weak_flat,WEAK
mean_reversion,1H,volume_zscore,3679,0.38749843767353914,0.20973799110972893,0.0671930511308497,0.02468497845269565,0.5150749249427978,weak_flat,WEAK
mean_reversion,2H,return_5m,3679,-6.53128706057281e-05,2.0283455366861527e-06,-0.018832464693840624,-0.01185117702362748,0.4931373965510988,weak_flat,WEAK
mean_reversion,2H,return_15m,3679,-0.00010672250119104608,2.906927585048211e-05,-0.02468580198894845,-0.01695017922340377,0.4901847290127828,weak_flat,WEAK
mean_reversion,2H,return_1h,3679,-0.00023181866209992703,0.00019607059716027895,-0.036799826696213005,-0.029417921130424567,0.4829650822983241,weak_flat,WEAK
mean_reversion,2H,return_4h,3679,-0.0007402736963637834,0.0005948852279651596,-0.059340019043656086,-0.06001048415673967,0.46524996893337117,weak_flat,WEAK
mean_reversion,2H,vwap,3679,1816.377077957939,1816.8074451819662,-0.0015957828331825915,0.008078749041872592,0.5046781289149155,weak_flat,WEAK
mean_reversion,2H,vwap_deviation_pct,3679,-0.00047733639362101173,0.0001449799366078752,-0.022904742622622758,-0.04104883441738466,0.4762300155362873,weak_flat,WEAK
mean_reversion,2H,vwap_zscore,3679,0.2576136456901912,0.6319174932595643,-0.02834073560952646,-0.044178476903356655,0.47441774597189196,weak_flat,WEAK
mean_reversion,2H,atr,3679,3.4053697627460884,3.687812792961709,-0.06518258869018714,-0.04733276509518309,0.4725912065684069,weak_flat,WEAK
mean_reversion,2H,atr_pct,3679,0.0019082620567586982,0.002061583567956135,-0.060080051412094326,-0.04327182522516988,0.47494275713506817,weak_flat,WEAK
mean_reversion,2H,realized_volatility,3679,46.281827965943506,49.67759179489976,-0.08010479772528857,-0.10599045617969233,0.4386245302101412,higher_feature_lower_event,CONDITIONAL
mean_reversion,2H,volume,3679,109155.4988221437,104222.95911155982,0.019847227888460422,-0.013775098846748672,0.4920233085929998,weak_flat,WEAK
mean_reversion,2H,volume_zscore,3679,0.33186944345046765,0.2163224169878462,0.04606195229136726,0.0008743079320226884,0.500506281999371,weak_flat,WEAK
mean_reversion,4H,return_5m,3679,-3.3516987792285456e-05,-2.2681963842768857e-05,-0.00299173320693139,0.0029082280530328525,0.501705646779551,weak_flat,WEAK
mean_reversion,4H,return_15m,3679,-4.1384160327009016e-05,-2.250305592036324e-05,-0.0033889717039208146,0.003124014083536225,0.5018322055876171,weak_flat,WEAK
mean_reversion,4H,return_1h,3679,-0.0001379901440341151,0.00019344356614421336,-0.02814348315133095,-0.02245644796790587,0.4868294975340855,weak_flat,WEAK
mean_reversion,4H,return_4h,3679,-0.00048753162459630055,0.0006438085779518965,-0.049644908916326426,-0.04979650645102668,0.47079480151309444,weak_flat,WEAK
mean_reversion,4H,vwap,3679,1818.109652002502,1814.4674472273377,0.01333416236330023,0.021825977123955953,0.5128007372736733,weak_flat,WEAK
mean_reversion,4H,vwap_deviation_pct,3679,-0.00019339183532677133,-6.926477713487519e-05,-0.004510736530476953,-0.020225492130804403,0.48813793263289895,weak_flat,WEAK
mean_reversion,4H,vwap_zscore,3679,0.42327477324858254,0.5103649010504338,-0.006510622799312653,-0.021540510502370443,0.487366686306154,weak_flat,WEAK
mean_reversion,4H,atr,3679,3.4235205732778557,3.7485488126649082,-0.07406083718849316,-0.052652995585747195,0.46911949835138095,weak_flat,WEAK
mean_reversion,4H,atr_pct,3679,0.001916170503868957,0.002097327981945131,-0.07008906238592685,-0.051456268498143116,0.469821366054427,weak_flat,WEAK
mean_reversion,4H,realized_volatility,3679,46.41643223701296,50.527117614254266,-0.09574190574471131,-0.12171641575110742,0.4286144280700727,higher_feature_lower_event,USEFUL CANDIDATE
mean_reversion,4H,volume,3679,105820.33425797503,107468.55936675462,-0.006548058813076283,-0.028194118750169944,0.48346440556395215,weak_flat,WEAK
mean_reversion,4H,volume_zscore,3679,0.30173176966779447,0.2238807422429934,0.030641829777813434,-0.009024177081268745,0.49470740213497083,weak_flat,WEAK
mean_reversion,8H,return_5m,3679,-4.247182301774243e-05,1.886429544632579e-06,-0.011430506198078373,-0.0005022862889718241,0.49968434409749724,weak_flat,WEAK
mean_reversion,8H,return_15m,3679,-5.355599283542451e-05,1.2395423228309194e-05,-0.011047467221181535,-0.003044636444151212,0.4980866315260939,weak_flat,WEAK
mean_reversion,8H,return_1h,3679,-4.284412434529956e-05,9.40932504931493e-05,-0.010851785824431354,-0.006235528228791017,0.49608134993581837,weak_flat,WEAK
mean_reversion,8H,return_4h,3679,4.154090929300696e-05,-0.00016631722648030456,0.008512293191468909,0.012444312293709157,0.5078204931585129,weak_flat,WEAK
mean_reversion,8H,vwap,3679,1818.0700619432523,1813.2399356079695,0.016502810683586496,0.022069362359113793,0.5138692515786296,weak_flat,WEAK
mean_reversion,8H,vwap_deviation_pct,3679,5.199605541359161e-05,-0.0005900573406464989,0.021774600387724042,0.006859275940496084,0.5043106376214216,weak_flat,WEAK
mean_reversion,8H,vwap_zscore,3679,0.4621448431576576,0.45228468731948984,0.0006879160363364084,-0.0061817615595649465,0.49611513894812176,weak_flat,WEAK
mean_reversion,8H,atr,3679,3.422864937089412,3.8677480426132727,-0.09460443212990831,-0.06787429738049065,0.45734513602791077,weak_flat,CONDITIONAL
mean_reversion,8H,atr_pct,3679,0.001916455044802333,0.002162266285296125,-0.08875519252754831,-0.06881896897622568,0.45675146483246604,weak_flat,CONDITIONAL
mean_reversion,8H,realized_volatility,3679,46.65674250003399,51.46150222532012,-0.1044377608796294,-0.12565774533832197,0.42103175186749947,higher_feature_lower_event,USEFUL CANDIDATE
mean_reversion,8H,volume,3679,105676.67692907249,108396.55525606469,-0.010084249213212503,-0.023999108354541356,0.4849180205031026,weak_flat,WEAK
mean_reversion,8H,volume_zscore,3679,0.30301931421320116,0.19272368621809813,0.04051414637061565,0.008610450035287667,0.5054111440014174,weak_flat,WEAK
mean_reversion,12H,return_5m,3679,-3.286237848000886e-05,-1.709456222848853e-05,-0.0037865147976909367,0.005908474170459397,0.5039843809846349,weak_flat,WEAK
mean_reversion,12H,return_15m,3679,-3.737528566558188e-05,-2.176774415705031e-05,-0.002436408855505503,0.0073346890117596585,0.5049461559240579,weak_flat,WEAK
mean_reversion,12H,return_1h,3679,-1.2614813235033949e-05,3.3726764515839404e-05,-0.003422371144162175,6.098289653740637e-05,0.5000411238917716,weak_flat,WEAK
mean_reversion,12H,return_4h,3679,0.00011807230124030697,-0.0004588738135963775,0.022018710069435656,0.018196817774097616,0.5122710467643158,weak_flat,WEAK
mean_reversion,12H,vwap,3679,1820.4134751319402,1804.668427064053,0.050132630403851804,0.05125672151878151,0.5345650342094335,weak_flat,WEAK
mean_reversion,12H,vwap_deviation_pct,3679,-3.8727068186614704e-05,-0.0004671129603010373,0.013539146261343287,-0.005979313114231954,0.49596784272933625,weak_flat,WEAK
mean_reversion,12H,vwap_zscore,3679,0.38140577889538607,0.7031883030495101,-0.02092142118569655,-0.024913904287887187,0.4831992775096661,weak_flat,WEAK
mean_reversion,12H,atr,3679,3.3848105478750647,4.099272858749799,-0.141586539505578,-0.11579725847595446,0.4219119787445924,higher_feature_lower_event,USEFUL CANDIDATE
mean_reversion,12H,atr_pct,3679,0.001893143727808729,0.0022973622271215063,-0.13601452564545805,-0.12155505321406272,0.41802919796315785,higher_feature_lower_event,USEFUL CANDIDATE
mean_reversion,12H,realized_volatility,3679,46.52072215919688,53.09903082981913,-0.13325306258983233,-0.15469806116201276,0.39567916913611606,higher_feature_lower_event,USEFUL CANDIDATE
mean_reversion,12H,volume,3679,103529.36630824373,115820.90776152982,-0.04246953613945693,-0.05882966132627276,0.4603281444658127,weak_flat,WEAK
mean_reversion,12H,volume_zscore,3679,0.2880523564620182,0.21190432902450682,0.02606658433695846,0.002720315435431996,0.5018344481133407,weak_flat,WEAK
mean_reversion,24H,return_5m,3679,-2.678775954063485e-05,-3.974411168737733e-05,0.002760286996062667,0.0207215387697575,0.5157508549556693,weak_flat,WEAK
mean_reversion,24H,return_15m,3679,-3.508367705542519e-05,-2.6616684327092223e-05,-0.0011725955601532038,0.012819194197924431,0.5097441382518129,weak_flat,WEAK
mean_reversion,24H,return_1h,3679,-3.0365872735761546e-05,0.0001352699134597334,-0.010852101601016486,-0.005079289936750968,0.4961391246975127,weak_flat,WEAK
mean_reversion,24H,return_4h,3679,-7.378097551474922e-05,0.00022625496397520297,-0.010158586596641527,0.00012265234914581884,0.5000932306362018,weak_flat,WEAK
mean_reversion,24H,vwap,3679,1820.0245497159715,1800.481017636651,0.055205575966865254,0.05524342656570382,0.5419916932527656,weak_flat,CONDITIONAL
mean_reversion,24H,vwap_deviation_pct,3679,-0.0003032279006383754,0.0006178661965627225,-0.025826378232240883,-0.04753182861767946,0.4638700549343595,weak_flat,WEAK
mean_reversion,24H,vwap_zscore,3679,0.23626934708546196,1.5115750960772611,-0.07356079835891265,-0.0680498143841349,0.44827390136403594,higher_feature_lower_event,CONDITIONAL
mean_reversion,24H,atr,3679,3.375021174477697,4.418834703399245,-0.18351389492346615,-0.1580473326160592,0.3798648975385063,higher_feature_lower_event,USEFUL CANDIDATE
mean_reversion,24H,atr_pct,3679,0.0018869474880384568,0.0024812650805795,-0.17741530407091657,-0.16154325199012243,0.3772075682786346,higher_feature_lower_event,USEFUL CANDIDATE
mean_reversion,24H,realized_volatility,3679,46.6676072985014,54.92223557327877,-0.14834190783716114,-0.17253815896574223,0.36885010767626225,higher_feature_lower_event,USEFUL CANDIDATE
mean_reversion,24H,volume,3679,102283.5662055336,126405.61741835148,-0.07394159091302129,-0.10467468206227713,0.42043456746107366,higher_feature_lower_event,USEFUL CANDIDATE
mean_reversion,24H,volume_zscore,3679,0.2700279580437111,0.2678758046829091,0.0006535849940453832,-0.031675979931048585,0.47592241981653033,weak_flat,WEAK
mean_reversion,ALL,return_5m,22074,-3.842874179671914e-05,-1.4308308777412282e-05,-0.0065958715110458355,0.0011855325356479793,0.5007020693539118,weak_flat,WEAK
mean_reversion,ALL,return_15m,22074,-5.468726538775916e-05,-4.5171396090347364e-07,-0.009640925113947808,-0.0022896375897188963,0.49864408062593896,weak_flat,WEAK
mean_reversion,ALL,return_1h,22074,-8.706996738672777e-05,0.0001332667123088378,-0.018529430394106313,-0.015277491035490429,0.4909526952789524,weak_flat,WEAK
mean_reversion,ALL,return_4h,22074,-0.00020938612998488927,0.00027434383555829993,-0.02102222063524994,-0.02101648180556098,0.48755407433807907,weak_flat,WEAK
mean_reversion,ALL,vwap,22074,1818.5145940058508,1813.6121135936826,0.01777507112221696,0.023725316272311798,0.5140500929869647,weak_flat,WEAK
mean_reversion,ALL,vwap_deviation_pct,22074,-0.00019330974749113907,-6.194420566271103e-05,-0.004727772390076006,-0.021734293135107562,0.4871289876160435,weak_flat,WEAK
mean_reversion,ALL,vwap_zscore,22074,0.33956298512696137,0.647222443637893,-0.022778125350692364,-0.03085407691466579,0.4817282667719828,weak_flat,WEAK
mean_reversion,ALL,atr,22074,3.400615133773069,3.804072951870412,-0.09104576672783403,-0.07076800028893243,0.4580913100063288,weak_flat,CONDITIONAL
mean_reversion,ALL,atr_pct,22074,0.0019033970482153306,0.002128285718612607,-0.08616991435549104,-0.07081139898220623,0.45806560684722486,weak_flat,CONDITIONAL
mean_reversion,ALL,realized_volatility,22074,46.486489432075636,50.66366594618512,-0.09635289273883459,-0.11821740348657253,0.4299918495247934,higher_feature_lower_event,USEFUL CANDIDATE
mean_reversion,ALL,volume,22074,105598.07048099014,107916.97342967021,-0.0091237361815172,-0.03235480423068867,0.4808395385892557,weak_flat,WEAK
mean_reversion,ALL,volume_zscore,22074,0.303689076625386,0.21613068724910506,0.03413046551473769,0.00025735503215038285,0.5001524052236385,weak_flat,WEAK
upside_breakout,1H,return_5m,4206,-0.00024021518025128268,0.0003819551465651019,-0.16918029903309795,-0.18473470581579637,0.3890400613380275,higher_feature_lower_event,USEFUL CANDIDATE
upside_breakout,1H,return_15m,4206,-0.00020546398539578417,0.00030945834440801554,-0.09069321972407095,-0.1054856138018467,0.4366405389445327,higher_feature_lower_event,CONDITIONAL
upside_breakout,1H,return_1h,4206,-0.00044142338284757957,0.000795524883691765,-0.10525835840438369,-0.12700297971914107,0.4237162122642283,higher_feature_lower_event,USEFUL CANDIDATE
upside_breakout,1H,return_4h,4206,-0.00034761217891021446,0.0005592338313516023,-0.040467585168148815,-0.04035852542286559,0.47575882682457016,weak_flat,WEAK
upside_breakout,1H,vwap,4206,1815.8463343909302,1818.8181359544922,-0.010588693281417056,-0.016701884816890483,0.48996808533288433,weak_flat,WEAK
upside_breakout,1H,vwap_deviation_pct,4206,-0.0003218498840270782,0.00023093261246331595,-0.020957301793564247,-0.013454199901956431,0.491918793189482,weak_flat,WEAK
upside_breakout,1H,vwap_zscore,4206,0.3329241869612622,0.5309949366636384,-0.015445955718048899,-0.011116323093288564,0.4933230287535464,weak_flat,WEAK
upside_breakout,1H,atr,4206,3.3845601938128973,3.880888284401089,-0.11243217744210612,-0.11183571275675697,0.43282636791216506,higher_feature_lower_event,CONDITIONAL
upside_breakout,1H,atr_pct,4206,0.0018979078652806719,0.002162837629537764,-0.1019639042636841,-0.10700471931774647,0.43572807949862574,higher_feature_lower_event,CONDITIONAL
upside_breakout,1H,realized_volatility,4206,47.50922173579607,48.342416016911436,-0.01913860548765467,-0.023127990258910283,0.48610827297380044,weak_flat,WEAK
upside_breakout,1H,volume,4206,111329.16511367871,99386.55285620486,0.04646601246333828,0.015352044164281924,0.5092211387131691,weak_flat,WEAK
upside_breakout,1H,volume_zscore,4206,0.363519645217696,0.13227500982124193,0.088091600421552,0.06258872689123718,0.5375936473146625,weak_flat,WEAK
upside_breakout,2H,return_5m,4206,-0.00014629651924440254,0.00020631580975777737,-0.09645658733398538,-0.0934854586247538,0.444182822436899,higher_feature_lower_event,CONDITIONAL
upside_breakout,2H,return_15m,4206,-0.00013516720804234879,0.00017661228317822402,-0.05524265513229611,-0.0635811241640058,0.46203769823469226,weak_flat,WEAK
upside_breakout,2H,return_1h,4206,-0.00033666572460224083,0.0005843690548231114,-0.07884515142236838,-0.10183240546324786,0.439199040072662,higher_feature_lower_event,CONDITIONAL
upside_breakout,2H,return_4h,4206,-0.00044806239753106015,0.0007029395763987573,-0.051670625215592354,-0.050606975943318325,0.46978414934975904,weak_flat,WEAK
upside_breakout,2H,vwap,4206,1814.5350576003004,1820.9430243920647,-0.022968716077055615,-0.029674977714301064,0.482281994132004,weak_flat,WEAK
upside_breakout,2H,vwap_deviation_pct,4206,-0.00023545878591727862,6.991886788301069e-05,-0.011646950882925888,-0.007852157179126538,0.4953117212651134,weak_flat,WEAK
upside_breakout,2H,vwap_zscore,4206,0.3697656398985773,0.4633882313104289,-0.00734461445929708,-0.007540703465612764,0.4954976805866932,weak_flat,WEAK
upside_breakout,2H,atr,4206,3.3260880744870898,3.965425289452094,-0.14569533830929354,-0.1542046300878473,0.40792921841708235,higher_feature_lower_event,USEFUL CANDIDATE
upside_breakout,2H,atr_pct,4206,0.0018664530179511598,0.0022083720471990725,-0.13238320179378255,-0.1461355809225877,0.41274699158201567,higher_feature_lower_event,USEFUL CANDIDATE
upside_breakout,2H,realized_volatility,4206,46.655954086572,49.75601702388861,-0.07163552138177501,-0.07556640661486323,0.4548816498291665,weak_flat,CONDITIONAL
upside_breakout,2H,volume,4206,107442.42819249716,106267.58264199106,0.004598442434024177,-0.04244133997525689,0.47465959650454514,weak_flat,WEAK
upside_breakout,2H,volume_zscore,4206,0.33835342457102074,0.18115083639687687,0.06024436499768076,0.03256473356075202,0.5194433891702998,weak_flat,WEAK
upside_breakout,4H,return_5m,4206,-0.000105484689846058,0.00013467228688595893,-0.06585331633652361,-0.05439027831795729,0.4676035780637833,weak_flat,WEAK
upside_breakout,4H,return_15m,4206,-0.00013118897002342635,0.0001663053513101486,-0.05283889465106309,-0.044565489852121644,0.4734554739466515,weak_flat,WEAK
upside_breakout,4H,return_1h,4206,-0.00043063490236307244,0.0007285680364903859,-0.0994732892557826,-0.1116143028080422,0.43351919948403494,higher_feature_lower_event,CONDITIONAL
upside_breakout,4H,return_4h,4206,-0.0007233020346147276,0.0011438341613007386,-0.08402174368165916,-0.08544110752491843,0.4491087329014372,higher_feature_lower_event,CONDITIONAL
upside_breakout,4H,vwap,4206,1814.3214395628022,1821.2191453814728,-0.024783873222485847,-0.032516747416541404,0.48063205721821667,weak_flat,WEAK
upside_breakout,4H,vwap_deviation_pct,4206,-0.00045156964886138007,0.00042326583225333865,-0.033446403304681925,-0.027562468628996292,0.4835829731524889,weak_flat,WEAK
upside_breakout,4H,vwap_zscore,4206,0.32119621267250636,0.5425011380541116,-0.017403134189993542,-0.021166188455645562,0.4873927880403916,weak_flat,WEAK
upside_breakout,4H,atr,4206,3.2707020174482015,4.049261394343363,-0.17785064921461372,-0.1863175789731971,0.3890237093653437,higher_feature_lower_event,USEFUL CANDIDATE
upside_breakout,4H,atr_pct,4206,0.0018367718147573864,0.0022533079178245303,-0.1616628765974595,-0.17586881625521322,0.39524729744038967,higher_feature_lower_event,USEFUL CANDIDATE
upside_breakout,4H,realized_volatility,4206,46.35582094766564,50.214685137460904,-0.0893851664341632,-0.09122628436488632,0.4456629092344272,higher_feature_lower_event,CONDITIONAL
upside_breakout,4H,volume,4206,103843.56412213741,112226.81715006306,-0.032892023809659825,-0.0753885114021975,0.4550963584032036,weak_flat,CONDITIONAL
upside_breakout,4H,volume_zscore,4206,0.31796849155354123,0.21670907957537938,0.03889915649423022,0.014579607735162732,0.5086840484006045,weak_flat,WEAK
upside_breakout,8H,return_5m,4206,-9.06186772949929e-05,0.00011678361345888267,-0.05649173179774152,-0.050243768985614265,0.4698720848978716,weak_flat,WEAK
upside_breakout,8H,return_15m,4206,-9.761331978437487e-05,0.00011776570870396347,-0.037998578840374185,-0.029600200226679804,0.4822506667707321,weak_flat,WEAK
upside_breakout,8H,return_1h,4206,-0.0003000594772427066,0.0005398725246891019,-0.07159456102612717,-0.07657970143699609,0.4540800759027167,weak_flat,CONDITIONAL
upside_breakout,8H,return_4h,4206,-0.00036094189659958514,0.0005753390585992682,-0.04185147591441882,-0.043803583793430786,0.47373380634319395,weak_flat,WEAK
upside_breakout,8H,vwap,4206,1811.5202121268221,1826.3226382011826,-0.05283069309663576,-0.05974929865237233,0.4641721859958024,weak_flat,WEAK
upside_breakout,8H,vwap_deviation_pct,4206,-0.00011086063897952246,-0.00014052384582978247,0.0011264969771672283,0.006068950706074274,0.5036391596554621,weak_flat,WEAK
upside_breakout,8H,vwap_zscore,4206,0.40086120345141885,0.411231666278207,-0.0008100716342553063,0.008492788865485594,0.5050925796069986,weak_flat,WEAK
upside_breakout,8H,atr,4206,3.166696528854897,4.256105165193115,-0.24719713089164747,-0.2518784499696887,0.3489646913342366,higher_feature_lower_event,USEFUL CANDIDATE
upside_breakout,8H,atr_pct,4206,0.0017780491098593693,0.002369328560195232,-0.22794986269969328,-0.23350420544624545,0.3599825365214751,higher_feature_lower_event,USEFUL CANDIDATE
upside_breakout,8H,realized_volatility,4206,46.04217879262881,50.88865273992536,-0.11151177742872816,-0.09710910920846737,0.4417699089143009,higher_feature_lower_event,CONDITIONAL
upside_breakout,8H,volume,4206,99054.6593036316,120838.35504885993,-0.08489819967042708,-0.10651912521076297,0.43612732729509984,higher_feature_lower_event,CONDITIONAL
upside_breakout,8H,volume_zscore,4206,0.29763288259139375,0.24873004473955515,0.018660691873552383,0.006615626068760767,0.5039669657328014,weak_flat,WEAK
upside_breakout,12H,return_5m,4206,-7.748757836594395e-05,0.00010311167641210625,-0.04861981539406175,-0.04217289100889056,0.4744144810379665,weak_flat,WEAK
upside_breakout,12H,return_15m,4206,-9.247014817249954e-05,0.00011959205425032253,-0.03697883458746274,-0.02716959315113964,0.48351668654452995,weak_flat,WEAK
upside_breakout,12H,return_1h,4206,-0.00021959991355776867,0.000433030627352648,-0.05498311080372482,-0.059084967741789736,0.4641541829773752,weak_flat,WEAK
upside_breakout,12H,return_4h,4206,-0.0001998550582123801,0.0003215313686741372,-0.0230351116548444,-0.03390040774980505,0.4794332149982536,weak_flat,WEAK
upside_breakout,12H,vwap,4206,1811.2191883928383,1827.6830386668807,-0.05807788965467582,-0.07039532248382435,0.4572923878477804,weak_flat,CONDITIONAL
upside_breakout,12H,vwap_deviation_pct,4206,0.0001643029707654743,-0.0006612777877126352,0.030988282378121363,0.028662626781295306,0.5173891148537697,weak_flat,WEAK
upside_breakout,12H,vwap_zscore,4206,0.4650585645650679,0.2906622430792148,0.013464450003235165,0.024985994726562006,0.5151585664269756,weak_flat,WEAK
upside_breakout,12H,atr,4206,3.1048732006443913,4.4310716736935,-0.29743162740947693,-0.3008122237423681,0.317502489830332,higher_feature_lower_event,USEFUL CANDIDATE
upside_breakout,12H,atr_pct,4206,0.0017435686202368842,0.002466038692726742,-0.27529125961408646,-0.2807662496639297,0.32966402208277895,higher_feature_lower_event,USEFUL CANDIDATE
upside_breakout,12H,realized_volatility,4206,45.34449784875326,52.46445911096381,-0.16191925554924302,-0.14982399082811695,0.4091044025992605,higher_feature_lower_event,USEFUL CANDIDATE
upside_breakout,12H,volume,4206,95278.90760276464,129128.45092656143,-0.13039043794014604,-0.14530474615320807,0.4118461495825649,higher_feature_lower_event,USEFUL CANDIDATE
upside_breakout,12H,volume_zscore,4206,0.29274424789098563,0.25533569706555276,0.014108816203530009,0.012058933376295336,0.507315944176868,weak_flat,WEAK
upside_breakout,24H,return_5m,4206,-4.560463393938767e-05,5.083292207968812e-05,-0.025412303395362032,-0.027344177668092717,0.4830517352446354,weak_flat,WEAK
upside_breakout,24H,return_15m,4206,-3.9818150038723555e-05,2.5593153981747245e-05,-0.011164601953727536,-0.013667867893926459,0.4915284735642823,weak_flat,WEAK
upside_breakout,24H,return_1h,4206,-0.00012078805273670839,0.0002792717465854871,-0.032990379483410645,-0.04236623953043265,0.4737408349021104,weak_flat,WEAK
upside_breakout,24H,return_4h,4206,3.092431114347242e-05,-0.00012677225353295514,0.006819512308576507,-0.013870096128376953,0.49140312775578365,weak_flat,WEAK
upside_breakout,24H,vwap,4206,1805.8537516219917,1840.6481140341448,-0.1201403205831353,-0.13729164702828522,0.4149047893043803,higher_feature_lower_event,USEFUL CANDIDATE
upside_breakout,24H,vwap_deviation_pct,4206,0.0004777098691184542,-0.0014064908630005584,0.06922541929823602,0.06574457923599646,0.5407493750951169,weak_flat,CONDITIONAL
upside_breakout,24H,vwap_zscore,4206,0.5160666990265422,0.1658158365827087,0.026468601508800347,0.05448604445153186,0.5337711837022304,weak_flat,WEAK
upside_breakout,24H,atr,4206,3.064126319984062,4.636362908392058,-0.34514136074414975,-0.34897129207856614,0.28370290802275716,higher_feature_lower_event,USEFUL CANDIDATE
upside_breakout,24H,atr_pct,4206,0.0017259768836837028,0.00256800210009656,-0.3140495268022198,-0.3199962493808805,0.30166201766620176,higher_feature_lower_event,USEFUL CANDIDATE
upside_breakout,24H,realized_volatility,4206,44.97739779635396,53.884577452132895,-0.1982720806627573,-0.18809505998466713,0.3834161501689693,higher_feature_lower_event,USEFUL CANDIDATE
upside_breakout,24H,volume,4206,92135.5170850767,138876.83632286996,-0.1762358998768327,-0.1996792257900848,0.37623612857092226,higher_feature_lower_event,USEFUL CANDIDATE
upside_breakout,24H,volume_zscore,4206,0.25004345590374705,0.34353768052681855,-0.0345147681353634,-0.049745166184685094,0.4691672764570864,weak_flat,WEAK
upside_breakout,ALL,return_5m,25236,-0.00011662314605162732,0.00016834508306070006,-0.07724148775964922,-0.07560908205845171,0.4544406009056193,weak_flat,CONDITIONAL
upside_breakout,ALL,return_15m,25236,-0.00011588449199527727,0.00015557144341355343,-0.047659132109204624,-0.047515245859931485,0.47136893334203567,weak_flat,WEAK
upside_breakout,ALL,return_1h,25236,-0.0003051523344997581,0.0005680763001361411,-0.07407074581764546,-0.08665306651421856,0.44778580556072084,higher_feature_lower_event,CONDITIONAL
upside_breakout,ALL,return_4h,25236,-0.000334868632795749,0.0005495598273450272,-0.039341430286874805,-0.04486145447179612,0.472968011056913,weak_flat,WEAK
upside_breakout,ALL,vwap,25236,1812.1254774471427,1825.5671683777725,-0.04774085138555172,-0.05717151796929094,0.4655503847712123,weak_flat,WEAK
upside_breakout,ALL,vwap_deviation_pct,25236,-7.038690390298545e-05,-0.00021413477348797134,0.005432455710616473,0.008196127236637296,0.5049387079388028,weak_flat,WEAK
upside_breakout,ALL,vwap_zscore,25236,0.40294557952727134,0.40771025285444285,-0.00037037465761235983,0.007690992434415877,0.5046343308609623,weak_flat,WEAK
upside_breakout,ALL,atr,25236,3.2168218026582176,4.190449620887663,-0.21985099364445973,-0.224574327721155,0.36467914386917244,higher_feature_lower_event,USEFUL CANDIDATE
upside_breakout,ALL,atr_pct,25236,0.0018066752608414008,0.002331133865261871,-0.20120585359131046,-0.20955716531018198,0.37372796857958324,higher_feature_lower_event,USEFUL CANDIDATE
upside_breakout,ALL,realized_volatility,25236,46.12879954749019,50.84233093600001,-0.10792550915686983,-0.10350079256941774,0.4376339372026782,higher_feature_lower_event,CONDITIONAL
upside_breakout,ALL,volume,25236,101358.48619839802,117179.98989562514,-0.061361719666542046,-0.09152977920084254,0.4448472634591932,higher_feature_lower_event,CONDITIONAL
upside_breakout,ALL,volume_zscore,25236,0.3091910869881798,0.2267929099092627,0.031289176304855594,0.013444488050223613,0.50810119193489,weak_flat,WEAK
downside_breakdown,1H,return_5m,4206,0.00018978789246539715,-0.00040402418760701766,0.15968085224407197,0.1557236487984544,0.594582102997848,higher_feature_higher_event,USEFUL CANDIDATE
downside_breakdown,1H,return_15m,4206,0.00014184948357170939,-0.00032475309724628443,0.08127248722638011,0.09187284110280351,0.5558010109604123,higher_feature_higher_event,CONDITIONAL
downside_breakdown,1H,return_1h,4206,0.00019319504386360736,-0.0003484138477279999,0.0455778842893303,0.07440461616011429,0.5451913067414044,weak_flat,CONDITIONAL
downside_breakdown,1H,return_4h,4206,8.395660000539577e-05,-0.00021538947619481784,0.01321023770374068,0.03217538631625563,0.5195424403183024,weak_flat,WEAK
downside_breakdown,1H,vwap,4206,1821.6496829116022,1807.9373862932296,0.04831656826241665,0.052153909229793065,0.5316768430008508,weak_flat,WEAK
downside_breakdown,1H,vwap_deviation_pct,4206,-0.000182537918208267,-6.02646033174951e-06,-0.006617855897177543,-0.0034995323769254527,0.49787448075671886,weak_flat,WEAK
downside_breakdown,1H,vwap_zscore,4206,0.40869661177909633,0.39694691040868835,0.0009061176469279261,-0.00016274020354197714,0.4999011560982934,weak_flat,WEAK
downside_breakdown,1H,atr,4206,3.4559027057847826,3.770275862068966,-0.07042559763916982,-0.06211732108233309,0.4622716580751714,weak_flat,WEAK
downside_breakdown,1H,atr_pct,4206,0.0019264432098787473,0.0021219386385574,-0.07440731442097408,-0.06564569010419591,0.4601286221910815,weak_flat,WEAK
downside_breakdown,1H,realized_volatility,4206,47.527611644719784,48.34940952968913,-0.01866776601766319,-0.023504217397129757,0.48572418797857964,weak_flat,WEAK
downside_breakdown,1H,volume,4206,109613.01124818578,102047.18,0.02911092748444152,0.01439550403778873,0.5087434312596967,weak_flat,WEAK
downside_breakdown,1H,volume_zscore,4206,0.34104607532573655,0.16334832033041363,0.06694345063702753,0.045523584937132204,0.527649767278915,weak_flat,WEAK
downside_breakdown,2H,return_5m,4206,0.00013165089373094106,-0.0002660931704160778,0.10855849085682506,0.09948771968106852,0.5595343470656821,higher_feature_higher_event,CONDITIONAL
downside_breakdown,2H,return_15m,4206,9.468558938239421e-05,-0.00021383209011814215,0.0545422120129456,0.06011772130791006,0.5359750291488535,weak_flat,WEAK
downside_breakdown,2H,return_1h,4206,0.00015897935015477045,-0.0002548410918248827,0.03534570047642967,0.06144141596044226,0.5367671492421298,weak_flat,WEAK
downside_breakdown,2H,return_4h,4206,0.0003292508357146245,-0.0006164003680810696,0.04235691475865247,0.03898018445405584,0.5233261270890012,weak_flat,WEAK
downside_breakdown,2H,vwap,4206,1822.1102178464928,1808.032901696305,0.050345658100847394,0.05960746413063568,0.5356696949086669,weak_flat,WEAK
downside_breakdown,2H,vwap_deviation_pct,4206,-3.4752590618600815e-05,-0.00027065160605162377,0.008976908721618227,0.0005768136915089605,0.500345171006607,weak_flat,WEAK
downside_breakdown,2H,vwap_zscore,4206,0.43729128102599,0.34870660629081174,0.006933821086044013,0.004293426048620883,0.5025692285270112,weak_flat,WEAK
downside_breakdown,2H,atr,4206,3.4219059272805517,3.8082488479262677,-0.08784444859561735,-0.07409641110657428,0.4556599786241741,weak_flat,CONDITIONAL
downside_breakdown,2H,atr_pct,4206,0.0019059927715077867,0.0021443688459415328,-0.09208692338582061,-0.07786416546019725,0.4534053148076176,weak_flat,CONDITIONAL
downside_breakdown,2H,realized_volatility,4206,47.82111095253362,47.793465045785595,0.0006374035017512047,0.0016878193731838548,0.5010100077730276,weak_flat,WEAK
downside_breakdown,2H,volume,4206,105656.55873493975,109314.87096774194,-0.014286848454290856,-0.024809686487828324,0.48515363874854256,weak_flat,WEAK
downside_breakdown,2H,volume_zscore,4206,0.30163372711910763,0.24234765732159994,0.022669142431958167,0.0017275996277706796,0.501033812670035,weak_flat,WEAK
downside_breakdown,4H,return_5m,4206,7.522356921713973e-05,-0.0001719537270819677,0.06731621517839326,0.059993824811790934,0.5359793776202484,weak_flat,WEAK
downside_breakdown,4H,return_15m,4206,4.8777295669026735e-05,-0.00013708458168912698,0.032786422634324755,0.03822865646885862,0.5229264417709562,weak_flat,WEAK
downside_breakdown,4H,return_1h,4206,0.00015399702855844465,-0.0002504788778524524,0.03447214690403662,0.05705881566772238,0.5342192489206723,weak_flat,WEAK
downside_breakdown,4H,return_4h,4206,0.0003153778734984367,-0.0006020991061639101,0.041005256954694744,0.056779337230227885,0.5340516408512831,weak_flat,WEAK
downside_breakdown,4H,vwap,4206,1822.1883736253594,1807.749936051237,0.051524451803147936,0.06391822332083935,0.5383329657503767,weak_flat,WEAK
downside_breakdown,4H,vwap_deviation_pct,4206,-0.00011416170420736806,-0.0001347932180058234,0.0007833986123112271,-0.0010300401693495156,0.4993822654560501,weak_flat,WEAK
downside_breakdown,4H,vwap_zscore,4206,0.4247143008510086,0.36968987632457145,0.004297546335757698,0.00226307798660796,0.5013572106113717,weak_flat,WEAK
downside_breakdown,4H,atr,4206,3.4209647668947833,3.8139178617992173,-0.0891524121943129,-0.07190327600769521,0.45687824969357244,weak_flat,CONDITIONAL
downside_breakdown,4H,atr_pct,4206,0.0019062292456541782,0.002146443264632395,-0.0925943892825989,-0.07533084058424033,0.4548226721264121,weak_flat,CONDITIONAL
downside_breakdown,4H,realized_volatility,4206,48.0982856654857,47.31037953893038,0.018126297599755453,0.021510834926814507,0.5129004539812162,weak_flat,WEAK
downside_breakdown,4H,volume,4206,103003.16729041917,113974.84159061278,-0.04275428007744483,-0.04882276507441343,0.47072006573554326,weak_flat,WEAK
downside_breakdown,4H,volume_zscore,4206,0.26273486398923696,0.30948532692150504,-0.017836899616891232,-0.032575223760135254,0.48046402306208963,weak_flat,WEAK
downside_breakdown,8H,return_5m,4206,4.193078666708798e-05,-0.00011728394643365314,0.04316202072359675,0.04718949512509638,0.5284305344353485,weak_flat,WEAK
downside_breakdown,8H,return_15m,4206,-1.741903623600253e-05,-2.1873329095426432e-05,0.0007821497017778638,0.023422869163327528,0.5141117316950181,weak_flat,WEAK
downside_breakdown,8H,return_1h,4206,5.102033985422534e-05,-7.371074386373052e-05,0.010581756749981457,0.031078251947434753,0.5187239252988126,weak_flat,WEAK
downside_breakdown,8H,return_4h,4206,0.00031193344797491386,-0.0006154450027908004,0.04125805636472456,0.054117977905576244,0.5326048257156138,weak_flat,WEAK
downside_breakdown,8H,vwap,4206,1825.200534115225,1802.0196351411378,0.08234379106193394,0.08804922219582503,0.5530476130445402,higher_feature_higher_event,CONDITIONAL
downside_breakdown,8H,vwap_deviation_pct,4206,-0.00018325347229959137,-1.0849188392094199e-05,-0.006516391364498888,-0.005090514238568919,0.4969330833051001,weak_flat,WEAK
downside_breakdown,8H,vwap_zscore,4206,0.4447115964758328,0.332517127353619,0.008722558883375255,-0.00013813373576078154,0.4999167776298269,weak_flat,WEAK
downside_breakdown,8H,atr,4206,3.423216927303467,3.818235210195929,-0.08921070774575503,-0.06357871177280927,0.4616953036976339,weak_flat,WEAK
downside_breakdown,8H,atr_pct,4206,0.0019028311966009567,0.002157678399950113,-0.09778530563920161,-0.07096518504787251,0.45724512287364383,weak_flat,CONDITIONAL
downside_breakdown,8H,realized_volatility,4206,47.999854023822024,47.470796425088025,0.01211560172184364,0.02820135079854583,0.5169906593969382,weak_flat,WEAK
downside_breakdown,8H,volume,4206,100547.9049556213,118628.71837549933,-0.07013455712768256,-0.06328813718661651,0.46187036613903354,weak_flat,WEAK
downside_breakdown,8H,volume_zscore,4206,0.23616424294567293,0.3583155360530827,-0.046391554431488326,-0.058280176100301805,0.4648875463878537,weak_flat,WEAK
downside_breakdown,12H,return_5m,4206,7.230906072028514e-06,-5.548297773314851e-05,0.016960465177219084,0.019611040670743225,0.5118436287704853,weak_flat,WEAK
downside_breakdown,12H,return_15m,4206,-2.8334311928681937e-05,-1.9417805097351735e-06,-0.004623253536564189,0.02300835903994835,0.5138953764547541,weak_flat,WEAK
downside_breakdown,12H,return_1h,4206,0.00011506357618709484,-0.00019227958650497705,0.02601130736420688,0.04680387650374762,0.5282661457920989,weak_flat,WEAK
downside_breakdown,12H,return_4h,4206,0.00029874938241638454,-0.0006012978943742806,0.03994593893162579,0.056153016652663215,0.5339123485868102,weak_flat,WEAK
downside_breakdown,12H,vwap,4206,1827.7746998842294,1797.0582453192822,0.10884969495335364,0.11520317491424942,0.5695743606998654,higher_feature_higher_event,CONDITIONAL
downside_breakdown,12H,vwap_deviation_pct,4206,-0.0003065070127793116,0.00021661251998432503,-0.019724935407246843,-0.022366000759629183,0.48649255799224134,weak_flat,WEAK
downside_breakdown,12H,vwap_zscore,4206,0.37509140009966524,0.45874311836116977,-0.006487880990213338,-0.01404941746742404,0.49151517100783787,weak_flat,WEAK
downside_breakdown,12H,atr,4206,3.395950630252102,3.872397135166315,-0.1073419499150832,-0.08168203536736038,0.45066997862402025,weak_flat,CONDITIONAL
downside_breakdown,12H,atr_pct,4206,0.0018856011743745304,0.002191960510117991,-0.11726823574899506,-0.09296744721934223,0.44385440582693375,higher_feature_lower_event,CONDITIONAL
downside_breakdown,12H,realized_volatility,4206,48.10340061609388,47.275566510849,0.0189121495370077,0.024717880207959304,0.5149278065869686,weak_flat,WEAK
downside_breakdown,12H,volume,4206,99048.05367647059,121568.75100942126,-0.08714680609908745,-0.08192147954399322,0.4505253691315019,weak_flat,CONDITIONAL
downside_breakdown,12H,volume_zscore,4206,0.22730408019071233,0.37584855313465154,-0.0562798459075368,-0.057202984652173446,0.4654535468292297,weak_flat,WEAK
downside_breakdown,24H,return_5m,4206,2.55131702462597e-05,-9.082611460415714e-05,0.03134529312194908,0.044295813436784466,0.5268518952431471,weak_flat,WEAK
downside_breakdown,24H,return_15m,4206,-1.1399385693134811e-05,-3.3293365213077575e-05,0.0038208787298650176,0.026983518361192362,0.5163572904244754,weak_flat,WEAK
downside_breakdown,24H,return_1h,4206,7.349368837006517e-05,-0.00011930315951091432,0.01625587822307411,0.0422424106467403,0.5256071697782103,weak_flat,WEAK
downside_breakdown,24H,return_4h,4206,7.985378726737569e-05,-0.00020523197204466072,0.012605344475176476,0.03698847720704015,0.5224222579397207,weak_flat,WEAK
downside_breakdown,24H,vwap,4206,1832.5361380128804,1787.6173553503515,0.15858276704469965,0.16817026264621276,0.6019440998990958,higher_feature_higher_event,USEFUL CANDIDATE
downside_breakdown,24H,vwap_deviation_pct,4206,-0.0008487783895521887,0.0012429788172833003,-0.07857742817190204,-0.08227296240327359,0.4501264791630938,weak_flat,CONDITIONAL
downside_breakdown,24H,vwap_zscore,4206,0.09590819380982919,0.9841099851857841,-0.06862961089434948,-0.07298760130076747,0.45575522567831117,weak_flat,CONDITIONAL
downside_breakdown,24H,atr,4206,3.342124375260309,3.981243892906001,-0.14345288876847603,-0.14013099632533996,0.4150531890497063,higher_feature_lower_event,USEFUL CANDIDATE
downside_breakdown,24H,atr_pct,4206,0.001851081764474471,0.0022617784887935077,-0.1566182598433067,-0.15486827662677297,0.4061195076037059,higher_feature_lower_event,USEFUL CANDIDATE
downside_breakdown,24H,realized_volatility,4206,47.53049258737318,48.33725708012651,-0.018361841638837303,-0.024999871526905994,0.4848451839207444,weak_flat,WEAK
downside_breakdown,24H,volume,4206,96417.07653061225,126876.47879616963,-0.11742563048025605,-0.11668484563606976,0.4292661416726159,higher_feature_lower_event,USEFUL CANDIDATE
downside_breakdown,24H,volume_zscore,4206,0.23327496217737675,0.36708040483044324,-0.05050589420783569,-0.05953264799333633,0.46391156130226174,weak_flat,WEAK
downside_breakdown,ALL,return_5m,25236,7.856107759978288e-05,-0.00018404413129173176,0.07114109902945302,0.07099582558700075,0.5428029585344274,weak_flat,CONDITIONAL
downside_breakdown,ALL,return_15m,25236,3.7983307862465046e-05,-0.00012210970670989204,0.0280919713730234,0.04390661745255095,0.5264710690309723,weak_flat,WEAK
downside_breakdown,ALL,return_1h,25236,0.0001242169186739797,-0.00020651164205192632,0.02803841743335186,0.05215918033241015,0.531446502974413,weak_flat,WEAK
downside_breakdown,ALL,return_4h,25236,0.00023527870065340563,-0.00047966735843998654,0.031785112978072676,0.04588169521834053,0.5276618396606958,weak_flat,WEAK
downside_breakdown,ALL,vwap,25236,1825.2674864430003,1801.8262720064236,0.08321074481976339,0.09107524130931458,0.5549087978541006,higher_feature_higher_event,CONDITIONAL
downside_breakdown,ALL,vwap_deviation_pct,25236,-0.0002804997429052488,0.00016560603309416516,-0.016849835717570424,-0.018862478065551063,0.48862790830703157,weak_flat,WEAK
downside_breakdown,ALL,vwap_zscore,25236,0.3635596212957191,0.47897087351254447,-0.00896642527041518,-0.013385777843798099,0.4919297829006154,weak_flat,WEAK
downside_breakdown,ALL,atr,25236,3.4099200977462125,3.8435202264342965,-0.09785610119692287,-0.08218806427638833,0.4504492384963538,weak_flat,CONDITIONAL
downside_breakdown,ALL,atr_pct,25236,0.0018962895608887604,0.0021703064481790085,-0.10506783228931665,-0.0895312003619173,0.446022096547498,higher_feature_lower_event,CONDITIONAL
downside_breakdown,ALL,realized_volatility,25236,47.84482613197741,47.74959202676813,0.002179381477761575,0.0046711788375503925,0.5028162298649345,weak_flat,WEAK
downside_breakdown,ALL,volume,25236,102375.2424932316,115379.42776046305,-0.050407593059197335,-0.05349175252342795,0.4677500956660119,weak_flat,WEAK
downside_breakdown,ALL,volume_zscore,25236,0.26704722044449175,0.30282912531134226,-0.013580101957218796,-0.02674224665093965,0.48387723606974653,weak_flat,WEAK
range_continuation,1H,return_5m,4206,0.00027421215762968206,-2.7928457373046853e-05,0.03469057868121693,0.03841083615560689,0.5546398545005319,higher_feature_higher_event,CONDITIONAL
range_continuation,1H,return_15m,4206,-8.147294350327407e-05,-1.620079789053136e-05,-0.004854258786061658,-0.005507863979647696,0.49216499090628324,weak_flat,WEAK
range_continuation,1H,return_1h,4206,0.0015742849458372588,-6.40248729227433e-05,0.058865797497383375,0.03554491686606216,0.5505631241206548,higher_feature_higher_event,CONDITIONAL
range_continuation,1H,return_4h,4206,0.001841619010013747,-0.0001029225817838766,0.036639785394625014,0.015762734847449972,0.5224227034075701,weak_flat,WEAK
range_continuation,1H,vwap,4206,1832.2705309680734,1816.23224102468,0.02412918003528497,0.019443006034633663,0.527657938986308,weak_flat,WEAK
range_continuation,1H,vwap_deviation_pct,4206,0.0019404401295659074,-0.00021441802074893165,0.03449544192210415,0.017216895465046338,0.5244912666003225,weak_flat,WEAK
range_continuation,1H,vwap_zscore,4206,0.6394541704204889,0.3940868763502308,0.008079287362652454,0.008575881095451833,0.5121993068185717,weak_flat,WEAK
range_continuation,1H,atr,4206,5.021586424625099,3.4987480035492466,0.1456590701827846,0.12601697087862623,0.6792608352493051,higher_feature_higher_event,USEFUL CANDIDATE
range_continuation,1H,atr_pct,4206,0.0027759045121645352,0.0019586707566788264,0.13280790990819585,0.1173638879120296,0.66695171751141,higher_feature_higher_event,USEFUL CANDIDATE
range_continuation,1H,realized_volatility,4206,47.32291015269412,47.83286826664828,-0.004946072270868137,0.003002402703628509,0.5042709584434302,weak_flat,WEAK
range_continuation,1H,volume,4206,115039.19337016574,106643.42260869565,0.013792995235873518,0.03255168061652849,0.5463052057238942,weak_flat,CONDITIONAL
range_continuation,1H,volume_zscore,4206,0.11728578826572406,0.28709299885732514,-0.027313723173151064,0.008559477159741825,0.5121759719982155,weak_flat,WEAK
range_continuation,2H,return_5m,4206,-7.111784777966292e-05,-1.237014025649088e-05,-0.006780655671289204,-0.003035651907590221,0.4957043448259937,weak_flat,WEAK
range_continuation,2H,return_15m,4206,-0.00018240130114473982,-1.15772747138936e-05,-0.01277092404639569,-0.008986958607991473,0.4872828232200367,weak_flat,WEAK
range_continuation,2H,return_1h,4206,0.0006434624714760252,-2.2497680983746093e-05,0.02405434709763392,0.01132428519433952,0.5160246614752061,weak_flat,WEAK
range_continuation,2H,return_4h,4206,0.00011159802065423156,-2.519333548280872e-05,0.0025910313698095117,0.0015420609398024054,0.5021821249128984,weak_flat,WEAK
range_continuation,2H,vwap,4206,1817.6341826390094,1816.8900524003527,0.0011254126377377893,-2.5437046256363883e-05,0.49996400478668424,weak_flat,WEAK
range_continuation,2H,vwap_deviation_pct,4206,-7.927839222040363e-05,-0.0001236154422785699,0.0007134904292445224,-0.0034052045884698447,0.49518139550046253,weak_flat,WEAK
range_continuation,2H,vwap_zscore,4206,0.3686142460161068,0.4062849801478598,-0.0012469205919545246,-0.004291181709021688,0.4939276754291241,weak_flat,WEAK
range_continuation,2H,atr,4206,5.372736143637786,3.4820176840311077,0.18179791727971095,0.16087924752463628,0.7276554619680009,higher_feature_higher_event,USEFUL CANDIDATE
range_continuation,2H,atr_pct,4206,0.0030093413744172377,0.0019476457968719122,0.1734426837648813,0.15408850727994164,0.718046098322623,higher_feature_higher_event,USEFUL CANDIDATE
range_continuation,2H,realized_volatility,4206,49.4705119287985,47.73543073028259,0.01691702872607215,0.01656431655558277,0.5234396754182575,weak_flat,WEAK
range_continuation,2H,volume,4206,138349.20218579235,105578.91275167785,0.05411985479100045,0.07804277787095847,0.6104360310726981,higher_feature_higher_event,USEFUL CANDIDATE
range_continuation,2H,volume_zscore,4206,0.23523495249191848,0.2818120934056199,-0.007531403802019846,0.015253108812707559,0.5215842240450742,weak_flat,WEAK
range_continuation,4H,return_5m,4206,7.571289220503424e-06,-1.594374131055486e-05,0.002707013569514133,-0.010330923310069299,0.4853427511851965,weak_flat,WEAK
range_continuation,4H,return_15m,4206,0.00019176717722820598,-2.8542853016653788e-05,0.01642751062310563,-0.0027794187359571824,0.4960566272693509,weak_flat,WEAK
range_continuation,4H,return_1h,4206,0.0015602570871398526,-6.379754676365583e-05,0.05850730357400823,0.02201784190436494,0.5312383938129465,weak_flat,WEAK
range_continuation,4H,return_4h,4206,0.0018844272331127313,-0.0001053419749736909,0.03759073700735079,0.014629478564774973,0.5207559587529766,weak_flat,WEAK
range_continuation,4H,vwap,4206,1814.2803422376983,1817.0419269240301,-0.00416567438102861,-0.002602336027119201,0.496307867083215,weak_flat,WEAK
range_continuation,4H,vwap_deviation_pct,4206,0.0012611151575501157,-0.00018422858567026382,0.023198324725667876,0.020418328828166042,0.5289690428855439,weak_flat,WEAK
range_continuation,4H,vwap_zscore,4206,0.5276605219321867,0.39908217374854116,0.004244892283162704,0.010545042843618747,0.514961057828851,weak_flat,WEAK
range_continuation,4H,atr,4206,5.803375196232337,3.4630103308719127,0.22444489286932504,0.18694859672222877,0.7652382408843641,higher_feature_higher_event,USEFUL CANDIDATE
range_continuation,4H,atr_pct,4206,0.0032262286991746898,0.0019381001215418151,0.20988398955336302,0.18143979531092042,0.7574224979791581,higher_feature_higher_event,USEFUL CANDIDATE
range_continuation,4H,realized_volatility,4206,51.406271239197366,47.64831017528903,0.03654438671182794,0.038497057478104724,0.5546187162737859,higher_feature_higher_event,CONDITIONAL
range_continuation,4H,volume,4206,169097.02197802198,104196.37475149105,0.10690290136745424,0.11702716689678784,0.6660353811198741,higher_feature_higher_event,USEFUL CANDIDATE
range_continuation,4H,volume_zscore,4206,0.3502130993735222,0.27660021470945545,0.011871922764256686,0.028944251485062862,0.5410654206628361,weak_flat,CONDITIONAL
range_continuation,8H,return_5m,4206,-5.855353931546586e-05,-1.250672727900205e-05,-0.005812862813829149,-0.016745628365710148,0.47833447827543335,weak_flat,WEAK
range_continuation,8H,return_15m,4206,0.0003211134908401502,-3.787224485800616e-05,0.02935352745634324,-0.0010961591427517188,0.49858178576903206,weak_flat,WEAK
range_continuation,8H,return_1h,4206,0.0016110800581926427,-8.251022112373199e-05,0.06690574642810847,0.05557543145908777,0.5719036886060282,higher_feature_higher_event,USEFUL CANDIDATE
range_continuation,8H,return_4h,4206,0.0003213535978705638,-3.813036285997734e-05,0.007447375856512024,0.01725462903843664,0.5223240999903485,weak_flat,WEAK
range_continuation,8H,vwap,4206,1799.1608552538892,1817.9074497411414,-0.031009513905115874,-0.028642745572022527,0.4629419145324378,weak_flat,WEAK
range_continuation,8H,vwap_deviation_pct,4206,-0.0005915500561910487,-9.562868447799218e-05,-0.00872858651446691,-0.008587162963229955,0.4888898982042387,weak_flat,WEAK
range_continuation,8H,vwap_zscore,4206,-0.15940125749957024,0.4359268657624072,-0.02155265865876584,-0.019176636959278053,0.47518919931644116,weak_flat,WEAK
range_continuation,8H,atr,4206,5.94788299935359,3.4320917727191262,0.26457352036332576,0.22362388315346743,0.7893253546954927,higher_feature_higher_event,USEFUL CANDIDATE
range_continuation,8H,atr_pct,4206,0.0033808435668071833,0.0019169189671442083,0.26156788689019106,0.2169056193756249,0.7806332570669422,higher_feature_higher_event,USEFUL CANDIDATE
range_continuation,8H,realized_volatility,4206,55.099376520750965,47.40672002504668,0.08203333383674886,0.061878563592107194,0.580058704304036,higher_feature_higher_event,USEFUL CANDIDATE
range_continuation,8H,volume,4206,189115.86877828054,102451.0070263488,0.15654137083227257,0.15229806811838686,0.697043778422478,higher_feature_higher_event,USEFUL CANDIDATE
range_continuation,8H,volume_zscore,4206,0.42869504975791534,0.2715273380377241,0.02779560783237757,0.041249889111988625,0.5533692523433463,higher_feature_higher_event,CONDITIONAL
range_continuation,12H,return_5m,4206,0.0002538490456683881,-3.061716632878892e-05,0.03674250985185119,0.031925701025290854,0.5403701646911824,weak_flat,CONDITIONAL
range_continuation,12H,return_15m,4206,0.0006042667720493409,-5.539625198765184e-05,0.05518904407619362,0.023120801449350498,0.5292363726289849,weak_flat,WEAK
range_continuation,12H,return_1h,4206,0.000818267797712487,-4.09141085522886e-05,0.03472864305814194,0.02180156843474969,0.5275682019332558,weak_flat,WEAK
range_continuation,12H,return_4h,4206,-0.0013020245545588471,5.5646538950688835e-05,-0.02877835396930895,-0.014129804160080904,0.482132785519671,weak_flat,WEAK
range_continuation,12H,vwap,4206,1804.0447163564254,1817.6742229579436,-0.023067489507624873,-0.018794277802465453,0.47623453308574704,weak_flat,WEAK
range_continuation,12H,vwap_deviation_pct,4206,-0.0025687288366312185,2.1170664326980886e-05,-0.046640331903870014,-0.030548957324394464,0.4613706766395363,weak_flat,WEAK
range_continuation,12H,vwap_zscore,4206,-0.6697539226436624,0.46736884554834357,-0.04212107350854112,-0.0408154312880524,0.4483886642486507,higher_feature_lower_event,CONDITIONAL
range_continuation,12H,atr,4206,6.051400862068967,3.419084765259904,0.28324186242482663,0.22850089517761885,0.7889406139909411,higher_feature_higher_event,USEFUL CANDIDATE
range_continuation,12H,atr_pct,4206,0.003435820180819972,0.0019096573302425325,0.27900643323158625,0.22216121280050932,0.7809240667788904,higher_feature_higher_event,USEFUL CANDIDATE
range_continuation,12H,realized_volatility,4206,53.02771931287417,47.50636905644443,0.06024304897418157,0.05387561447550797,0.5681260087117991,higher_feature_higher_event,CONDITIONAL
range_continuation,12H,volume,4206,200179.2198275862,101565.2468545546,0.18225194181853435,0.16777823641219358,0.7121564956701317,higher_feature_higher_event,USEFUL CANDIDATE
range_continuation,12H,volume_zscore,4206,0.4554519040660828,0.2695302481966529,0.03364266943145481,0.037585982338835915,0.5475276799194766,weak_flat,CONDITIONAL
range_continuation,24H,return_5m,4206,0.0002385047344361084,-2.7578778652711633e-05,0.03203823938162189,0.01597998367480814,0.5216762356465302,weak_flat,WEAK
range_continuation,24H,return_15m,4206,0.0003089663428964265,-3.538394479849392e-05,0.026856148339304223,0.0005792242501515153,0.500785696455317,weak_flat,WEAK
range_continuation,24H,return_1h,4206,0.0008205928541961691,-3.416702674905934e-05,0.03220767449784082,0.017673006591762387,0.5239727908137793,weak_flat,WEAK
range_continuation,24H,return_4h,4206,-0.0013604887618779123,4.77202699720338e-05,-0.02782601728160568,-0.01160196476962923,0.484262356465302,weak_flat,WEAK
range_continuation,24H,vwap,4206,1820.2566275038407,1816.7559687291039,0.005523095135745269,0.0012182569053601716,0.5016525212181727,weak_flat,WEAK
range_continuation,24H,vwap_deviation_pct,4206,-0.0022072608235758763,-1.7563830591074724e-05,-0.0367599818945271,-0.023203009352316804,0.4685259610584124,weak_flat,WEAK
range_continuation,24H,vwap_zscore,4206,-0.26690911710554965,0.43817341626981965,-0.02434695082657974,-0.02800334641822618,0.46201447828257614,weak_flat,WEAK
range_continuation,24H,atr,4206,6.419910714285719,3.421713857784752,0.3007406214514128,0.23456369423559312,0.818177109335996,higher_feature_higher_event,USEFUL CANDIDATE
range_continuation,24H,atr_pct,4206,0.0036181073892028125,0.0019127476371676223,0.29063097231076596,0.2247159514229354,0.8048190214677983,higher_feature_higher_event,USEFUL CANDIDATE
range_continuation,24H,realized_volatility,4206,51.531694448464584,47.62516291093461,0.03973429638132654,0.02577202240349928,0.5349588117823265,weak_flat,WEAK
range_continuation,24H,volume,4206,230171.68,100855.60009985023,0.22279158620722198,0.1902850120791878,0.7581147029455816,higher_feature_higher_event,USEFUL CANDIDATE
range_continuation,24H,volume_zscore,4206,0.7511702847433754,0.2562516203515114,0.08348469182234944,0.09331811089714342,0.6265826260609086,higher_feature_higher_event,USEFUL CANDIDATE
range_continuation,ALL,return_5m,25236,0.00010979933471142246,-2.1147699159306167e-05,0.015760657967004217,0.009422232176653634,0.5127859597049489,weak_flat,WEAK
range_continuation,ALL,return_15m,25236,0.00021661787034391914,-3.076314482852465e-05,0.019285799476335345,0.0012851690674423421,0.5017439752580494,weak_flat,WEAK
range_continuation,ALL,return_1h,25236,0.001164863544708269,-5.130418188668312e-05,0.04580751320726352,0.027532175136694214,0.5373611879905884,weak_flat,WEAK
range_continuation,ALL,return_4h,25236,0.00016144531369048315,-2.825456738863335e-05,0.003746959391068532,0.0036392659350773047,0.5049384874159982,weak_flat,WEAK
range_continuation,ALL,vwap,25236,1813.7375250391906,1817.0812965368123,-0.005273480421817464,-0.0054929956736721845,0.4925459995073622,weak_flat,WEAK
range_continuation,ALL,vwap_deviation_pct,25236,-0.0005019976154150319,-0.00010271589963371055,-0.006700368566093389,-0.005385757645605968,0.4926915216161573,weak_flat,WEAK
range_continuation,ALL,vwap_zscore,25236,0.029390671790549938,0.4233642250471297,-0.01359877206103583,-0.012962837714507796,0.48240941656425357,weak_flat,WEAK
range_continuation,ALL,atr,25236,5.797098772786848,3.452905342359102,0.2350462871895746,0.1946196955174831,0.7640991024297646,higher_feature_higher_event,USEFUL CANDIDATE
range_continuation,ALL,atr_pct,25236,0.003259566304858309,0.001930703127448485,0.2263779671829132,0.1873301837703354,0.7542072422890718,higher_feature_higher_event,USEFUL CANDIDATE
range_continuation,ALL,realized_volatility,25236,51.5097779545516,47.626418658646024,0.03948296591459395,0.034011560819922584,0.5461537212421648,weak_flat,CONDITIONAL
range_continuation,ALL,volume,25236,176135.26105087574,103556.39397595373,0.12499264029061245,0.12466213679276208,0.6691666409614618,higher_feature_higher_event,USEFUL CANDIDATE
range_continuation,ALL,volume_zscore,25236,0.39921268787039516,0.27382835943355555,0.02114191278193945,0.03790526776172599,0.551437485364081,higher_feature_higher_event,CONDITIONAL
trend_continuation,1H,return_5m,4015,4.0152868878979166e-05,-4.877508510340256e-05,0.02343701864682428,0.006993878649857653,0.5042682010565288,weak_flat,WEAK
trend_continuation,1H,return_15m,4015,3.338365728579433e-05,-5.101976448708404e-05,0.014469565466949693,-0.00019330244139716498,0.4998820318577751,weak_flat,WEAK
trend_continuation,1H,return_1h,4015,-0.0001378894623941959,6.902340485738722e-05,-0.016944057164273565,-0.03373683371519615,0.47941116291913344,weak_flat,WEAK
trend_continuation,1H,return_4h,4015,-4.0234007076379984e-05,-7.711022928041149e-06,-0.0013959073475560907,-0.010933964960254342,0.49332724501276165,weak_flat,WEAK
trend_continuation,1H,vwap,4015,1811.3530723238237,1818.7548099727485,-0.025901049540076417,-0.02562222134967268,0.484363329679232,weak_flat,WEAK
trend_continuation,1H,vwap_deviation_pct,4015,-0.00011822107633937264,-0.00020861401345436382,0.0033295112515275595,0.003912385997577679,0.5023876419291216,weak_flat,WEAK
trend_continuation,1H,vwap_zscore,4015,0.3641323088574471,0.37147553002893857,-0.0005625498410163202,0.0005760456856628539,0.5003515478362897,weak_flat,WEAK
trend_continuation,1H,atr,4015,3.8081587535530073,3.4971071159840914,0.06919567430670123,0.09511455198195332,0.5580462867621169,higher_feature_higher_event,CONDITIONAL
trend_continuation,1H,atr_pct,4015,0.002131507435226748,0.001957125762139081,0.06577831918685477,0.09452419063446268,0.5576860056791055,higher_feature_higher_event,CONDITIONAL
trend_continuation,1H,realized_volatility,4015,50.163333987885736,47.05669387419437,0.0701170743977365,0.07540883234137444,0.5460203287804007,weak_flat,CONDITIONAL
trend_continuation,1H,volume,4015,110547.0788504053,108282.31188863807,0.008565271355550515,0.04029207890810515,0.5245893571942268,weak_flat,WEAK
trend_continuation,1H,volume_zscore,4015,0.25875431921862957,0.3146327530769487,-0.020745831351183117,-0.004123633035301045,0.49748343871451045,weak_flat,WEAK
trend_continuation,2H,return_5m,4015,1.4313449386792488e-05,-3.8149063439173135e-05,0.014115288547949993,0.011952081527506426,0.5071448598826964,weak_flat,WEAK
trend_continuation,2H,return_15m,4015,-3.9070350317669666e-05,-1.2741811767196068e-05,-0.0046078549052421276,-0.010836001364051858,0.4935223147021018,weak_flat,WEAK
trend_continuation,2H,return_1h,4015,-8.058759846643067e-05,4.5958057184174763e-05,-0.010579222623289435,-0.02247166491581009,0.4865665940258613,weak_flat,WEAK
trend_continuation,2H,return_4h,4015,-7.750554819553638e-05,1.588500934390094e-05,-0.004092095690818056,-0.009515458160184601,0.49431172482187397,weak_flat,WEAK
trend_continuation,2H,vwap,4015,1815.2953875843739,1816.8165200605338,-0.00543409617426635,-0.009240447486109962,0.4944761243009032,weak_flat,WEAK
trend_continuation,2H,vwap_deviation_pct,4015,-0.0001281815584761052,-0.00020740350905864685,0.002978983700860206,-0.002992632282402576,0.49821102508661563,weak_flat,WEAK
trend_continuation,2H,vwap_zscore,4015,0.31154875547509536,0.4027834266396391,-0.007135278276528765,-0.009602678367578466,0.4942595851812757,weak_flat,WEAK
trend_continuation,2H,atr,4015,3.658218849072919,3.5693080357142866,0.020191921255575986,0.047097582272633116,0.5281546078673397,weak_flat,WEAK
trend_continuation,2H,atr_pct,4015,0.0020435734907259862,0.0019998821537416268,0.016824953526601325,0.04588050164762385,0.5274270470661343,weak_flat,WEAK
trend_continuation,2H,realized_volatility,4015,49.095863067869,47.52483708751914,0.03619868678071321,0.04570027620905537,0.5273193095434696,weak_flat,WEAK
trend_continuation,2H,volume,4015,110653.62273032952,108103.17800632911,0.009847140347879512,0.02847650936594234,0.5170230606181846,weak_flat,WEAK
trend_continuation,2H,volume_zscore,4015,0.2928702769849465,0.29743883187563075,-0.0017315780499886017,0.011179762205323407,0.5066831846466848,weak_flat,WEAK
trend_continuation,4H,return_5m,4015,-2.041801533698487e-05,-1.76153865605161e-05,-0.0007629366039674562,0.0036597811136143367,0.5021623354990471,weak_flat,WEAK
trend_continuation,4H,return_15m,4015,-3.777055265787432e-05,-1.2569296350758896e-05,-0.004462481581527267,-0.012587104333252193,0.4925630575075738,weak_flat,WEAK
trend_continuation,4H,return_1h,4015,-2.9885869447478612e-05,1.791198407496922e-05,-0.004042938293539436,-0.010280444886250795,0.49392591876520536,weak_flat,WEAK
trend_continuation,4H,return_4h,4015,-0.00015209473967805624,6.794097653476824e-05,-0.009754796118634522,-0.019022605338563092,0.48876071487783496,weak_flat,WEAK
trend_continuation,4H,vwap,4015,1818.3331301508433,1814.9021057035789,0.012401273831488977,0.008390961132566536,0.5049577017967576,weak_flat,WEAK
trend_continuation,4H,vwap_deviation_pct,4015,0.0002473215715606593,-0.00045437035866541914,0.026696312693915453,0.015827064490796038,0.5093512369827196,weak_flat,WEAK
trend_continuation,4H,vwap_zscore,4015,0.5886584393718067,0.22631080907545112,0.028672042552363126,0.019027663304177246,0.5112422735680536,weak_flat,WEAK
trend_continuation,4H,atr,4015,3.561644980572876,3.6286037093555588,-0.015385530074380278,-0.01109236040099685,0.49344620823387003,weak_flat,WEAK
trend_continuation,4H,atr_pct,4015,0.0019834010939497196,0.0020372796778282123,-0.02099214965941649,-0.011818509099129647,0.49301717135021106,weak_flat,WEAK
trend_continuation,4H,realized_volatility,4015,47.67121029680463,48.389545217716304,-0.016746290888999066,-0.008343020323076562,0.4950706234729691,weak_flat,WEAK
trend_continuation,4H,volume,4015,108520.04743833018,109390.540673788,-0.003400492456663525,0.0007793680240819304,0.5004604805317043,weak_flat,WEAK
trend_continuation,4H,volume_zscore,4015,0.2950697077565002,0.2961866314277663,-0.0004283205609829827,0.019226023901241274,0.5113594726198588,weak_flat,WEAK
trend_continuation,8H,return_5m,4015,-1.990232743906431e-05,-1.7852667589291256e-05,-0.0005641259578769599,0.00040065245179556286,0.5002341339307096,weak_flat,WEAK
trend_continuation,8H,return_15m,4015,-3.083528924797304e-05,-1.638542934255229e-05,-0.0025869575175302903,-0.005444471822288385,0.4968183461348581,weak_flat,WEAK
trend_continuation,8H,return_1h,4015,-7.366957413853934e-05,5.235784165449208e-05,-0.010777677026092532,-0.006287970967740437,0.49632541921667583,weak_flat,WEAK
trend_continuation,8H,return_4h,4015,-0.00037607166181183034,0.00024292500584525243,-0.02774500079680953,-0.025431382832154358,0.4851383423927827,weak_flat,WEAK
trend_continuation,8H,vwap,4015,1818.9554244820717,1814.2748268787393,0.017104689923042708,0.010876760626887395,0.5063561896520429,weak_flat,WEAK
trend_continuation,8H,vwap_deviation_pct,4015,-0.00010862357087799784,-0.00022889898557992464,0.004626505434539045,-0.008141366041362941,0.49524232734719903,weak_flat,WEAK
trend_continuation,8H,vwap_zscore,4015,0.42483434041452217,0.32811286723599237,0.007737978609573465,0.0013920583132439974,0.5008134946561028,weak_flat,WEAK
trend_continuation,8H,atr,4015,3.567511995959257,3.627659312214964,-0.013973105327020318,-0.012807589733434743,0.4925154678382346,weak_flat,WEAK
trend_continuation,8H,atr_pct,4015,0.0019845085134985894,0.002039165193253351,-0.02153056380572229,-0.012697746907899701,0.49257965765094264,weak_flat,WEAK
trend_continuation,8H,realized_volatility,4015,47.82589395484497,48.31224956764352,-0.011463493748354961,0.0007508414527059811,0.5004387786801354,weak_flat,WEAK
trend_continuation,8H,volume,4015,106280.76664702417,111073.47282139775,-0.01892904199958204,-0.01659420517108012,0.49030263526509504,weak_flat,WEAK
trend_continuation,8H,volume_zscore,4015,0.2809511276610316,0.3065786907754268,-0.009936287620439233,0.0008669913182172772,0.500506654640504,weak_flat,WEAK
trend_continuation,12H,return_5m,4015,-6.635243964760062e-05,1.6474893418249197e-05,-0.022812443742371,-0.027204228908502357,0.48411346700332103,weak_flat,WEAK
trend_continuation,12H,return_15m,4015,-8.388665672268252e-05,2.2867789215699398e-05,-0.019125617861558634,-0.01732748587910428,0.48988120291819004,weak_flat,WEAK
trend_continuation,12H,return_1h,4015,-0.00011524129452232655,8.356425209922065e-05,-0.017013453315161353,-0.004842713788154015,0.4971719815980792,weak_flat,WEAK
trend_continuation,12H,return_4h,4015,-0.0001493093107415597,7.779481922032043e-05,-0.010186507413250346,0.007510988151662033,0.5043862210007529,weak_flat,WEAK
trend_continuation,12H,vwap,4015,1814.5749623594302,1817.4930785040299,-0.010671373387313422,-0.0074014402248521165,0.4956777521264718,weak_flat,WEAK
trend_continuation,12H,vwap_deviation_pct,4015,6.861801626848124e-05,-0.00036032238376277893,0.01651113806771163,0.015871842126722404,0.5092687414607299,weak_flat,WEAK
trend_continuation,12H,vwap_zscore,4015,0.6225689369473993,0.18164005868523658,0.03530018720451602,0.0316945615736957,0.5185087965588551,weak_flat,WEAK
trend_continuation,12H,atr,4015,3.6344854295762863,3.5784105673451716,0.013036131622081329,-0.0007022804745334093,0.4995898865593983,weak_flat,WEAK
trend_continuation,12H,atr_pct,4015,0.002032761174685387,0.002003726852037724,0.01144531363647781,0.0013902153082977252,0.5008118494478764,weak_flat,WEAK
trend_continuation,12H,realized_volatility,4015,48.583831095593624,47.75414495023251,0.019569545852297584,0.03976241833001136,0.5232202142896673,weak_flat,WEAK
trend_continuation,12H,volume,4015,109094.44783118405,109013.27111303595,0.00032083605130836523,-0.004340184387786851,0.49746544562614203,weak_flat,WEAK
trend_continuation,12H,volume_zscore,4015,0.30360852832757285,0.2899382068130666,0.0053039499149511804,0.025488150080085124,0.5148844142676321,weak_flat,WEAK
trend_continuation,24H,return_5m,4015,-1.8448601303012255e-05,-1.8945670398467868e-05,0.000137937993594861,-0.005608481170136407,0.4967493593244549,weak_flat,WEAK
trend_continuation,24H,return_15m,4015,-2.0901798342216433e-05,-2.38267940958096e-05,0.0005279876357382964,0.014440556238001143,0.5083696682891112,weak_flat,WEAK
trend_continuation,24H,return_1h,4015,3.851420619974539e-05,-3.396121882313298e-05,0.006249190400806063,0.016176292913724116,0.5093756939401396,weak_flat,WEAK
trend_continuation,24H,return_4h,4015,-7.845035657358841e-05,3.138697634654733e-05,-0.004963856998068154,-0.00045000662381068646,0.49973917853491856,weak_flat,WEAK
trend_continuation,24H,vwap,4015,1815.484472239362,1816.8975894600374,-0.005206728600630177,-0.007390377234250342,0.4957165763419177,weak_flat,WEAK
trend_continuation,24H,vwap_deviation_pct,4015,-0.00011302015866933555,-0.00023259255395177394,0.004637458060046316,0.004958701941341536,0.5028740374862712,weak_flat,WEAK
trend_continuation,24H,vwap_zscore,4015,0.4488035597896807,0.30208341756482104,0.01183497142420413,0.006468359828120797,0.5037490272334619,weak_flat,WEAK
trend_continuation,24H,atr,4015,3.8037411250682696,3.4333022632129784,0.08676929563435354,0.07865581221909643,0.5455884912466016,weak_flat,CONDITIONAL
trend_continuation,24H,atr_pct,4015,0.002127683144434179,0.0019224853607643741,0.08150001233309617,0.07779807702557562,0.5450913550312786,weak_flat,CONDITIONAL
trend_continuation,24H,realized_volatility,4015,49.1124319999567,47.26349521394179,0.04393979046687459,0.06007221688826806,0.5348175400059616,weak_flat,WEAK
trend_continuation,24H,volume,4015,113548.45221190606,105274.52152014652,0.03294826581527909,0.035961051924931084,0.5208428359370467,weak_flat,WEAK
trend_continuation,24H,volume_zscore,4015,0.29144269115125643,0.299355266190595,-0.0030931966876977107,0.0006786772951997074,0.5003933577800317,weak_flat,WEAK
trend_continuation,ALL,return_5m,24090,-1.4210605717936864e-05,-2.1736550355960325e-05,0.002055042076187172,-0.0017599571772606787,0.4989633473951526,weak_flat,WEAK
trend_continuation,ALL,return_15m,24090,-3.170313145511503e-05,-1.6328246115593004e-05,-0.0027308821264636824,-0.0052835909521521595,0.4968878468907334,weak_flat,WEAK
trend_continuation,ALL,return_1h,24090,-6.266681056024708e-05,4.042602598943212e-05,-0.008746897395373264,-0.009955949358816506,0.494135722116265,weak_flat,WEAK
trend_continuation,ALL,return_4h,24090,-0.00014979480052867115,6.903938043338289e-05,-0.009731437495110708,-0.00956797446264462,0.49436424799257334,weak_flat,WEAK
trend_continuation,ALL,vwap,24090,1815.7903871054366,1816.5628906697075,-0.0028007851857390306,-0.004913738453991483,0.4971056976083821,weak_flat,WEAK
trend_continuation,ALL,vwap_deviation_pct,24090,-2.4249751315724337e-05,-0.0002810133699789886,0.009798850018630815,0.004908038315687651,0.5028909448820394,weak_flat,WEAK
trend_continuation,ALL,vwap_zscore,24090,0.46514911846448515,0.30463458363040574,0.012740439084361408,0.008334771459341106,0.5049093677236248,weak_flat,WEAK
trend_continuation,ALL,atr,24090,3.6709342138346184,3.556256620172843,0.026431429933182187,0.03224462456708002,0.5189928075329372,weak_flat,WEAK
trend_continuation,ALL,atr_pct,24090,0.002049735567732281,0.0019935263906509697,0.021967710305042416,0.032054070043331405,0.518880567709529,weak_flat,WEAK
trend_continuation,ALL,realized_volatility,24090,48.70222558909883,47.70807444182052,0.02324774821250205,0.035234527980780854,0.5207539289193269,weak_flat,WEAK
trend_continuation,ALL,volume,24090,109794.52562377058,108547.9386736886,0.004884676597515115,0.013861128657653808,0.5081645163049382,weak_flat,WEAK
trend_continuation,ALL,volume_zscore,24090,0.2879692205699227,0.30095254047982656,-0.00499422391376696,0.008912458552825582,0.5052496384059035,weak_flat,WEAK
