event,horizon,n,base_rate,mean_predicted_probability,brier,base_rate_brier,brier_delta_model_minus_base,relative_brier_improvement,log_loss,base_rate_log_loss,log_loss_delta_model_minus_base,auc,pr_auc_average_precision,ece,monotonicity,assessment
mean_reversion,1H,3679,0.337048110899701,0.9275396846969286,0.6238965784262027,0.22344668183864386,0.40044989658755886,-1.792149667618395,4.521492175903307,0.639058064044275,3.882434111859032,0.18408142549167428,0.2117822244451226,0.603700924164175,noisy,INVERTED
mean_reversion,2H,3679,0.46153846153846156,0.9275396846969286,0.5134933710328894,0.24852071005917162,0.26497266097371774,-1.0661995167751974,3.9385318729738654,0.6901856760188205,3.248346196955045,0.22320124218949275,0.31775172694427617,0.49606297907039965,noisy,INVERTED
mean_reversion,4H,3679,0.5879315031258494,0.9275396846969286,0.3989667061783093,0.24226805075802874,0.15669865542028058,-0.6467986799331922,3.260444482186359,0.6776025685869504,2.5828419135994087,0.25140038083527594,0.44257182635993136,0.38217333514542,inverted,INVERTED
mean_reversion,8H,3679,0.6974721391682522,0.9275396846969286,0.2966411285756999,0.2110047542523144,0.0856363743233855,-0.40585044932676534,2.420474368202742,0.6129909629356209,1.8074834052671211,0.28340962997355,0.5756477073651792,0.28234979614025546,inverted,INVERTED
mean_reversion,12H,3679,0.7583582495243273,0.9275396846969286,0.24016121555585757,0.18325101490272547,0.0569102006531321,-0.3105587201431957,1.8143314559114563,0.5529649631485529,1.2613664927629034,0.29997056819510465,0.6674424681775125,0.23668521337319923,noisy,INVERTED
mean_reversion,24H,3679,0.8252242457189454,0.9275396846969286,0.1776544474123403,0.14422918999654305,0.033425257415797244,-0.2317509889405771,1.3329867179079244,0.46337855077807016,0.8696081671298543,0.313860680645115,0.7542677803940615,0.18232261484098938,inverted,INVERTED
mean_reversion,ALL,22074,0.6112621183292561,0.9275396846969285,0.37513557453021656,0.2376207410248866,0.13751483350532998,-0.5787156159525978,2.88137684551423,0.6681801766707429,2.213196668843487,0.28339934867883904,0.48514337278390113,0.35703063332427293,noisy,INVERTED
upside_breakout,1H,4206,0.6378982406086543,0.3101129814550642,0.3642837756395625,0.2309840752370377,0.13329970040252478,-0.5770947640686119,0.9658035461559211,0.6546178935542958,0.31118565260162534,0.46638363333838284,0.6194561142074453,0.3389608654303376,noisy,NO CLEAR SIGNAL
upside_breakout,2H,4206,0.6274369947693771,0.3101129814550642,0.3590475892391821,0.23375981236414978,0.12528777687503234,-0.5359679904254018,0.9528653759100986,0.6603056779924967,0.29255969791760184,0.4743224998929948,0.6139771008676198,0.32707308606752256,noisy,NO CLEAR SIGNAL
upside_breakout,4H,4206,0.6229196386115073,0.3101129814550642,0.3575824917593914,0.23489076244361642,0.12269172931577496,-0.5223352678470108,0.9494336606664557,0.6626167139946011,0.28681694667185464,0.46928263045926666,0.608813011524521,0.32112919638611503,noisy,NO CLEAR SIGNAL
upside_breakout,8H,4206,0.6350451735615787,0.3101129814550642,0.35794687597242036,0.2317628010977231,0.12618407487469727,-0.5444535286812122,0.9479352409353631,0.6562158523755118,0.29171938855985124,0.4941355883009328,0.6360134485031749,0.3300277698525915,noisy,NO CLEAR SIGNAL
upside_breakout,12H,4206,0.6535901093675701,0.3101129814550642,0.3636453543366619,0.22641007830445783,0.13723527603220406,-0.6061358975710491,0.9599518666113578,0.6451958482758093,0.31475601833554845,0.5031559488906304,0.6568977868250957,0.34952372800760817,noisy,NO CLEAR SIGNAL
upside_breakout,24H,4206,0.68188302425107,0.3101129814550642,0.37272619123632905,0.21691856548928473,0.15580762574704432,-0.7182770427953105,0.9793942934627591,0.6254419310195773,0.35395236244318173,0.5229363284987898,0.6888470516950562,0.3778166428911079,noisy,NO CLEAR SIGNAL
upside_breakout,ALL,25236,0.6431288635282929,0.3101129814550642,0.3625387130305912,0.2295141284250993,0.1330245846054919,-0.5795921389166409,0.959230663956991,0.65159668657741,0.307633977379581,0.48790797919481077,0.6368411139069396,0.33967413219210657,noisy,NO CLEAR SIGNAL
downside_breakdown,1H,4206,0.6552543984783642,0.29671098430813125,0.3749782923157394,0.2258960717531213,0.14908222056261813,-0.6599593317653971,0.9889306671145489,0.644133140021248,0.3447975270933009,0.47770994945197937,0.6465195476030051,0.36394560152163574,noisy,NO CLEAR SIGNAL
downside_breakdown,2H,4206,0.6314788397527342,0.29671098430813125,0.3639769133333333,0.23271331469727485,0.13126359863605847,-0.5640571052275747,0.9635983353966782,0.6581639236641053,0.3054344117325729,0.4863570005829771,0.6271214096826285,0.34207208749405604,noisy,NO CLEAR SIGNAL
downside_breakdown,4H,4206,0.635282929148835,0.29671098430813125,0.3667748210841655,0.2316985290809113,0.1350762920032542,-0.5829829500388597,0.9688864547807486,0.6560840322306952,0.3128024225500534,0.486362997603229,0.6268527898431825,0.3473027104136948,noisy,NO CLEAR SIGNAL
downside_breakdown,8H,4206,0.6428911079410367,0.29671098430813125,0.36677082679029954,0.22958213127138302,0.13718869551891652,-0.5975582453180964,0.9690723368955934,0.6517365944368959,0.31733574245869745,0.5016049852661933,0.644425368391703,0.35395986685687114,noisy,NO CLEAR SIGNAL
downside_breakdown,12H,4206,0.6466951973371374,0.29671098430813125,0.3673147164717071,0.22848051907821829,0.13883419739348882,-0.6076412901791428,0.9691193506061747,0.6494684722798408,0.3196508783263339,0.5072862649433932,0.6521389332748543,0.35586191155492153,noisy,NO CLEAR SIGNAL
downside_breakdown,24H,4206,0.6524013314312886,0.29671098430813125,0.36317115964812174,0.2267738341779705,0.13639732547015124,-0.6014685334601151,0.959444876931337,0.6459474338837052,0.3134974430476317,0.5347583385513673,0.6805084218643224,0.3615680456490727,noisy,NO CLEAR SIGNAL
downside_breakdown,ALL,25236,0.6440006340148994,0.29671098430813125,0.36716445494056116,0.229263817403307,0.13790063753725415,-0.6014932452017394,0.9698420036208469,0.6510815833627396,0.31876042025810736,0.4989427837253375,0.6456888547863101,0.35411837058170864,noisy,NO CLEAR SIGNAL
range_continuation,1H,4206,0.04303376129339039,0.31954046600095104,0.16771153612933903,0.04118185668233389,0.12652967944700516,-3.0724617499162834,0.49733384744419645,0.17746856244047846,0.319865285003718,0.510320167461652,0.043463121235875465,0.2765067047075606,flat,NO CLEAR SIGNAL
range_continuation,2H,4206,0.043509272467902996,0.31954046600095104,0.167801312639087,0.04161621567721677,0.12618509696187025,-3.0321136823344466,0.49303455832709325,0.17894075932399583,0.3140937990030974,0.5145787405478607,0.043570665431820296,0.27603119353304806,flat,NO CLEAR SIGNAL
range_continuation,4H,4206,0.0432715168806467,0.31954046600095104,0.16568714240608653,0.0413990927074946,0.12428804969859193,-3.002192598198938,0.48815207491628737,0.1782053436023923,0.30994673131389505,0.5437478153059664,0.047779587634599885,0.27626894912030436,flat,NO CLEAR SIGNAL
range_continuation,8H,4206,0.05254398478364242,0.31954046600095104,0.1678083502044698,0.04978311444669877,0.11802523575777102,-2.3707885107135462,0.4931818357244236,0.20593879395539147,0.28724304176903215,0.5536315481698905,0.05882411577741665,0.2669964812173086,flat,POORLY CALIBRATED BUT RANKING SIGNAL
range_continuation,12H,4206,0.05515929624346172,0.31954046600095104,0.16929394221588207,0.052116748281387744,0.11717719393449433,-2.2483596501806575,0.49994462232016973,0.21343496832333653,0.2865096539968332,0.5427541953733752,0.059399564374882544,0.2643811697574893,flat,NO CLEAR SIGNAL
range_continuation,24H,4206,0.0475511174512601,0.31954046600095104,0.1642241371754636,0.04529000868039658,0.11893412849506703,-2.626056650471492,0.48089864191974435,0.19124053046377107,0.2896581114559733,0.5848096605092361,0.057260270921169594,0.2719893485496909,flat,POORLY CALIBRATED BUT RANKING SIGNAL
range_continuation,ALL,25236,0.04751149152005072,0.31954046600095104,0.16708773679505468,0.045254149693590866,0.1218335871014638,-2.6922080721078827,0.4920909301086547,0.19112174504878934,0.30096918505986536,0.5426554655123532,0.050921994799133674,0.2720289744809003,flat,NO CLEAR SIGNAL
trend_continuation,1H,4015,0.33798256537982563,0.2977531257783313,0.22890591908841842,0.22375035087909753,0.005155568209320893,-0.023041609494979878,0.6523354671670557,0.6396882477049096,0.012647219462146086,0.5383353489112275,0.3649066815692625,0.06404757160647569,noisy,WEAK
trend_continuation,2H,4015,0.37036114570361145,0.2977531257783313,0.2438960062615193,0.23319376745671974,0.010702238804799563,-0.04589418886071162,0.6855073242773092,0.6591476087717479,0.026359715505561265,0.5242095524077873,0.38444556574565614,0.09542988792029886,noisy,WEAK
trend_continuation,4H,4015,0.3937733499377335,0.2977531257783313,0.2554425068841843,0.23871589881654878,0.016726608067635512,-0.07006909950513926,0.7104418193174356,0.6704060621361134,0.04003575718132213,0.5030735516302103,0.3929077074642157,0.11934022415940224,noisy,NO CLEAR SIGNAL
trend_continuation,8H,4015,0.42266500622665004,0.2977531257783313,0.26832977961145704,0.2440192987380759,0.02431048087338114,-0.09962523865571547,0.737935646118716,0.6811376240142621,0.05679802210445384,0.49724225311581166,0.41573469277283,0.14450017434620174,noisy,NO CLEAR SIGNAL
trend_continuation,12H,4015,0.424906600249066,0.2977531257783313,0.2670661183412204,0.24436098131384645,0.02270513702737395,-0.09291637685073983,0.734922312088739,0.6818263579236824,0.053095954165056636,0.5133437281203019,0.4312651584116129,0.14399775840597756,noisy,NO CLEAR SIGNAL
trend_continuation,24H,4015,0.45603985056039853,0.2977531257783313,0.27598377712079697,0.2480675052612479,0.027916271859549063,-0.11253498046892331,0.7538689710391988,0.6892771962409523,0.06459177479824652,0.5331169490440381,0.484867158895146,0.16591985056039843,noisy,NO CLEAR SIGNAL
trend_continuation,ALL,24090,0.4009547530095475,0.29775312577833124,0.2566040178845994,0.24019003904860026,0.016413978835999155,-0.06833746687004758,0.7125019233347379,0.6733968874741025,0.039105035860635406,0.5178745631408337,0.4113597047601298,0.12112519717725193,noisy,NO CLEAR SIGNAL
