regime,event,horizon,n,eligible_rule,base_rate,mean_predicted_probability,brier,base_rate_brier,brier_delta_model_minus_base,relative_brier_improvement,log_loss,base_rate_log_loss,log_loss_delta_model_minus_base,auc,pr_auc_average_precision,ece
HIGH_VOL,mean_reversion,1H,287,mean_reversion_eligible,0.0,0.9978818815331011,0.9957926699303137,0.0,0.9957926699303137,,22.997920003217512,,,,,0.9978818815331011
HIGH_VOL,mean_reversion,2H,287,mean_reversion_eligible,0.003484320557491289,0.9978818815331011,0.9923257709756098,0.0034721800677439334,0.9888535909078658,-284.79329171150346,22.97705254183462,0.023197693479210486,22.95385484835541,0.1888111888111888,0.004291845493562232,0.9943975609756098
HIGH_VOL,mean_reversion,4H,287,mean_reversion_eligible,0.003484320557491289,0.9978818815331011,0.9923257709756098,0.0034721800677439334,0.9888535909078658,-284.79329171150346,22.97705254183462,0.023197693479210486,22.95385484835541,0.1888111888111888,0.004291845493562232,0.9943975609756098
HIGH_VOL,mean_reversion,8H,287,mean_reversion_eligible,0.003484320557491289,0.9978818815331011,0.9923257709756098,0.0034721800677439334,0.9888535909078658,-284.79329171150346,22.97705254183462,0.023197693479210486,22.95385484835541,0.1888111888111888,0.004291845493562232,0.9943975609756098
HIGH_VOL,mean_reversion,12H,287,mean_reversion_eligible,0.003484320557491289,0.9978818815331011,0.9923257709756098,0.0034721800677439334,0.9888535909078658,-284.79329171150346,22.97705254183462,0.023197693479210486,22.95385484835541,0.1888111888111888,0.004291845493562232,0.9943975609756098
HIGH_VOL,mean_reversion,24H,269,mean_reversion_eligible,0.0,0.9980866171003717,0.9962017660594795,0.0,0.9962017660594795,,24.17544406424716,,,,,0.9980866171003717
HIGH_VOL,upside_breakout,1H,287,all_rows,0.5574912891986062,0.7521271777003484,0.3544426431707317,0.24669475166628219,0.10774789150444952,-0.43676604701427185,1.1947608647684655,0.6865220400883549,0.5082388246801106,0.4232529527559055,0.48897499627720736,0.28565331010452955
HIGH_VOL,upside_breakout,2H,287,all_rows,0.5958188153310104,0.7521271777003484,0.30330745153310107,0.24081875462856167,0.0624886969045394,-0.25948434539877024,1.0069830126697477,0.6746706118213175,0.33231240084843017,0.5090492034684412,0.5861164040800234,0.20768188153310102
HIGH_VOL,upside_breakout,4H,287,all_rows,0.6411149825783972,0.7521271777003484,0.27700292191637627,0.23008656169189867,0.04691636022447759,-0.20390743326983932,0.9334476345928909,0.6527739746874753,0.2806736599054156,0.49963064584212746,0.6210320321786041,0.2155689895470383
HIGH_VOL,upside_breakout,8H,287,all_rows,0.7665505226480837,0.7521271777003484,0.21837156303135888,0.17895081887603345,0.03942074415532543,-0.2202881462232022,0.6904634663646575,0.5434109067118363,0.14705255965282116,0.5181139755766622,0.7865183026200417,0.17968397212543555
HIGH_VOL,upside_breakout,12H,287,all_rows,0.8885017421602788,0.7521271777003484,0.1576851518815331,0.0990663963384283,0.05861875554310479,-0.5917117984473037,0.5021661089825085,0.34963638682237397,0.1525297221601345,0.5287990196078431,0.8907929854617936,0.16881010452961676
HIGH_VOL,upside_breakout,24H,269,all_rows,0.9405204460966543,0.772314498141264,0.1347787086245353,0.055941736570804715,0.0788369720537306,-1.409269302070158,0.45416924422568883,0.22553308888102455,0.22863615534466428,0.35943675889328064,0.9092565365803671,0.2028118959107807
HIGH_VOL,downside_breakdown,1H,287,all_rows,0.5505226480836237,0.2258895470383275,0.37863440268292686,0.2474474620306183,0.13118694065230857,-0.5301607847409482,1.0532659758871297,0.6880333816797729,0.36523259420735676,0.34842017466391917,0.4492503339404193,0.36138083623693384
HIGH_VOL,downside_breakdown,2H,287,all_rows,0.6097560975609756,0.2258895470383275,0.4019918939721254,0.2379535990481856,0.16403829492393981,-0.689370934417857,1.0789439423424474,0.6688570623740269,0.4100868799684205,0.4161989795918367,0.5255712252369061,0.40667700348432057
HIGH_VOL,downside_breakdown,4H,287,all_rows,0.5853658536585366,0.2258895470383275,0.3868127998954704,0.2427126710291493,0.1441001288663211,-0.5937066583928573,1.032537707204261,0.6785008770139086,0.35403683019035237,0.4338235294117647,0.49999822650939735,0.40319268292682925
HIGH_VOL,downside_breakdown,8H,287,all_rows,0.46689895470383275,0.2258895470383275,0.332564716271777,0.24890432080030114,0.08366039547147583,-0.3361146773285529,0.9147860952255337,0.690954218663925,0.22383187656160863,0.34408838162130523,0.35926623349092146,0.3335062717770035
HIGH_VOL,downside_breakdown,12H,287,all_rows,0.34494773519163763,0.2258895470383275,0.25883579641114984,0.22595879517779743,0.03287700123335241,-0.14549998466527,0.7294355001267562,0.6442628632322523,0.08517263689450383,0.38762626262626265,0.2707217404412328,0.21155505226480836
HIGH_VOL,downside_breakdown,24H,269,all_rows,0.16728624535315986,0.22544014869888476,0.1578022464684015,0.13930155746880227,0.018500688999599224,-0.13281035284722215,0.494221170553174,0.45155700170149216,0.04266416885168184,0.3846230158730159,0.12886014032576515,0.10877843866171003
HIGH_VOL,range_continuation,1H,287,all_rows,0.07317073170731707,0.01870696864111498,0.07265271905923344,0.0678167757287329,0.004835943330500539,-0.07130895384711759,0.9394662051701301,0.2617644829090154,0.6777017222611148,0.5089509488005729,0.07544020306343649,0.060445644599303135
HIGH_VOL,range_continuation,2H,287,all_rows,0.06968641114982578,0.01870696864111498,0.06979696993031359,0.06483021525088323,0.004966754679430363,-0.07661172587827707,0.4366368231268552,0.2528270336552781,0.1838097894715771,0.5972846441947566,0.083752196019751,0.056961324041811846
HIGH_VOL,range_continuation,4H,287,all_rows,0.11149825783972125,0.01870696864111498,0.10528477480836237,0.0990663963384283,0.006218378469934074,-0.06276980590563722,0.5391955364138042,0.3496363868223739,0.18955914959143033,0.7286764705882353,0.26727475898444103,0.09279128919860627
HIGH_VOL,range_continuation,8H,287,all_rows,0.12195121951219512,0.01870696864111498,0.11790637759581882,0.10707911957168353,0.010827258024135283,-0.10111455965873005,0.6154053092154775,0.3707947167874673,0.24461059242801025,0.7056689342403628,0.1825945864433051,0.11619477351916375
HIGH_VOL,range_continuation,12H,287,all_rows,0.09407665505226481,0.01870696864111498,0.09261021034843206,0.08522623802644198,0.007383972321990076,-0.08663966042592601,0.47877477208685654,0.31186960444897965,0.16690516763787688,0.6903846153846154,0.13463643463701847,0.08832020905923345
HIGH_VOL,range_continuation,24H,269,all_rows,0.05947955390334572,0.014051301115241634,0.05944062304832714,0.055941736570804715,0.003498886477522424,-0.06254518883399213,0.32399086751403755,0.22553308888102452,0.09845777863301303,0.6902173913043478,0.09092717149913518,0.05403494423791822
HIGH_VOL,trend_continuation,1H,272,trend_continuation_eligible,0.33088235294117646,0.49311911764705885,0.2634904751470588,0.22139922145328722,0.04209125369377159,-0.190114732190476,0.7932005735696107,0.6348017450544509,0.15839882851515985,0.5163614163614164,0.3600750750756693,0.1642132352941177
HIGH_VOL,trend_continuation,2H,272,trend_continuation_eligible,0.3897058823529412,0.49311911764705885,0.26631547514705883,0.2378352076124568,0.028480267534602033,-0.11974790368720142,0.8060241987570544,0.6686163426082572,0.13740785614879725,0.5462036826551488,0.4175948556690013,0.10341323529411767
HIGH_VOL,trend_continuation,4H,272,trend_continuation_eligible,0.25,0.49311911764705885,0.2608059163235294,0.1875,0.0733059163235294,-0.39096488705882343,0.7879849792965608,0.5623351446188083,0.22564983467775246,0.5345299884659747,0.27192935802134055,0.24311911764705885
HIGH_VOL,trend_continuation,8H,272,trend_continuation_eligible,0.5514705882352942,0.49311911764705885,0.28038900455882354,0.2473507785467128,0.03303822601211073,-0.13356831220109291,0.834974431053633,0.6878393399287338,0.1471350911248992,0.533360655737705,0.5414371265048279,0.16867499999999996
HIGH_VOL,trend_continuation,12H,272,trend_continuation_eligible,0.6617647058823529,0.49311911764705885,0.2635551810294117,0.22383217993079585,0.03972300109861587,-0.1774677846183573,0.7587304405550616,0.6398580139108885,0.11887242664417308,0.5858393719806764,0.698542385073404,0.21295147058823527
HIGH_VOL,trend_continuation,24H,256,trend_continuation_eligible,0.6953125,0.498653125,0.237939125625,0.21185302734375,0.026086098281249998,-0.12313299747623162,0.6607940870037124,0.6147838490351121,0.046010237968600376,0.6651541342552578,0.8271369806265599,0.19665937500000003
LOW_VOL_RANGE,mean_reversion,1H,505,mean_reversion_eligible,0.3683168316831683,0.9317033663366336,0.5750759389306931,0.23265954318204096,0.3424163957486521,-1.4717487667408233,2.3699349311137365,0.6580537894753186,1.7118811416384179,0.3252856709475174,0.3102560594912555,0.5682883168316832
LOW_VOL_RANGE,mean_reversion,2H,505,mean_reversion_eligible,0.5405940594059406,0.9317033663366336,0.42210009734653464,0.24835212234094697,0.17374797500558767,-0.6996033428981937,1.8097318519834398,0.6898477949940174,1.1198840569894224,0.34887741568776054,0.4578170422702403,0.3960110891089109
LOW_VOL_RANGE,mean_reversion,4H,505,mean_reversion_eligible,0.6851485148514852,0.9317033663366336,0.2973820775445544,0.21572002744828936,0.08166205009626507,-0.37855571901334206,1.2868002149530335,0.6229275692298363,0.6638726457231973,0.335196495437525,0.6132706888890407,0.2688364356435644
LOW_VOL_RANGE,mean_reversion,8H,505,mean_reversion_eligible,0.7861386138613862,0.9317033663366336,0.2027397013069307,0.1681246936574846,0.03461500764944611,-0.20588889648754533,0.8408958058662009,0.5190279818253988,0.32186782404080216,0.4129932829554996,0.7652876929044152,0.17972752475247525
LOW_VOL_RANGE,mean_reversion,12H,505,mean_reversion_eligible,0.8415841584158416,0.9317033663366336,0.15468544388118813,0.13332026271934125,0.02136518116184688,-0.16025456840588237,0.6767608610456551,0.43703362221241393,0.2397272388332412,0.37466176470588236,0.8052382438989731,0.14408396039603966
LOW_VOL_RANGE,mean_reversion,24H,505,mean_reversion_eligible,0.8415841584158416,0.9317033663366336,0.15468544388118813,0.13332026271934125,0.02136518116184688,-0.16025456840588237,0.6767608610456551,0.43703362221241393,0.2397272388332412,0.37466176470588236,0.8052382438989731,0.14408396039603966
LOW_VOL_RANGE,upside_breakout,1H,537,all_rows,0.48044692737430167,0.31540595903165736,0.2902956645065177,0.24961767735089413,0.040677987155623596,-0.16296116359756638,0.7874771496086392,0.6923823402482719,0.0950948093603673,0.4595246033730655,0.45560773070487065,0.1811392923649907
LOW_VOL_RANGE,upside_breakout,2H,537,all_rows,0.5456238361266295,0.31540595903165736,0.3203999475605214,0.24791846557709046,0.07248148198343096,-0.2923601588720417,0.8544601425024059,0.6889783153402577,0.1654818271621482,0.41242376769428746,0.49482729165352396,0.24259180633147115
LOW_VOL_RANGE,upside_breakout,4H,537,all_rows,0.6759776536312849,0.31540595903165736,0.3725965956052142,0.2190318654224275,0.15356473018278669,-0.7011067996276245,0.9680632130555658,0.62986429394747,0.33819891910809574,0.3819939203951743,0.6034198735284233,0.3766700186219739
LOW_VOL_RANGE,upside_breakout,8H,537,all_rows,0.8026070763500931,0.31540595903165736,0.42657275947858475,0.15842895734284895,0.2681438021357358,-1.6925176219866038,1.085571632882371,0.49676693843699427,0.5888046944453768,0.27058617519590245,0.6909623176333659,0.5032994413407821
LOW_VOL_RANGE,upside_breakout,12H,537,all_rows,0.7858472998137802,0.31540595903165736,0.40836642800744877,0.1682913211891708,0.24007510681827796,-1.4265447862781784,1.0456572592192246,0.5194069636243753,0.5262502955948493,0.3633937770451267,0.738911044255726,0.47044134078212296
LOW_VOL_RANGE,upside_breakout,24H,537,all_rows,0.9143389199255121,0.31540595903165736,0.4514040443947858,0.07832325943496006,0.3730807849598258,-4.763346005405118,1.1390631654139034,0.2923825060812893,0.8466806593326142,0.31143186044452315,0.8889850048105892,0.5989329608938547
LOW_VOL_RANGE,downside_breakdown,1H,537,all_rows,0.7877094972067039,0.2517404096834264,0.4568621930353817,0.1672232452170656,0.2896389478183161,-1.7320495571195722,1.1602913931929688,0.5169756459920154,0.6433157472009534,0.47893077848285015,0.7823419620884442,0.5359690875232774
LOW_VOL_RANGE,downside_breakdown,2H,537,all_rows,0.7206703910614525,0.2517404096834264,0.4272234593296089,0.20130457850878564,0.2259188808208233,-1.1222739318418602,1.096181355189497,0.5923190436392857,0.5038623115502113,0.40945736434108526,0.6785634895949136,0.4689299813780261
LOW_VOL_RANGE,downside_breakdown,4H,537,all_rows,0.6480446927374302,0.2517404096834264,0.3914443159404097,0.22808276895227989,0.1633615469881298,-0.7162380031536216,1.0166651896328078,0.6486486553882139,0.3680165342445939,0.41466733564434716,0.5969445167810222,0.3980130353817505
LOW_VOL_RANGE,downside_breakdown,8H,537,all_rows,0.5735567970204841,0.2517404096834264,0.3576078168715084,0.24458939761208726,0.11301841925942113,-0.4620740733769072,0.941845650266058,0.6822866010828278,0.25955904918323025,0.40800629501502866,0.4944748511930818,0.33097392923649904
LOW_VOL_RANGE,downside_breakdown,12H,537,all_rows,0.5828677839851024,0.2517404096834264,0.36934971631284913,0.2431329303773984,0.12621678593545074,-0.519126659393827,0.9699643487114957,0.6793494646120362,0.29061488409945957,0.3259356458238247,0.45830604713509754,0.37411433891992546
LOW_VOL_RANGE,downside_breakdown,24H,537,all_rows,0.4450651769087523,0.2517404096834264,0.2997411502048417,0.24698216521193328,0.05275898499290843,-0.21361455369717242,0.8156853238918518,0.6870993088659568,0.12858601502589495,0.32520148268793353,0.33441203922221885,0.25865810055865923
LOW_VOL_RANGE,range_continuation,1H,537,all_rows,0.0223463687150838,0.3526703910614525,0.15814439955307263,0.021847008520333326,0.1362973910327393,-6.238721008685713,0.48510288069572743,0.10703539868380234,0.3780674820119251,0.6284126984126984,0.03185643426027753,0.33032402234636876
LOW_VOL_RANGE,range_continuation,2H,537,all_rows,0.04655493482309125,0.3526703910614525,0.15915408297951583,0.044387572866708976,0.11476651011280686,-2.5855549808375002,0.4862792855020332,0.1882437115629932,0.29803557393904,0.7162109375,0.07483952863616927,0.3061154562383613
LOW_VOL_RANGE,range_continuation,4H,537,all_rows,0.0670391061452514,0.3526703910614525,0.1717741947113594,0.0625448643924971,0.10922933031886231,-1.7464156550632077,0.5129116984268491,0.24591180320916783,0.2669998952176813,0.547876469283655,0.06841106301572016,0.28563128491620116
LOW_VOL_RANGE,range_continuation,8H,537,all_rows,0.07262569832402235,0.3526703910614525,0.17728033996275605,0.06735120626697046,0.1099291336957856,-1.6321776518751925,0.5251500219656433,0.26037846218608374,0.2647715597795596,0.47626403048089794,0.06423899448422833,0.28004469273743016
LOW_VOL_RANGE,range_continuation,12H,537,all_rows,0.0223463687150838,0.3526703910614525,0.15900510718808192,0.021847008520333326,0.13715809866774858,-6.27811805630476,0.48625309667536304,0.10703539868380234,0.3792176979915607,0.5791269841269842,0.026451408423384656,0.3303240223463687
LOW_VOL_RANGE,range_continuation,24H,537,all_rows,0.0,0.3526703910614525,0.15385762115456236,0.0,0.15385762115456236,,0.47553891842560064,,,,,0.35267039106145254
LOW_VOL_RANGE,trend_continuation,1H,497,trend_continuation_eligible,0.2776659959758551,0.2547406438631791,0.2018022882696177,0.20056759065459154,0.0012346976150261757,-0.00615601758487749,0.5939116196983475,0.5907354063401169,0.003176213358230595,0.496265794679262,0.2683068206473059,0.03361991951710262
LOW_VOL_RANGE,trend_continuation,2H,497,trend_continuation_eligible,0.27364185110663986,0.2547406438631791,0.19776607096579477,0.1987619884295714,-0.000995917463776641,0.005010603242830461,0.5842817740800472,0.5868475564421557,-0.0025657823621084708,0.5716962685351149,0.328691434995668,0.018901207243460758
LOW_VOL_RANGE,trend_continuation,4H,497,trend_continuation_eligible,0.35412474849094566,0.2547406438631791,0.23636768062374247,0.2287204109971701,0.007647269626572362,-0.03343501173870739,0.6685573891142123,0.6499626948059852,0.018594694308227022,0.594891673746814,0.4311144587038227,0.09938410462776663
LOW_VOL_RANGE,trend_continuation,8H,497,trend_continuation_eligible,0.482897384305835,0.2547406438631791,0.30033146331991956,0.24970750053641766,0.0506239627835019,-0.202733048365597,0.8092665867707614,0.6925620675047789,0.11670451926598246,0.5390888456549935,0.5453494356313789,0.22815674044265596
LOW_VOL_RANGE,trend_continuation,12H,497,trend_continuation_eligible,0.448692152917505,0.2547406438631791,0.2827552057746479,0.24736750482775932,0.03538770094688859,-0.14305719327010577,0.7703134789547351,0.6878729110343798,0.08244056792035537,0.5794000196392917,0.5247352362964615,0.19395150905432598
LOW_VOL_RANGE,trend_continuation,24H,497,trend_continuation_eligible,0.5492957746478874,0.2547406438631791,0.331262248028169,0.24756992660186472,0.08369232142630428,-0.3380552822996794,0.876397321402282,0.6882791293138865,0.18811819208839553,0.5989501569858713,0.6660045383707937,0.29455513078470824
NORMAL_RANGE,mean_reversion,1H,233,mean_reversion_eligible,0.15021459227467812,0.9729935622317597,0.8126814181545065,0.1276501685424303,0.6850312496120762,-5.366473522393941,7.692256066779988,0.42308113927536817,7.26917492750462,0.2411976911976912,0.0982299671931867,0.8227789699570814
NORMAL_RANGE,mean_reversion,2H,227,mean_reversion_eligible,0.1894273127753304,0.9727594713656387,0.7770026269603524,0.15354460595004754,0.6234580210103049,-4.060435839817998,7.681993963226564,0.4853914960061757,7.196602467220388,0.20178210313447928,0.11995666939347745,0.7833321585903084
NORMAL_RANGE,mean_reversion,4H,210,mean_reversion_eligible,0.20476190476190476,0.9754733333333333,0.7702113310476191,0.1628344671201814,0.6073768639274377,-3.73002641682217,8.080364361034087,0.5069333800107005,7.573430981023387,0.14447848489068374,0.123535971041723,0.7707114285714285
NORMAL_RANGE,mean_reversion,8H,176,mean_reversion_eligible,0.125,0.9890892045454546,0.863376083465909,0.109375,0.754001083465909,-6.893724191688311,9.486382739815754,0.37677016125643675,9.109612578559318,0.11127508854781581,0.07227590916505809,0.8640892045454546
NORMAL_RANGE,mean_reversion,12H,141,mean_reversion_eligible,0.0,0.9929489361702127,0.986033005106383,0.0,0.986033005106383,,11.340480240828068,,,,,0.9929489361702127
NORMAL_RANGE,mean_reversion,24H,39,mean_reversion_eligible,0.0,0.9999589743589744,0.9999179553846154,0.0,0.9999179553846154,,27.305993519139456,,,,,0.9999589743589744
NORMAL_RANGE,upside_breakout,1H,233,all_rows,0.7124463519313304,0.44106652360515025,0.28521186587982833,0.20486654755106928,0.08034531832875905,-0.39218368879248333,0.7672178216765984,0.599946700920289,0.16727112075630934,0.5665797518431936,0.7852951012029368,0.2913944206008583
NORMAL_RANGE,upside_breakout,2H,227,all_rows,0.7841409691629956,0.44179251101321587,0.2829869125550661,0.1692639096431136,0.11372300291195248,-0.6718679909481768,0.7619050549065292,0.5216166846205574,0.24028837028597172,0.6571887181839028,0.879711994033905,0.3454321585903083
NORMAL_RANGE,upside_breakout,4H,210,all_rows,0.8476190476190476,0.4510747619047619,0.2784843451904762,0.1291609977324263,0.1493233474580499,-1.1561024618855338,0.7515275181360233,0.426816955281362,0.32471056285466127,0.7598314606741573,0.9515203386847942,0.3998776190476191
NORMAL_RANGE,upside_breakout,8H,176,all_rows,0.9204545454545454,0.4746721590909091,0.26952294323863635,0.07321797520661157,0.1963049680320248,-2.681103478730159,0.7281158347040094,0.27765780797985723,0.4504580267241522,0.8950617283950617,0.989279349703489,0.4518278409090909
NORMAL_RANGE,upside_breakout,12H,141,all_rows,1.0,0.5016900709219858,0.27465633921985816,0.0,0.27465633921985816,,0.7386330348570471,,,,1.0,0.5032744680851065
NORMAL_RANGE,upside_breakout,24H,39,all_rows,1.0,0.7011333333333334,0.10898972,0.0,0.10898972,,0.37767717691994296,,,,1.0,0.29886666666666667
NORMAL_RANGE,downside_breakdown,1H,233,all_rows,0.4721030042918455,0.23613605150214592,0.312077044248927,0.2492217576304592,0.06285528661846781,-0.2522062568536585,0.8468290899130184,0.6915898872653867,0.1552392026476317,0.42760532150776054,0.435983091600367,0.24650944206008585
NORMAL_RANGE,downside_breakdown,2H,227,all_rows,0.3832599118942731,0.236968281938326,0.2594777155066079,0.23637175182906714,0.02310596367754078,-0.09775264387027904,0.7261782299199718,0.6656374822908679,0.060540747629103886,0.49326765188834154,0.40614697353303103,0.14830220264317182
NORMAL_RANGE,downside_breakdown,4H,210,all_rows,0.29523809523809524,0.23730190476190474,0.21559476866666666,0.20807256235827662,0.007522206308390039,-0.03615184156495213,0.6282231442774973,0.6067753955275416,0.021447748749955697,0.4648539668700959,0.28887166273110115,0.06916666666666668
NORMAL_RANGE,downside_breakdown,8H,176,all_rows,0.09659090909090909,0.23944602272727272,0.10924697403409091,0.08726110537190084,0.021985868662190072,-0.25195496399556033,0.38687098335750175,0.3175272052542172,0.06934377810328457,0.5543840177580466,0.1120642907765155,0.14285511363636363
NORMAL_RANGE,downside_breakdown,12H,141,all_rows,0.0,0.2371241134751773,0.05807028985815602,0.0,0.05807028985815602,,0.2723404412890043,,,,,0.23712411347517728
NORMAL_RANGE,downside_breakdown,24H,39,all_rows,0.0,0.24698461538461539,0.06423874358974359,0.0,0.06423874358974359,,0.2867881698941295,,,,,0.24698461538461539
NORMAL_RANGE,range_continuation,1H,233,all_rows,0.04291845493562232,0.1561755364806867,0.06696966768240344,0.04107646116156128,0.025893206520842156,-0.6303660487937218,0.257980474847032,0.1771107455590613,0.0808697292879707,0.6221973094170403,0.060489143854847924,0.11325708154506438
NORMAL_RANGE,range_continuation,2H,227,all_rows,0.05286343612334802,0.15541101321585904,0.0641059536123348,0.050068893244580734,0.014037060367754067,-0.2803549161589144,0.2367338572904601,0.20686166574173961,0.029872191548720478,0.7945736434108527,0.14094311605360996,0.10254757709251103
NORMAL_RANGE,range_continuation,4H,210,all_rows,0.05238095238095238,0.14271095238095238,0.06037691719047619,0.049637188208616775,0.010739728981859417,-0.2163645719963455,0.22218896474437186,0.20546701585577318,0.01672194888859868,0.845591594335313,0.15427392487902092,0.09033
NORMAL_RANGE,range_continuation,8H,176,all_rows,0.0625,0.1074215909090909,0.049454140681818186,0.05859375,-0.009139609318181814,0.15598266569696964,0.18800818647880788,0.23379165870645932,-0.045783472227651445,0.9396694214876034,0.6723018245455381,0.0683875
NORMAL_RANGE,range_continuation,12H,141,all_rows,0.0,0.09365390070921986,0.015010825106382979,0.0,0.015010825106382979,,0.1022804140669042,,,,,0.09365390070921986
NORMAL_RANGE,range_continuation,24H,39,all_rows,0.0,0.004897435897435898,4.9936923076923076e-05,0.0,4.9936923076923076e-05,,0.004922619361855231,,,,,0.004897435897435898
NORMAL_RANGE,trend_continuation,1H,225,trend_continuation_eligible,0.5422222222222223,0.333304,0.29814506151111114,0.24821728395061726,0.04992777756049388,-0.20114545113799165,0.7961988088190908,0.6895774988928212,0.10662130992626961,0.45034219321979946,0.5032235856107684,0.2145528888888889
NORMAL_RANGE,trend_continuation,2H,219,trend_continuation_eligible,0.5844748858447488,0.33310867579908676,0.30919809735159814,0.24286399366151665,0.0663341036900815,-0.2731327221050823,0.8190592703157626,0.6788064838131019,0.1402527865026607,0.4884958791208791,0.5756952447552206,0.2562858447488584
NORMAL_RANGE,trend_continuation,4H,202,trend_continuation_eligible,0.5693069306930693,0.33312029702970297,0.3038245514356436,0.24519654935790608,0.058628002077737496,-0.23910614660469773,0.8075343774348914,0.683509276189707,0.1240251012451844,0.5111444277861069,0.5670818426908207,0.2415202970297029
NORMAL_RANGE,trend_continuation,8H,171,trend_continuation_eligible,0.8128654970760234,0.3273327485380117,0.3841075823976608,0.1521151807393728,0.231992401658288,-1.5251101207036868,0.9759997358179536,0.4820411846034937,0.4939585512144599,0.6334307553956835,0.8814947015507314,0.48553274853801176
NORMAL_RANGE,trend_continuation,12H,136,trend_continuation_eligible,0.7867647058823529,0.32482352941176473,0.37661843397058825,0.16776600346020762,0.20885243051038063,-1.2449031758685143,0.9602529378957757,0.51821176546376,0.4420411724320157,0.6500161134386078,0.8723340208841482,0.4619411764705882
NORMAL_RANGE,trend_continuation,24H,39,trend_continuation_eligible,1.0,0.3347538461538462,0.4451960158974359,0.0,0.4451960158974359,,1.1047499599446853,,,,1.0,0.6652461538461539
TREND_DOWN,mean_reversion,1H,11,mean_reversion_eligible,0.18181818181818182,0.8308636363636364,0.5299502209090909,0.14876033057851237,0.3811898903305786,-2.5624431516666677,1.365347525259215,0.47413931305783746,0.8912082122013776,1.0,1.0,0.6652090909090909
TREND_DOWN,mean_reversion,2H,11,mean_reversion_eligible,0.18181818181818182,0.8308636363636364,0.5299502209090909,0.14876033057851237,0.3811898903305786,-2.5624431516666677,1.365347525259215,0.47413931305783746,0.8912082122013776,1.0,1.0,0.6652090909090909
TREND_DOWN,mean_reversion,4H,11,mean_reversion_eligible,0.18181818181818182,0.8308636363636364,0.5299502209090909,0.14876033057851237,0.3811898903305786,-2.5624431516666677,1.365347525259215,0.47413931305783746,0.8912082122013776,1.0,1.0,0.6652090909090909
TREND_DOWN,mean_reversion,8H,1,mean_reversion_eligible,1.0,0.9696,0.000924159999999999,0.0,0.000924159999999999,,0.03087166366708703,,,,1.0,0.030399999999999983
TREND_DOWN,upside_breakout,1H,12,all_rows,0.8333333333333334,0.18394166666666667,0.5696412208333334,0.1388888888888889,0.43075233194444446,-3.10141679,1.4780257814471425,0.4505612088663047,1.0274645725808378,0.1,0.7126911976911977,0.6493916666666667
TREND_DOWN,upside_breakout,2H,12,all_rows,1.0,0.18394166666666667,0.6663912208333334,0.0,0.6663912208333334,,1.6996485387493838,,,,1.0,0.8160583333333333
TREND_DOWN,upside_breakout,4H,12,all_rows,1.0,0.18394166666666667,0.6663912208333334,0.0,0.6663912208333334,,1.6996485387493838,,,,1.0,0.8160583333333333
TREND_DOWN,upside_breakout,8H,1,all_rows,1.0,0.2274,0.5969107599999999,0.0,0.5969107599999999,,1.4810446976657015,,,,1.0,0.7726
TREND_DOWN,downside_breakdown,1H,12,all_rows,0.25,0.3428083333333333,0.1891857541666667,0.1875,0.001685754166666692,-0.008990688888889023,0.5665127152381009,0.5623351446188083,0.004177570619292581,0.6666666666666666,0.42063492063492064,0.09280833333333335
TREND_DOWN,downside_breakdown,2H,12,all_rows,0.16666666666666666,0.3428083333333333,0.16236908749999998,0.1388888888888889,0.023480198611111086,-0.16905742999999981,0.5109037574593663,0.4505612088663047,0.06034254859306165,0.75,0.41666666666666663,0.1761416666666667
TREND_DOWN,downside_breakdown,4H,12,all_rows,0.16666666666666666,0.3428083333333333,0.16236908749999998,0.1388888888888889,0.023480198611111086,-0.16905742999999981,0.5109037574593663,0.4505612088663047,0.06034254859306165,0.75,0.41666666666666663,0.1761416666666667
TREND_DOWN,downside_breakdown,8H,1,all_rows,0.0,0.3578,0.12802084,0.0,0.12802084,,0.4428554973267235,,,,,0.3578
TREND_DOWN,range_continuation,1H,12,all_rows,0.0,0.38023333333333337,0.15422415166666667,0.0,0.15422415166666667,,0.4906765651954919,,,,,0.38023333333333337
TREND_DOWN,range_continuation,2H,12,all_rows,0.0,0.38023333333333337,0.15422415166666667,0.0,0.15422415166666667,,0.4906765651954919,,,,,0.38023333333333337
TREND_DOWN,range_continuation,4H,12,all_rows,0.0,0.38023333333333337,0.15422415166666667,0.0,0.15422415166666667,,0.4906765651954919,,,,,0.38023333333333337
TREND_DOWN,range_continuation,8H,1,all_rows,0.0,0.1779,0.03164841,0.0,0.03164841,,0.19589323682404927,,,,,0.1779
TREND_DOWN,trend_continuation,1H,12,trend_continuation_eligible,0.16666666666666666,0.443525,0.20652927416666667,0.1388888888888889,0.06764038527777777,-0.4870107739999999,0.6052299746725452,0.4505612088663047,0.15466876580624056,0.75,0.3666666666666667,0.2768583333333333
TREND_DOWN,trend_continuation,2H,12,trend_continuation_eligible,0.0,0.443525,0.19814594083333334,0.0,0.19814594083333334,,0.5884465125958533,,,,,0.443525
TREND_DOWN,trend_continuation,4H,12,trend_continuation_eligible,0.0,0.443525,0.19814594083333334,0.0,0.19814594083333334,,0.5884465125958533,,,,,0.443525
TREND_DOWN,trend_continuation,8H,1,trend_continuation_eligible,0.0,0.4686,0.21958596000000002,0.0,0.21958596000000002,,0.632240245656424,,,,,0.4686
TREND_UP,mean_reversion,1H,98,mean_reversion_eligible,0.19387755102040816,0.9721081632653061,0.7838358579591836,0.1562890462307372,0.6275468117284464,-4.015296189100599,7.525083373550343,0.4917968567414182,7.033286516808925,0.2971352431712192,0.1450143756755075,0.7999734693877553
TREND_UP,mean_reversion,2H,92,mean_reversion_eligible,0.20652173913043478,0.970854347826087,0.7720983180434782,0.16387051039697542,0.6082278076465027,-3.7116367439942315,7.7352748621692,0.509311622614313,7.225963239554886,0.2617159336697909,0.14766193022577226,0.7874934782608697
TREND_UP,mean_reversion,4H,85,mean_reversion_eligible,0.23529411764705882,0.9713505882352942,0.7462662943529411,0.17993079584775085,0.5663354985051903,-3.1475184436153847,7.94952515497837,0.5455945739691843,7.4039305810091856,0.31884615384615383,0.18535891186782869,0.761124705882353
TREND_UP,mean_reversion,8H,82,mean_reversion_eligible,0.21951219512195122,0.9724865853658536,0.7631888979268293,0.17132659131469363,0.5918623066121357,-3.454585199357639,8.208336689400578,0.5262898694941316,7.6820468199064464,0.3459201388888889,0.18059785889609573,0.778959756097561
TREND_UP,mean_reversion,12H,70,mean_reversion_eligible,0.12857142857142856,0.9695042857142858,0.858277885,0.11204081632653061,0.7462370686734694,-6.660403709471767,9.442844531543484,0.38366200046938814,9.059182531074097,0.08196721311475409,0.07908305236525864,0.8843557142857142
TREND_UP,mean_reversion,24H,49,mean_reversion_eligible,0.1836734693877551,0.9592775510204081,0.8031920412244897,0.1499375260308205,0.6532545151936693,-4.356844697166666,11.068520636967781,0.4769182703436179,10.591602366624164,0.075,0.11339403908935217,0.8376367346938776
TREND_UP,upside_breakout,1H,98,all_rows,0.5714285714285714,0.6172122448979592,0.2386231591836735,0.24489795918367346,-0.006274799999999969,0.025622099999999877,0.6951705378956708,0.6829081047004717,0.012262433195199152,0.6454081632653061,0.6910462085151589,0.10264489795918366
TREND_UP,upside_breakout,2H,92,all_rows,0.6630434782608695,0.6249619565217391,0.25822145032608695,0.22341682419659736,0.03480462612948959,-0.15578337152829186,0.7614684495944608,0.6389960873358717,0.12247236225858915,0.5230037017451085,0.6581696762798699,0.2392684782608696
TREND_UP,upside_breakout,4H,85,all_rows,0.6,0.6390517647058823,0.27135998094117647,0.24000000000000002,0.03135998094117645,-0.13066658725490188,0.8330726914448621,0.6730116670092565,0.16006102443560555,0.5449826989619377,0.5810947847947213,0.27282117647058823
TREND_UP,upside_breakout,8H,82,all_rows,0.8170731707317073,0.6457524390243903,0.15536042402439024,0.14946460440214157,0.005895819622248666,-0.039446259840796055,0.47676483308995093,0.47580267999927905,0.00096215309067188,0.8338308457711443,0.9477473714334509,0.2516597560975609
TREND_UP,upside_breakout,12H,70,all_rows,0.8857142857142857,0.6511157142857142,0.12905524499999999,0.10122448979591837,0.02783075520408161,-0.27494092842741913,0.4120822772646791,0.35538289624601094,0.05669938101866817,1.0,1.0,0.31640999999999997
TREND_UP,upside_breakout,24H,49,all_rows,0.9591836734693877,0.6967551020408163,0.1290185857142857,0.03915035401915869,0.08986823169512702,-2.295464088297872,0.3979627982868344,0.17052985644751142,0.22743294183932297,0.925531914893617,0.9968261357748606,0.2624285714285714
TREND_UP,downside_breakdown,1H,98,all_rows,0.6428571428571429,0.1380765306122449,0.46389407071428573,0.22959183673469388,0.23430223397959185,-1.0205163968888888,1.2610618030264662,0.6517565611726531,0.6093052418538131,0.7040816326530612,0.7715254123781098,0.5047806122448979
TREND_UP,downside_breakdown,2H,92,all_rows,0.5434782608695652,0.13584347826086957,0.3986542791304348,0.24810964083175802,0.15054463829867676,-0.6067665802666667,1.1056043325614318,0.6893616831435102,0.41624264941792155,0.6569047619047619,0.6738249868294182,0.4076347826086956
TREND_UP,downside_breakdown,4H,85,all_rows,0.35294117647058826,0.13355411764705882,0.2647421182352941,0.2283737024221453,0.036368415813148786,-0.15924957833333334,0.7571896146592598,0.649248354870898,0.10794125978836178,0.6506060606060606,0.5083794982338136,0.21938705882352943
TREND_UP,downside_breakdown,8H,82,all_rows,0.17073170731707318,0.13297317073170734,0.14578542975609757,0.14158239143367043,0.004203038322427133,-0.029686165630252143,0.4719285040065349,0.4570445330375596,0.014883970968975313,0.43487394957983194,0.1511350022700613,0.037758536585365855
TREND_UP,downside_breakdown,12H,70,all_rows,0.02857142857142857,0.13278285714285715,0.04135920514285714,0.027755102040816326,0.013604103102040813,-0.49014783235294107,0.19444112094766092,0.12974069471942834,0.06470042622823258,0.40808823529411764,0.03479010925819437,0.10421142857142858
TREND_UP,downside_breakdown,24H,49,all_rows,0.02040816326530612,0.11753061224489797,0.032134035918367346,0.01999167013744273,0.012142365780924615,-0.6073712550000001,0.16156401838979806,0.09962338946616206,0.061940628923636,0.6041666666666666,0.05,0.09712244897959184
TREND_UP,range_continuation,1H,98,all_rows,0.07142857142857142,0.11029897959183674,0.0865651325510204,0.0663265306122449,0.020238601938775497,-0.3051358446153844,0.3534105122115904,0.25731864054383163,0.09609187166775879,0.434850863422292,0.08427619906410053,0.10394591836734694
TREND_UP,range_continuation,2H,92,all_rows,0.13043478260869565,0.11008478260869566,0.11252089956521738,0.11342155009451796,-0.0009006505293005784,0.0079407355000001,0.46049716825092085,0.38721237518636065,0.0732847930645602,0.5479166666666667,0.2644435305496485,0.10183260869565217
TREND_UP,range_continuation,4H,85,all_rows,0.2823529411764706,0.10187058823529413,0.20732761388235296,0.20262975778546713,0.004697856096885833,-0.02318443326502742,0.8015345161342475,0.595161872455932,0.20637264367831554,0.6188524590163934,0.5591150354857035,0.20327999999999996
TREND_UP,range_continuation,8H,82,all_rows,0.10975609756097561,0.09698780487804878,0.042019197073170735,0.09770969660916123,-0.0556904995359905,0.5699587806392694,0.14833712132498802,0.3460050960464662,-0.19766797472147815,1.0,1.0,0.10759268292682928
TREND_UP,range_continuation,12H,70,all_rows,0.11428571428571428,0.10107999999999999,0.039928881428571435,0.10122448979591836,-0.061295608367346925,0.6055412923387096,0.14307809087284706,0.355382896246011,-0.21230480537316393,1.0,1.0,0.11178285714285714
TREND_UP,range_continuation,24H,49,all_rows,0.04081632653061224,0.10977551020408165,0.04404523632653061,0.03915035401915868,0.00489488230737193,-0.12502779170212772,0.14882184240846763,0.17052985644751148,-0.02170801403904385,0.8829787234042553,0.20833333333333331,0.06895918367346937
TREND_UP,trend_continuation,1H,98,trend_continuation_eligible,0.5,0.49489897959183676,0.28634773091836735,0.25,0.03634773091836735,-0.1453909236734694,0.8121113984200516,0.6931471805599453,0.11896421786010636,0.49833402748854644,0.5188811467227376,0.16825204081632655
TREND_UP,trend_continuation,2H,92,trend_continuation_eligible,0.6086956521739131,0.5005945652173913,0.35382089445652176,0.23818525519848768,0.11563563925803408,-0.48548613625000026,1.0222875525836805,0.6693279632926455,0.352959589291035,0.30084325396825395,0.4891892095351103,0.33207282608695654
TREND_UP,trend_continuation,4H,85,trend_continuation_eligible,0.6941176470588235,0.5072141176470588,0.25880427952941176,0.21231833910034603,0.04648594042906573,-0.21894453689700122,0.6997952966184543,0.6157663249727167,0.08402897164573764,0.5658409387222947,0.7847460306285203,0.22356941176470585
TREND_UP,trend_continuation,8H,82,trend_continuation_eligible,0.8414634146341463,0.5084939024390244,0.2713938681707317,0.13340273646638903,0.13799113170434266,-1.034395060847269,0.7187177096690589,0.437235217212901,0.2814824924561579,0.6142697881828316,0.8952657556122552,0.3709768292682927
TREND_UP,trend_continuation,12H,70,trend_continuation_eligible,0.8857142857142857,0.5095528571428571,0.252128969,0.10122448979591837,0.15090447920408162,-1.4907902179435482,0.6751360315458024,0.35538289624601094,0.31975313529979144,0.8891129032258065,0.9861088495827955,0.37616142857142854
TREND_UP,trend_continuation,24H,49,trend_continuation_eligible,1.0,0.5571428571428572,0.25440951836734693,0.0,0.25440951836734693,,0.671692650715562,,,,1.0,0.4428571428571429
VOLATILITY_EXPANSION,mean_reversion,1H,23,mean_reversion_eligible,0.43478260869565216,0.9329521739130434,0.5011694004347826,0.2457466918714556,0.25542270856332705,-1.0393739448461539,1.730535669659146,0.6846162778013046,1.0459193918578413,0.4461538461538462,0.5624825898738941,0.49816956521739125
VOLATILITY_EXPANSION,mean_reversion,2H,23,mean_reversion_eligible,0.6086956521739131,0.9329521739130434,0.3412128786956522,0.23818525519848768,0.10302762349716452,-0.4325524827777781,1.1512066938308179,0.6693279632926455,0.4818787305381723,0.5555555555555556,0.7250742442512629,0.3242565217391304
VOLATILITY_EXPANSION,mean_reversion,4H,23,mean_reversion_eligible,0.782608695652174,0.9329521739130434,0.19664766130434783,0.17013232514177695,0.026515336162570874,-0.15585125366666658,0.7323770926840787,0.5235863374812598,0.20879075520281887,0.45555555555555555,0.7923673982390949,0.15034347826086955
VOLATILITY_EXPANSION,mean_reversion,8H,23,mean_reversion_eligible,0.8695652173913043,0.9329521739130434,0.12666505260869565,0.11342155009451796,0.01324350251417769,-0.11676354716666663,0.538304474893355,0.38721237518636065,0.15109209970699433,0.2833333333333333,0.8253541088348095,0.13644782608695655
VOLATILITY_EXPANSION,mean_reversion,12H,23,mean_reversion_eligible,0.9130434782608695,0.9329521739130434,0.08999548739130435,0.07939508506616257,0.010600402325141783,-0.1335145911904763,0.431101336284535,0.2954391918721161,0.13566214441241892,0.19047619047619047,0.855785540138366,0.0929695652173913
VOLATILITY_EXPANSION,mean_reversion,24H,21,mean_reversion_eligible,1.0,0.9284666666666668,0.007075485714285716,0.0,0.007075485714285716,,0.07535906029170672,,,,1.0,0.07153333333333334
VOLATILITY_EXPANSION,upside_breakout,1H,23,all_rows,0.43478260869565216,0.2885304347826087,0.2957649617391304,0.2457466918714556,0.050018269867674825,-0.20353588276923062,0.8054444952378497,0.6846162778013046,0.12082821743654504,0.5230769230769231,0.4547527910685806,0.24883478260869568
VOLATILITY_EXPANSION,upside_breakout,2H,23,all_rows,0.4782608695652174,0.2885304347826087,0.32253887478260873,0.2495274102079395,0.07301146457466923,-0.2925989754545456,0.867897635181813,0.6922017029622767,0.17569593221953628,0.5,0.47741348895655117,0.29231304347826087
VOLATILITY_EXPANSION,upside_breakout,4H,23,all_rows,0.5217391304347826,0.2885304347826087,0.4022867008695652,0.2495274102079395,0.1527592906616257,-0.61219443,1.0630270989215311,0.6922017029622767,0.37082539595925446,0.19696969696969696,0.39014823934522075,0.509704347826087
VOLATILITY_EXPANSION,upside_breakout,8H,23,all_rows,0.6521739130434783,0.2885304347826087,0.46748670086956523,0.22684310018903592,0.2406436006805293,-1.0608372063333333,1.2218833567599667,0.6460905050608089,0.5757928516991578,0.06666666666666667,0.4853090776849021,0.5551565217391303
VOLATILITY_EXPANSION,upside_breakout,12H,23,all_rows,0.6521739130434783,0.2885304347826087,0.46748670086956523,0.22684310018903592,0.2406436006805293,-1.0608372063333333,1.2218833567599667,0.6460905050608089,0.5757928516991578,0.06666666666666667,0.4853090776849021,0.5551565217391303
VOLATILITY_EXPANSION,upside_breakout,24H,21,all_rows,0.6666666666666666,0.2762047619047619,0.48791436714285713,0.22222222222222224,0.26569214492063487,-1.1956146521428568,1.2711860422654566,0.6365141682948128,0.6346718739706438,0.030612244897959183,0.4791063619043495,0.6158428571428571
VOLATILITY_EXPANSION,downside_breakdown,1H,23,all_rows,0.7391304347826086,0.2924086956521739,0.4186267365217391,0.19281663516068054,0.22581010136105856,-1.1711131727450979,1.093302244357162,0.5739644913933235,0.5193377529638386,0.3627450980392157,0.7193919261112217,0.4467217391304348
VOLATILITY_EXPANSION,downside_breakdown,2H,23,all_rows,0.6956521739130435,0.2924086956521739,0.4134702147826087,0.2117202268431002,0.2017499879395085,-0.9529084251785712,1.0829404343580489,0.6145033203107282,0.4684371140473207,0.2767857142857143,0.5950130559463493,0.4276521739130435
VOLATILITY_EXPANSION,downside_breakdown,4H,23,all_rows,0.5652173913043478,0.2924086956521739,0.3316876060869565,0.2457466918714556,0.08594091421550093,-0.34971341246153836,0.8862883844634117,0.6846162778013047,0.201672106662107,0.47692307692307695,0.5535428881404113,0.2972173913043478
VOLATILITY_EXPANSION,downside_breakdown,8H,23,all_rows,0.43478260869565216,0.2924086956521739,0.2780876060869565,0.2457466918714556,0.03234091421550089,-0.131602643230769,0.7663037994684434,0.6846162778013046,0.08168752166713877,0.47692307692307695,0.43568774878372396,0.16678260869565215
VOLATILITY_EXPANSION,downside_breakdown,12H,23,all_rows,0.391304347826087,0.2924086956521739,0.27763543217391307,0.23818525519848774,0.03945017697542533,-0.16562812396825394,0.770007228079692,0.6693279632926454,0.10067926478704659,0.3888888888888889,0.36287320971273496,0.23318260869565216
VOLATILITY_EXPANSION,downside_breakdown,24H,21,all_rows,0.38095238095238093,0.30084285714285713,0.28979939476190475,0.23582766439909297,0.053971730362811776,-0.2288608950961538,0.8007522718531513,0.6645284386549152,0.13622383319823617,0.2980769230769231,0.3219228371173031,0.3224238095238095
VOLATILITY_EXPANSION,range_continuation,1H,23,all_rows,0.043478260869565216,0.3234173913043478,0.12520128695652175,0.04158790170132325,0.08361338525519849,-2.0105218545454546,0.4179673668066268,0.17884491271684755,0.23912245408977928,0.8636363636363636,0.25,0.27993913043478263
VOLATILITY_EXPANSION,range_continuation,2H,23,all_rows,0.043478260869565216,0.3234173913043478,0.12520128695652175,0.04158790170132325,0.08361338525519849,-2.0105218545454546,0.4179673668066268,0.17884491271684755,0.23912245408977928,0.8636363636363636,0.25,0.27993913043478263
VOLATILITY_EXPANSION,range_continuation,4H,23,all_rows,0.13043478260869565,0.3234173913043478,0.14180998260869565,0.11342155009451796,0.02838843251417769,-0.25029134666666664,0.45243145489355857,0.38721237518636065,0.06521907970719792,0.7,0.4772727272727273,0.23473043478260872
VOLATILITY_EXPANSION,range_continuation,8H,23,all_rows,0.13043478260869565,0.3234173913043478,0.1517665043478261,0.11342155009451796,0.03834495425330814,-0.33807468000000007,0.4725469656065531,0.38721237518636065,0.08533459042019248,0.6,0.19155844155844157,0.19298260869565217
VOLATILITY_EXPANSION,range_continuation,12H,23,all_rows,0.08695652173913043,0.3234173913043478,0.14354041739130435,0.07939508506616258,0.06414533232514177,-0.8079257333333332,0.4558941535828097,0.295439191872116,0.16045496171069373,0.5238095238095238,0.12878787878787878,0.2364608695652174
VOLATILITY_EXPANSION,range_continuation,24H,21,all_rows,0.047619047619047616,0.33758571428571427,0.14172330238095238,0.045351473922902494,0.09637182845804988,-2.1249988175,0.4560075544515973,0.19144408195771734,0.26456347249387996,0.45,0.08333333333333333,0.28996666666666665
VOLATILITY_EXPANSION,trend_continuation,1H,23,trend_continuation_eligible,0.21739130434782608,0.29322173913043476,0.17942672826086958,0.17013232514177695,0.009294403119092631,-0.054630436111111125,0.5452376696824955,0.5235863374812598,0.021651332201235718,0.5666666666666667,0.294978354978355,0.1284304347826087
VOLATILITY_EXPANSION,trend_continuation,2H,23,trend_continuation_eligible,0.13043478260869565,0.29322173913043476,0.14375716304347827,0.11342155009451796,0.03033561294896031,-0.2674589875000001,0.4693598617463495,0.38721237518636065,0.08214748655998888,0.5166666666666667,0.19624819624819623,0.16278695652173913
VOLATILITY_EXPANSION,trend_continuation,4H,23,trend_continuation_eligible,0.08695652173913043,0.29322173913043476,0.1286006413043478,0.07939508506616258,0.04920555623818523,-0.6197556964285711,0.4379086856613398,0.295439191872116,0.1424694937892238,0.21428571428571427,0.08116883116883117,0.20626521739130435
VOLATILITY_EXPANSION,trend_continuation,8H,23,trend_continuation_eligible,0.13043478260869565,0.29322173913043476,0.13472238043478263,0.11342155009451796,0.02130083034026467,-0.1878023208333335,0.44819720937267205,0.38721237518636065,0.0609848341863114,0.7,0.2777777777777778,0.16278695652173913
VOLATILITY_EXPANSION,trend_continuation,12H,23,trend_continuation_eligible,0.08695652173913043,0.29322173913043476,0.11742672826086957,0.07939508506616258,0.03803164319470699,-0.4790176011904761,0.4115856774163505,0.295439191872116,0.11614648554423451,0.6666666666666666,0.23809523809523808,0.20626521739130432
VOLATILITY_EXPANSION,trend_continuation,24H,21,trend_continuation_eligible,0.23809523809523808,0.289852380952381,0.17727453857142855,0.18140589569160995,-0.004131357120181395,0.022774106124999943,0.5414033935214606,0.5488743844849944,-0.0074709909635337635,0.475,0.5337728937728938,0.05175714285714286
