model_id,target,horizon,tier,semantic_name,semantic_description,model_family,feature_set,calibration,feature_contract,label_version,spec_version,calibration_version,strategy_relevance,test_bss,test_brier,test_auc,test_pr_auc,test_ece,validation_bss,walkforward_positive_folds,walkforward_folds,nonoverlap_bss,nonoverlap_positive,positive_regime_rows,quality_grade,artifact_path,artifact_sha256,probability_output,preprocessing,train_period,validation_period,test_period,unsupported_behavior
probability_v2_candidate_v1__realized_over_range_width_ge_1__1h,realized_over_range_width_ge_1,1H,CORE,P_REALIZED_OVER_RANGE_WIDTH_GE_1_1H,Probability the realized future 1H high-low path width is at least 1x the frozen 70% range width.,logistic,all_step13,platt,probability_v2_features_v1,label_v2,probability_v2_candidate_v1,calibration_v2_candidate_v1,BOTH,0.0561298766364585,0.1038968160168706,0.6916017227235439,0.931206261490966,0.0113854627031779,0.0702668861453348,3,3,0.0049464946178522,True,2,MEDIUM,reports/step15_frozen_v2_models/probability_v2_candidate_v1__realized_over_range_width_ge_1__1h.pkl,9eed37bea357bd1e29ca85034bfe51034916524ce64270458d9b1e62cc05b5b4,"float in [0, 1]",train-only median imputation; logistic models use train-only scaling; tree models use unscaled imputed features,"{'start': '2026-05-24T03:00:00Z', 'end_after_embargo': 'varies by horizon, latest 2026-07-15T16:00:00Z'}","{'start': '2026-07-15T16:30:00Z', 'end_after_embargo': 'varies by horizon, latest 2026-08-02T04:30:00Z'}","{'start': '2026-08-02T05:00:00Z', 'end': '2026-08-19T17:30:00Z'}","abstain when target/horizon unsupported, required feature missing after warmup, unsupported regime, stale/as-of violation, or OOD quality gate fails"
probability_v2_candidate_v1__realized_over_range_width_ge_1__2h,realized_over_range_width_ge_1,2H,CORE,P_REALIZED_OVER_RANGE_WIDTH_GE_1_2H,Probability the realized future 2H high-low path width is at least 1x the frozen 70% range width.,logistic,step11_individuals,platt,probability_v2_features_v1,label_v2,probability_v2_candidate_v1,calibration_v2_candidate_v1,BOTH,0.1070580126588525,0.1007167973464192,0.7469867454347472,0.942541364714024,0.0213324400041241,0.0807986264754272,3,3,0.1966254985769513,True,2,HIGH,reports/step15_frozen_v2_models/probability_v2_candidate_v1__realized_over_range_width_ge_1__2h.pkl,e3439cbcf2532fed2b9d65356ea8659cfd81e3fd91777b9e3c47e8e7d7d6e5aa,"float in [0, 1]",train-only median imputation; logistic models use train-only scaling; tree models use unscaled imputed features,"{'start': '2026-05-24T03:00:00Z', 'end_after_embargo': 'varies by horizon, latest 2026-07-15T16:00:00Z'}","{'start': '2026-07-15T16:30:00Z', 'end_after_embargo': 'varies by horizon, latest 2026-08-02T04:30:00Z'}","{'start': '2026-08-02T05:00:00Z', 'end': '2026-08-19T17:30:00Z'}","abstain when target/horizon unsupported, required feature missing after warmup, unsupported regime, stale/as-of violation, or OOD quality gate fails"
probability_v2_candidate_v1__realized_over_range_width_ge_1__4h,realized_over_range_width_ge_1,4H,CORE,P_REALIZED_OVER_RANGE_WIDTH_GE_1_4H,Probability the realized future 4H high-low path width is at least 1x the frozen 70% range width.,logistic,compact_deredundant,platt,probability_v2_features_v1,label_v2,probability_v2_candidate_v1,calibration_v2_candidate_v1,BOTH,0.1233757593844959,0.1056395339123431,0.7861340013109842,0.9503683245107264,0.0299907315178869,0.0611019314417745,3,3,,False,2,HIGH,reports/step15_frozen_v2_models/probability_v2_candidate_v1__realized_over_range_width_ge_1__4h.pkl,a2a3b29df83aeee8a8a3879d6101ebb4c08481dfc27342f0d3b45159403a5338,"float in [0, 1]",train-only median imputation; logistic models use train-only scaling; tree models use unscaled imputed features,"{'start': '2026-05-24T03:00:00Z', 'end_after_embargo': 'varies by horizon, latest 2026-07-15T16:00:00Z'}","{'start': '2026-07-15T16:30:00Z', 'end_after_embargo': 'varies by horizon, latest 2026-08-02T04:30:00Z'}","{'start': '2026-08-02T05:00:00Z', 'end': '2026-08-19T17:30:00Z'}","abstain when target/horizon unsupported, required feature missing after warmup, unsupported regime, stale/as-of violation, or OOD quality gate fails"
probability_v2_candidate_v1__realized_over_range_width_ge_1__8h,realized_over_range_width_ge_1,8H,CORE,P_REALIZED_OVER_RANGE_WIDTH_GE_1_8H,Probability the realized future 8H high-low path width is at least 1x the frozen 70% range width.,tree_depth2,compact_deredundant,platt,probability_v2_features_v1,label_v2,probability_v2_candidate_v1,calibration_v2_candidate_v1,BOTH,0.0734170618557717,0.1253860678471988,0.6180313269422181,0.910034055032832,0.0432058747187381,0.116739793473466,3,3,,False,2,MEDIUM,reports/step15_frozen_v2_models/probability_v2_candidate_v1__realized_over_range_width_ge_1__8h.pkl,c2cb3687c972e6674c86dc99c9fd9432d25a23cd52182a71404338cf9406b040,"float in [0, 1]",train-only median imputation; logistic models use train-only scaling; tree models use unscaled imputed features,"{'start': '2026-05-24T03:00:00Z', 'end_after_embargo': 'varies by horizon, latest 2026-07-15T16:00:00Z'}","{'start': '2026-07-15T16:30:00Z', 'end_after_embargo': 'varies by horizon, latest 2026-08-02T04:30:00Z'}","{'start': '2026-08-02T05:00:00Z', 'end': '2026-08-19T17:30:00Z'}","abstain when target/horizon unsupported, required feature missing after warmup, unsupported regime, stale/as-of violation, or OOD quality gate fails"
probability_v2_candidate_v1__realized_over_range_width_ge_1__12h,realized_over_range_width_ge_1,12H,CORE,P_REALIZED_OVER_RANGE_WIDTH_GE_1_12H,Probability the realized future 12H high-low path width is at least 1x the frozen 70% range width.,logistic,step11_individuals,platt,probability_v2_features_v1,label_v2,probability_v2_candidate_v1,calibration_v2_candidate_v1,BOTH,0.1437403513710986,0.114066581987649,0.8448250106700811,0.9580745624442524,0.060818123781884,0.1410461723269164,3,3,,False,2,HIGH,reports/step15_frozen_v2_models/probability_v2_candidate_v1__realized_over_range_width_ge_1__12h.pkl,16f5e6aad774b634b874a7b119f46c91dd2c72a3dfc450969fbbc41ed219f240,"float in [0, 1]",train-only median imputation; logistic models use train-only scaling; tree models use unscaled imputed features,"{'start': '2026-05-24T03:00:00Z', 'end_after_embargo': 'varies by horizon, latest 2026-07-15T16:00:00Z'}","{'start': '2026-07-15T16:30:00Z', 'end_after_embargo': 'varies by horizon, latest 2026-08-02T04:30:00Z'}","{'start': '2026-08-02T05:00:00Z', 'end': '2026-08-19T17:30:00Z'}","abstain when target/horizon unsupported, required feature missing after warmup, unsupported regime, stale/as-of violation, or OOD quality gate fails"
probability_v2_candidate_v1__realized_over_range_width_ge_1__24h,realized_over_range_width_ge_1,24H,CORE,P_REALIZED_OVER_RANGE_WIDTH_GE_1_24H,Probability the realized future 24H high-low path width is at least 1x the frozen 70% range width.,logistic,compact_deredundant,platt,probability_v2_features_v1,label_v2,probability_v2_candidate_v1,calibration_v2_candidate_v1,BOTH,0.0741058753812807,0.1315190993741979,0.7787795368257314,0.9275249625528812,0.0943603520426293,0.25352514500046,3,3,,False,2,MEDIUM,reports/step15_frozen_v2_models/probability_v2_candidate_v1__realized_over_range_width_ge_1__24h.pkl,707d1ba2ea5886d4608b4598cd80adb2d262b5609875ec309b7631551b272607,"float in [0, 1]",train-only median imputation; logistic models use train-only scaling; tree models use unscaled imputed features,"{'start': '2026-05-24T03:00:00Z', 'end_after_embargo': 'varies by horizon, latest 2026-07-15T16:00:00Z'}","{'start': '2026-07-15T16:30:00Z', 'end_after_embargo': 'varies by horizon, latest 2026-08-02T04:30:00Z'}","{'start': '2026-08-02T05:00:00Z', 'end': '2026-08-19T17:30:00Z'}","abstain when target/horizon unsupported, required feature missing after warmup, unsupported regime, stale/as-of violation, or OOD quality gate fails"
probability_v2_candidate_v1__path_inside_70__4h,path_inside_70,4H,CORE,P_PATH_INSIDE_70_4H,Probability the full future 4H path remains inside the frozen Step 13 70% range containment definition.,tree_depth2,step11_individuals,none,probability_v2_features_v1,label_v2,probability_v2_candidate_v1,calibration_v2_candidate_v1,BOTH,0.0428368495846094,0.0433275437354415,0.7051745635910225,0.1898648281332,0.0215181912542501,0.0614400564060484,3,3,,False,1,MEDIUM,reports/step15_frozen_v2_models/probability_v2_candidate_v1__path_inside_70__4h.pkl,6b9f8c2c705d4102f564bcf0fa89b1bbdc84ad12de5bdd62757742206235a942,"float in [0, 1]",train-only median imputation; logistic models use train-only scaling; tree models use unscaled imputed features,"{'start': '2026-05-24T03:00:00Z', 'end_after_embargo': 'varies by horizon, latest 2026-07-15T16:00:00Z'}","{'start': '2026-07-15T16:30:00Z', 'end_after_embargo': 'varies by horizon, latest 2026-08-02T04:30:00Z'}","{'start': '2026-08-02T05:00:00Z', 'end': '2026-08-19T17:30:00Z'}","abstain when target/horizon unsupported, required feature missing after warmup, unsupported regime, stale/as-of violation, or OOD quality gate fails"
probability_v2_candidate_v1__path_inside_70__8h,path_inside_70,8H,CORE,P_PATH_INSIDE_70_8H,Probability the full future 8H path remains inside the frozen Step 13 70% range containment definition.,tree_depth2,step12_interactions,platt,probability_v2_features_v1,label_v2,probability_v2_candidate_v1,calibration_v2_candidate_v1,BOTH,0.0515744509798035,0.0560848803527777,0.6677188703159003,0.208712349437238,0.0288079278999567,0.0677458487398308,3,3,,False,2,MEDIUM,reports/step15_frozen_v2_models/probability_v2_candidate_v1__path_inside_70__8h.pkl,42956743dd81f22f902eab094358d8e9c0b8833cd7ab1e442bd6d172a91939d9,"float in [0, 1]",train-only median imputation; logistic models use train-only scaling; tree models use unscaled imputed features,"{'start': '2026-05-24T03:00:00Z', 'end_after_embargo': 'varies by horizon, latest 2026-07-15T16:00:00Z'}","{'start': '2026-07-15T16:30:00Z', 'end_after_embargo': 'varies by horizon, latest 2026-08-02T04:30:00Z'}","{'start': '2026-08-02T05:00:00Z', 'end': '2026-08-19T17:30:00Z'}","abstain when target/horizon unsupported, required feature missing after warmup, unsupported regime, stale/as-of violation, or OOD quality gate fails"
probability_v2_candidate_v1__path_inside_70__12h,path_inside_70,12H,CORE,P_PATH_INSIDE_70_12H,Probability the full future 12H path remains inside the frozen Step 13 70% range containment definition.,logistic,all_step13,platt,probability_v2_features_v1,label_v2,probability_v2_candidate_v1,calibration_v2_candidate_v1,BOTH,0.034132229173605,0.0634249000753677,0.8667229473775353,0.3214949681348633,0.0253458064032565,0.0641882673138282,3,3,,False,2,MEDIUM,reports/step15_frozen_v2_models/probability_v2_candidate_v1__path_inside_70__12h.pkl,de146eb30b6dc810e089ae25955546cd65582bf451a8209a8108a9b76867bba0,"float in [0, 1]",train-only median imputation; logistic models use train-only scaling; tree models use unscaled imputed features,"{'start': '2026-05-24T03:00:00Z', 'end_after_embargo': 'varies by horizon, latest 2026-07-15T16:00:00Z'}","{'start': '2026-07-15T16:30:00Z', 'end_after_embargo': 'varies by horizon, latest 2026-08-02T04:30:00Z'}","{'start': '2026-08-02T05:00:00Z', 'end': '2026-08-19T17:30:00Z'}","abstain when target/horizon unsupported, required feature missing after warmup, unsupported regime, stale/as-of violation, or OOD quality gate fails"
probability_v2_candidate_v1__path_inside_70__24h,path_inside_70,24H,CORE,P_PATH_INSIDE_70_24H,Probability the full future 24H path remains inside the frozen Step 13 70% range containment definition.,logistic,step11_individuals,platt,probability_v2_features_v1,label_v2,probability_v2_candidate_v1,calibration_v2_candidate_v1,BOTH,0.0225455764847921,0.0743207112149821,0.81218650250798,0.2793117666703394,0.053549196970732,0.12612710574284,3,3,,False,2,MEDIUM,reports/step15_frozen_v2_models/probability_v2_candidate_v1__path_inside_70__24h.pkl,abfc155cbdab7a54456166275ee68a469e7c124b6b945f047b7cc02bb3adcd5f,"float in [0, 1]",train-only median imputation; logistic models use train-only scaling; tree models use unscaled imputed features,"{'start': '2026-05-24T03:00:00Z', 'end_after_embargo': 'varies by horizon, latest 2026-07-15T16:00:00Z'}","{'start': '2026-07-15T16:30:00Z', 'end_after_embargo': 'varies by horizon, latest 2026-08-02T04:30:00Z'}","{'start': '2026-08-02T05:00:00Z', 'end': '2026-08-19T17:30:00Z'}","abstain when target/horizon unsupported, required feature missing after warmup, unsupported regime, stale/as-of violation, or OOD quality gate fails"
probability_v2_candidate_v1__both_side_breach__4h,both_side_breach,4H,CORE,P_BOTH_SIDE_BREACH_4H,Probability both upper and lower frozen 70% range boundaries are breached within the future 4H path.,logistic,step11_individuals,platt,probability_v2_features_v1,label_v2,probability_v2_candidate_v1,calibration_v2_candidate_v1,IRON_FLY,0.0380628844268559,0.2118820382557954,0.6167493900358575,0.3992863909932094,0.0265358869877316,0.0551823201578932,3,3,,False,2,MEDIUM,reports/step15_frozen_v2_models/probability_v2_candidate_v1__both_side_breach__4h.pkl,95f5111cfee7dc164536f18a58608893346d0f6d69c58c4ef968f3c2badc5760,"float in [0, 1]",train-only median imputation; logistic models use train-only scaling; tree models use unscaled imputed features,"{'start': '2026-05-24T03:00:00Z', 'end_after_embargo': 'varies by horizon, latest 2026-07-15T16:00:00Z'}","{'start': '2026-07-15T16:30:00Z', 'end_after_embargo': 'varies by horizon, latest 2026-08-02T04:30:00Z'}","{'start': '2026-08-02T05:00:00Z', 'end': '2026-08-19T17:30:00Z'}","abstain when target/horizon unsupported, required feature missing after warmup, unsupported regime, stale/as-of violation, or OOD quality gate fails"
probability_v2_candidate_v1__both_side_breach__8h,both_side_breach,8H,CORE,P_BOTH_SIDE_BREACH_8H,Probability both upper and lower frozen 70% range boundaries are breached within the future 8H path.,logistic,step11_individuals,platt,probability_v2_features_v1,label_v2,probability_v2_candidate_v1,calibration_v2_candidate_v1,IRON_FLY,0.0476450908980193,0.2159073282973347,0.6303362391033623,0.4113864997164705,0.0339963148868125,0.0350938794519378,3,3,,False,2,MEDIUM,reports/step15_frozen_v2_models/probability_v2_candidate_v1__both_side_breach__8h.pkl,7bc24c8f239bc92b0cd3c187db1e1e10a5d837e5512fa6679580c679cc09bba5,"float in [0, 1]",train-only median imputation; logistic models use train-only scaling; tree models use unscaled imputed features,"{'start': '2026-05-24T03:00:00Z', 'end_after_embargo': 'varies by horizon, latest 2026-07-15T16:00:00Z'}","{'start': '2026-07-15T16:30:00Z', 'end_after_embargo': 'varies by horizon, latest 2026-08-02T04:30:00Z'}","{'start': '2026-08-02T05:00:00Z', 'end': '2026-08-19T17:30:00Z'}","abstain when target/horizon unsupported, required feature missing after warmup, unsupported regime, stale/as-of violation, or OOD quality gate fails"
probability_v2_candidate_v1__both_side_breach__12h,both_side_breach,12H,CORE,P_BOTH_SIDE_BREACH_12H,Probability both upper and lower frozen 70% range boundaries are breached within the future 12H path.,tree_depth2,step11_individuals,platt,probability_v2_features_v1,label_v2,probability_v2_candidate_v1,calibration_v2_candidate_v1,IRON_FLY,0.0628332086500157,0.2199482141560867,0.5887232312279751,0.493715836560479,0.0384406195675793,0.066837587551597,3,3,,False,2,MEDIUM,reports/step15_frozen_v2_models/probability_v2_candidate_v1__both_side_breach__12h.pkl,c21bc3623568fd195a787ef389c58a97e1ea2f00b469ced90c409faf0a6a689d,"float in [0, 1]",train-only median imputation; logistic models use train-only scaling; tree models use unscaled imputed features,"{'start': '2026-05-24T03:00:00Z', 'end_after_embargo': 'varies by horizon, latest 2026-07-15T16:00:00Z'}","{'start': '2026-07-15T16:30:00Z', 'end_after_embargo': 'varies by horizon, latest 2026-08-02T04:30:00Z'}","{'start': '2026-08-02T05:00:00Z', 'end': '2026-08-19T17:30:00Z'}","abstain when target/horizon unsupported, required feature missing after warmup, unsupported regime, stale/as-of violation, or OOD quality gate fails"
probability_v2_candidate_v1__both_side_breach__24h,both_side_breach,24H,CORE,P_BOTH_SIDE_BREACH_24H,Probability both upper and lower frozen 70% range boundaries are breached within the future 24H path.,logistic,compact_deredundant,platt,probability_v2_features_v1,label_v2,probability_v2_candidate_v1,calibration_v2_candidate_v1,IRON_FLY,0.1574717459634944,0.211784406349941,0.7366424425247955,0.619950152845665,0.0931787129665031,0.0816438040307482,3,3,,False,2,HIGH,reports/step15_frozen_v2_models/probability_v2_candidate_v1__both_side_breach__24h.pkl,812ed45549dfb95d6054687a842cd286f728fb3d4de597f0663afe7b3465e609,"float in [0, 1]",train-only median imputation; logistic models use train-only scaling; tree models use unscaled imputed features,"{'start': '2026-05-24T03:00:00Z', 'end_after_embargo': 'varies by horizon, latest 2026-07-15T16:00:00Z'}","{'start': '2026-07-15T16:30:00Z', 'end_after_embargo': 'varies by horizon, latest 2026-08-02T04:30:00Z'}","{'start': '2026-08-02T05:00:00Z', 'end': '2026-08-19T17:30:00Z'}","abstain when target/horizon unsupported, required feature missing after warmup, unsupported regime, stale/as-of violation, or OOD quality gate fails"
probability_v2_candidate_v1__upside_breakout__12h,upside_breakout,12H,SECONDARY,P_UPSIDE_BREAKOUT_12H,Probability the existing Label V2 upside breakout event occurs over the future 12H.,tree_depth2,step11_individuals,platt,probability_v2_features_v1,label_v2,probability_v2_candidate_v1,calibration_v2_candidate_v1,GENERIC_PROBABILITY,0.0792267096568017,0.2000999438045957,0.6334014889378211,0.7622137102855496,0.0332330554831895,0.0867896928157552,3,3,,False,2,MEDIUM,reports/step15_frozen_v2_models/probability_v2_candidate_v1__upside_breakout__12h.pkl,8fae22aed5187eaba67dbab828a686b3788bbda522dbc7d22511bf36bbcab86e,"float in [0, 1]",train-only median imputation; logistic models use train-only scaling; tree models use unscaled imputed features,"{'start': '2026-05-24T03:00:00Z', 'end_after_embargo': 'varies by horizon, latest 2026-07-15T16:00:00Z'}","{'start': '2026-07-15T16:30:00Z', 'end_after_embargo': 'varies by horizon, latest 2026-08-02T04:30:00Z'}","{'start': '2026-08-02T05:00:00Z', 'end': '2026-08-19T17:30:00Z'}","abstain when target/horizon unsupported, required feature missing after warmup, unsupported regime, stale/as-of violation, or OOD quality gate fails"
probability_v2_candidate_v1__upside_breakout__24h,upside_breakout,24H,SECONDARY,P_UPSIDE_BREAKOUT_24H,Probability the existing Label V2 upside breakout event occurs over the future 24H.,logistic,step11_individuals,platt,probability_v2_features_v1,label_v2,probability_v2_candidate_v1,calibration_v2_candidate_v1,GENERIC_PROBABILITY,0.0893035025535492,0.1831479585830922,0.6951754385964912,0.8393879840290207,0.0444529176362335,0.0984714461593344,2,3,,False,2,HIGH,reports/step15_frozen_v2_models/probability_v2_candidate_v1__upside_breakout__24h.pkl,7a476c8f898533f1c45d72e77f09e0fe27470ab9097151b061f76b8da1dc1107,"float in [0, 1]",train-only median imputation; logistic models use train-only scaling; tree models use unscaled imputed features,"{'start': '2026-05-24T03:00:00Z', 'end_after_embargo': 'varies by horizon, latest 2026-07-15T16:00:00Z'}","{'start': '2026-07-15T16:30:00Z', 'end_after_embargo': 'varies by horizon, latest 2026-08-02T04:30:00Z'}","{'start': '2026-08-02T05:00:00Z', 'end': '2026-08-19T17:30:00Z'}","abstain when target/horizon unsupported, required feature missing after warmup, unsupported regime, stale/as-of violation, or OOD quality gate fails"
probability_v2_candidate_v1__downside_breakdown__1h,downside_breakdown,1H,SECONDARY,P_DOWNSIDE_BREAKDOWN_1H,Probability the existing Label V2 downside breakdown event occurs over the future 1H.,logistic,step11_individuals,platt,probability_v2_features_v1,label_v2,probability_v2_candidate_v1,calibration_v2_candidate_v1,GENERIC_PROBABILITY,0.0204604665026291,0.2168290165768376,0.5782762329082809,0.7409299737238729,0.0222803259593774,0.0377712686217164,3,3,0.0463884682812285,True,2,MEDIUM,reports/step15_frozen_v2_models/probability_v2_candidate_v1__downside_breakdown__1h.pkl,1e117d3214c26aa1b073dc3138aa7dd56a945f7bfbb5490e0af444d8d00c18b3,"float in [0, 1]",train-only median imputation; logistic models use train-only scaling; tree models use unscaled imputed features,"{'start': '2026-05-24T03:00:00Z', 'end_after_embargo': 'varies by horizon, latest 2026-07-15T16:00:00Z'}","{'start': '2026-07-15T16:30:00Z', 'end_after_embargo': 'varies by horizon, latest 2026-08-02T04:30:00Z'}","{'start': '2026-08-02T05:00:00Z', 'end': '2026-08-19T17:30:00Z'}","abstain when target/horizon unsupported, required feature missing after warmup, unsupported regime, stale/as-of violation, or OOD quality gate fails"
probability_v2_candidate_v1__downside_breakdown__24h,downside_breakdown,24H,SECONDARY,P_DOWNSIDE_BREAKDOWN_24H,Probability the existing Label V2 downside breakdown event occurs over the future 24H.,tree_depth2,compact_deredundant,platt,probability_v2_features_v1,label_v2,probability_v2_candidate_v1,calibration_v2_candidate_v1,GENERIC_PROBABILITY,0.0519068602785917,0.2203985722725346,0.5702553409423471,0.7062138335210659,0.0313074325665323,0.0356499636607876,1,3,,False,2,LOW,reports/step15_frozen_v2_models/probability_v2_candidate_v1__downside_breakdown__24h.pkl,cfd48d35f40f80f3e10b7ec0325473d3a8c1b2da3f50f05807e909942c556af5,"float in [0, 1]",train-only median imputation; logistic models use train-only scaling; tree models use unscaled imputed features,"{'start': '2026-05-24T03:00:00Z', 'end_after_embargo': 'varies by horizon, latest 2026-07-15T16:00:00Z'}","{'start': '2026-07-15T16:30:00Z', 'end_after_embargo': 'varies by horizon, latest 2026-08-02T04:30:00Z'}","{'start': '2026-08-02T05:00:00Z', 'end': '2026-08-19T17:30:00Z'}","abstain when target/horizon unsupported, required feature missing after warmup, unsupported regime, stale/as-of violation, or OOD quality gate fails"
probability_v2_candidate_v1__upper_breach_only__1h,upper_breach_only,1H,STRATEGY_SPECIFIC,P_UPPER_BREACH_ONLY_1H,Probability only the upper frozen 70% range boundary is breached within the future 1H path.,logistic,step11_individuals,platt,probability_v2_features_v1,label_v2,probability_v2_candidate_v1,calibration_v2_candidate_v1,IRON_FLY,0.0117593514617134,0.2024421722573064,0.5540351605758582,0.31516392567017,0.0126789222035199,0.0234848640994903,2,3,0.0543611583318269,True,2,LOW,reports/step15_frozen_v2_models/probability_v2_candidate_v1__upper_breach_only__1h.pkl,5e9fb988055149406805163c45094627705eecfac6c507f4c9862b8478b5eea5,"float in [0, 1]",train-only median imputation; logistic models use train-only scaling; tree models use unscaled imputed features,"{'start': '2026-05-24T03:00:00Z', 'end_after_embargo': 'varies by horizon, latest 2026-07-15T16:00:00Z'}","{'start': '2026-07-15T16:30:00Z', 'end_after_embargo': 'varies by horizon, latest 2026-08-02T04:30:00Z'}","{'start': '2026-08-02T05:00:00Z', 'end': '2026-08-19T17:30:00Z'}","abstain when target/horizon unsupported, required feature missing after warmup, unsupported regime, stale/as-of violation, or OOD quality gate fails"
probability_v2_candidate_v1__upper_breach_only__4h,upper_breach_only,4H,STRATEGY_SPECIFIC,P_UPPER_BREACH_ONLY_4H,Probability only the upper frozen 70% range boundary is breached within the future 4H path.,logistic,step11_individuals,platt,probability_v2_features_v1,label_v2,probability_v2_candidate_v1,calibration_v2_candidate_v1,IRON_FLY,0.0179424340098715,0.2190465225106686,0.5906344984802432,0.4202310738609664,0.0078380353735562,0.0039525299305107,2,3,,False,2,LOW,reports/step15_frozen_v2_models/probability_v2_candidate_v1__upper_breach_only__4h.pkl,1dbfa201efe7681fc8c2cefa40d91eb4ce361e83a14e8409ebc3feb931693e65,"float in [0, 1]",train-only median imputation; logistic models use train-only scaling; tree models use unscaled imputed features,"{'start': '2026-05-24T03:00:00Z', 'end_after_embargo': 'varies by horizon, latest 2026-07-15T16:00:00Z'}","{'start': '2026-07-15T16:30:00Z', 'end_after_embargo': 'varies by horizon, latest 2026-08-02T04:30:00Z'}","{'start': '2026-08-02T05:00:00Z', 'end': '2026-08-19T17:30:00Z'}","abstain when target/horizon unsupported, required feature missing after warmup, unsupported regime, stale/as-of violation, or OOD quality gate fails"
probability_v2_candidate_v1__lower_breach_only__12h,lower_breach_only,12H,STRATEGY_SPECIFIC,P_LOWER_BREACH_ONLY_12H,Probability only the lower frozen 70% range boundary is breached within the future 12H path.,tree_depth2,step11_individuals,platt,probability_v2_features_v1,label_v2,probability_v2_candidate_v1,calibration_v2_candidate_v1,IRON_FLY,0.0343058850711969,0.1824079749292257,0.55438986101007,0.2969632035890507,0.0086801480044095,0.0340644087552233,2,3,,False,1,LOW,reports/step15_frozen_v2_models/probability_v2_candidate_v1__lower_breach_only__12h.pkl,aa649370a1a0e50597a2fa1d830fc24b67e7b27306a5fcf3c2d466ce572618a5,"float in [0, 1]",train-only median imputation; logistic models use train-only scaling; tree models use unscaled imputed features,"{'start': '2026-05-24T03:00:00Z', 'end_after_embargo': 'varies by horizon, latest 2026-07-15T16:00:00Z'}","{'start': '2026-07-15T16:30:00Z', 'end_after_embargo': 'varies by horizon, latest 2026-08-02T04:30:00Z'}","{'start': '2026-08-02T05:00:00Z', 'end': '2026-08-19T17:30:00Z'}","abstain when target/horizon unsupported, required feature missing after warmup, unsupported regime, stale/as-of violation, or OOD quality gate fails"
probability_v2_candidate_v1__lower_breach_only__24h,lower_breach_only,24H,STRATEGY_SPECIFIC,P_LOWER_BREACH_ONLY_24H,Probability only the lower frozen 70% range boundary is breached within the future 24H path.,tree_depth2,step11_individuals,platt,probability_v2_features_v1,label_v2,probability_v2_candidate_v1,calibration_v2_candidate_v1,IRON_FLY,0.0253183664049372,0.1603155780162346,0.5548112170087977,0.206576738355588,0.0691208680681737,0.0329153267758475,2,3,,False,2,LOW,reports/step15_frozen_v2_models/probability_v2_candidate_v1__lower_breach_only__24h.pkl,392913eea6f6b40218bef76b1b8c3b7009aedc007397336af38bdb0f04cc9db0,"float in [0, 1]",train-only median imputation; logistic models use train-only scaling; tree models use unscaled imputed features,"{'start': '2026-05-24T03:00:00Z', 'end_after_embargo': 'varies by horizon, latest 2026-07-15T16:00:00Z'}","{'start': '2026-07-15T16:30:00Z', 'end_after_embargo': 'varies by horizon, latest 2026-08-02T04:30:00Z'}","{'start': '2026-08-02T05:00:00Z', 'end': '2026-08-19T17:30:00Z'}","abstain when target/horizon unsupported, required feature missing after warmup, unsupported regime, stale/as-of violation, or OOD quality gate fails"
probability_v2_candidate_v1__up_excursion_ge_1_0_atr__1h,up_excursion_ge_1_0_atr,1H,DEFENSIVE,P_UP_EXCURSION_GE_1_ATR_1H,Probability maximum upside excursion over the future 1H reaches at least 1 ATR.,logistic,all_step13,platt,probability_v2_features_v1,label_v2,probability_v2_candidate_v1,calibration_v2_candidate_v1,DEFENSIVE_LONG_OPTION,0.0150048683396302,0.2269279843115468,0.5700080212102843,0.6926035637251221,0.004581528224563,0.0316485292354165,2,3,0.0431437518892768,True,2,LOW,reports/step15_frozen_v2_models/probability_v2_candidate_v1__up_excursion_ge_1_0_atr__1h.pkl,fd25bafe256d8cf7ce8919fad8d5ef977c8add72dd3f1d08842deaf52e50937c,"float in [0, 1]",train-only median imputation; logistic models use train-only scaling; tree models use unscaled imputed features,"{'start': '2026-05-24T03:00:00Z', 'end_after_embargo': 'varies by horizon, latest 2026-07-15T16:00:00Z'}","{'start': '2026-07-15T16:30:00Z', 'end_after_embargo': 'varies by horizon, latest 2026-08-02T04:30:00Z'}","{'start': '2026-08-02T05:00:00Z', 'end': '2026-08-19T17:30:00Z'}","abstain when target/horizon unsupported, required feature missing after warmup, unsupported regime, stale/as-of violation, or OOD quality gate fails"
probability_v2_candidate_v1__up_excursion_ge_1_0_atr__24h,up_excursion_ge_1_0_atr,24H,DEFENSIVE,P_UP_EXCURSION_GE_1_ATR_24H,Probability maximum upside excursion over the future 24H reaches at least 1 ATR.,logistic,step11_individuals,platt,probability_v2_features_v1,label_v2,probability_v2_candidate_v1,calibration_v2_candidate_v1,DEFENSIVE_LONG_OPTION,0.039862679475048,0.0335504619562014,0.6697204903083513,0.9777027891858362,0.0238053879528816,0.0100870994513151,2,3,,False,2,MEDIUM,reports/step15_frozen_v2_models/probability_v2_candidate_v1__up_excursion_ge_1_0_atr__24h.pkl,9363ec7a421e7305984eb04209fe61e9dcc2f1c9152db91091f2ce3159457d8a,"float in [0, 1]",train-only median imputation; logistic models use train-only scaling; tree models use unscaled imputed features,"{'start': '2026-05-24T03:00:00Z', 'end_after_embargo': 'varies by horizon, latest 2026-07-15T16:00:00Z'}","{'start': '2026-07-15T16:30:00Z', 'end_after_embargo': 'varies by horizon, latest 2026-08-02T04:30:00Z'}","{'start': '2026-08-02T05:00:00Z', 'end': '2026-08-19T17:30:00Z'}","abstain when target/horizon unsupported, required feature missing after warmup, unsupported regime, stale/as-of violation, or OOD quality gate fails"
probability_v2_candidate_v1__down_excursion_ge_1_0_atr__1h,down_excursion_ge_1_0_atr,1H,DEFENSIVE,P_DOWN_EXCURSION_GE_1_ATR_1H,Probability maximum downside excursion over the future 1H reaches at least 1 ATR.,logistic,step11_individuals,platt,probability_v2_features_v1,label_v2,probability_v2_candidate_v1,calibration_v2_candidate_v1,DEFENSIVE_LONG_OPTION,0.025012392660877,0.2265129700192194,0.5889372583640293,0.6960732728920754,0.0193808668233368,0.0363153703009727,3,3,0.0112549866761086,True,2,MEDIUM,reports/step15_frozen_v2_models/probability_v2_candidate_v1__down_excursion_ge_1_0_atr__1h.pkl,2da921c7a74316c74677756f4bae1679e2d7133bf76406a35e84ec1897cca636,"float in [0, 1]",train-only median imputation; logistic models use train-only scaling; tree models use unscaled imputed features,"{'start': '2026-05-24T03:00:00Z', 'end_after_embargo': 'varies by horizon, latest 2026-07-15T16:00:00Z'}","{'start': '2026-07-15T16:30:00Z', 'end_after_embargo': 'varies by horizon, latest 2026-08-02T04:30:00Z'}","{'start': '2026-08-02T05:00:00Z', 'end': '2026-08-19T17:30:00Z'}","abstain when target/horizon unsupported, required feature missing after warmup, unsupported regime, stale/as-of violation, or OOD quality gate fails"
probability_v2_candidate_v1__down_excursion_ge_1_0_atr__2h,down_excursion_ge_1_0_atr,2H,DEFENSIVE,P_DOWN_EXCURSION_GE_1_ATR_2H,Probability maximum downside excursion over the future 2H reaches at least 1 ATR.,logistic,step11_individuals,platt,probability_v2_features_v1,label_v2,probability_v2_candidate_v1,calibration_v2_candidate_v1,DEFENSIVE_LONG_OPTION,0.0252370149560671,0.183115480552179,0.6022562546473288,0.802646862497969,0.0050812777455104,0.0281698267904823,3,3,0.0077608191826148,True,2,MEDIUM,reports/step15_frozen_v2_models/probability_v2_candidate_v1__down_excursion_ge_1_0_atr__2h.pkl,8bbad587751f513fb74e4a1dd1dbbf5f473ab1fd207264469674611f94a606be,"float in [0, 1]",train-only median imputation; logistic models use train-only scaling; tree models use unscaled imputed features,"{'start': '2026-05-24T03:00:00Z', 'end_after_embargo': 'varies by horizon, latest 2026-07-15T16:00:00Z'}","{'start': '2026-07-15T16:30:00Z', 'end_after_embargo': 'varies by horizon, latest 2026-08-02T04:30:00Z'}","{'start': '2026-08-02T05:00:00Z', 'end': '2026-08-19T17:30:00Z'}","abstain when target/horizon unsupported, required feature missing after warmup, unsupported regime, stale/as-of violation, or OOD quality gate fails"
