strategy_family,use_case,feature,horizon,direction,auc_oriented,lift_spread,research_score,class
grid,oscillatory_path,atr_pct_24b,24H,lower_increases_target,0.5895306541991063,-0.1931856375031421,99.225,candidate
grid,oscillatory_path,atr_24b,24H,lower_increases_target,0.5892593831633017,-0.18843221930684256,98.695,candidate
grid,oscillatory_path,keltner_width_48b,24H,lower_increases_target,0.5893219665697063,-0.18605974676680004,98.47,candidate
grid,oscillatory_path,rv_48b,24H,lower_increases_target,0.5886110099199848,-0.18366891580829292,94.089,candidate
grid,oscillatory_path,rv_24b,24H,lower_increases_target,0.5858017357685106,-0.1824925648405218,93.41,candidate
grid,oscillatory_path,rv_96b,24H,lower_increases_target,0.5875071621960528,-0.16584147929311616,92.086,candidate
grid,oscillatory_path,atr_pct_96b,24H,lower_increases_target,0.5861138519159904,-0.16823513462369483,92.046,candidate
grid,oscillatory_path,keltner_width_96b,24H,lower_increases_target,0.5868602763097437,-0.16585701333950936,91.958,candidate
grid,oscillatory_path,atr_pct_48b,24H,lower_increases_target,0.5891970285810523,-0.18843504367891406,90.683,candidate
grid,oscillatory_path,atr_96b,24H,lower_increases_target,0.5853407695081745,-0.15277593409045337,90.346,candidate
grid,oscillatory_path,keltner_width_20b,24H,lower_increases_target,0.5879229356857677,-0.1836830376686503,89.953,candidate
grid,oscillatory_path,atr_288b,24H,lower_increases_target,0.5837806464190851,-0.15162076591321838,89.918,candidate
grid,oscillatory_path,atr_48b,24H,lower_increases_target,0.5890013839284898,-0.1765514981881653,89.455,candidate
grid,oscillatory_path,rv_12b,24H,lower_increases_target,0.5791443258016625,-0.19317857657296345,89.147,candidate
grid,oscillatory_path,atr_12b,24H,lower_increases_target,0.5845957180593515,-0.17893244384442225,88.812,candidate
grid,oscillatory_path,dema_dist_288b,24H,lower_increases_target,0.5456805356966683,-0.1350059737156511,88.637,candidate
grid,oscillatory_path,atr_pct_12b,24H,lower_increases_target,0.5852472948408391,-0.1706076071637373,88.11,candidate
grid,oscillatory_path,atr_pct_288b,24H,lower_increases_target,0.5825309232963126,-0.13378768065389862,87.885,candidate
grid,oscillatory_path,rv_288b,24H,lower_increases_target,0.5784095714398165,-0.14089944952988326,87.772,candidate
grid,oscillatory_path,bollinger_bandwidth_48b,24H,lower_increases_target,0.5650199260074212,-0.16583583054897322,87.588,candidate
grid,oscillatory_path,rolling_low_dist_96b,24H,lower_increases_target,0.5571987163880199,-0.13259297126766295,86.699,candidate
grid,oscillatory_path,atr_pct_6b,24H,lower_increases_target,0.5770850228183447,-0.17059630967545136,86.477,candidate
grid,oscillatory_path,atr_6b,24H,lower_increases_target,0.5755478965568372,-0.17060619497770152,86.17,candidate
grid,oscillatory_path,rolling_low_dist_48b,24H,lower_increases_target,0.5495884826395689,-0.12307060082867077,84.225,candidate
grid,oscillatory_path,true_range,24H,lower_increases_target,0.5584826487219714,-0.13968638172518294,83.665,candidate
grid,trend_efficiency_high,bb_keltner_width_ratio_96b,24H,lower_increases_target,0.5492811150084773,-0.11027619534486999,86.884,candidate
grid,trend_efficiency_high,price_efficiency_48b,24H,lower_increases_target,0.5499462206008612,-0.09481134606748554,85.47,candidate
grid,trend_efficiency_high,adx_48b,12H,lower_increases_target,0.5504558872607859,-0.08887027941512901,84.978,candidate
grid,trend_efficiency_high,roc_288b,8H,higher_increases_target,0.5430845564865986,0.09223388382980911,83.84,candidate
grid,trend_efficiency_high,return_288b,8H,higher_increases_target,0.5430845564865986,0.09223388382980911,83.84,candidate
grid,trend_efficiency_high,ema_spread_24_96b,24H,higher_increases_target,0.5477895478948726,0.08221323444265255,83.779,candidate
grid,trend_efficiency_high,atr_slope_288b,4H,higher_increases_target,0.5444057823016687,0.06118628274825219,80.996,candidate
grid,trend_efficiency_high,choppiness_96b,24H,higher_increases_target,0.545205902577191,0.07390675618043219,80.553,candidate
grid,trend_efficiency_high,rv_slope_288b,4H,higher_increases_target,0.5490129334323001,0.03726998336505977,79.53,candidate
grid,trend_efficiency_high,aroon_up_48b,2H,lower_increases_target,0.5469179191884068,-0.06396496648882535,78.193,candidate
grid,trend_efficiency_high,macd_hist_slope_48_288b,12H,lower_increases_target,0.5460126228683007,-0.07584568760750265,77.793,candidate
grid,trend_efficiency_high,obv,24H,higher_increases_target,0.5488013027629455,0.026412115426437843,75.401,candidate
grid,trend_efficiency_high,rv_288b,2H,higher_increases_target,0.5430014507074659,0.05844190690304779,75.376,candidate
grid,trend_efficiency_high,rolling_vwap_z_288b,12H,higher_increases_target,0.5333849606065467,0.05251496211104867,75.367,candidate
grid,trend_efficiency_high,bb_keltner_width_ratio_96b,12H,lower_increases_target,0.5358597508246534,-0.05206165039357624,74.835,candidate
grid,trend_efficiency_high,ema_slope_96b,24H,higher_increases_target,0.5453954514650232,0.07983793753053853,74.764,candidate
grid,trend_efficiency_high,aroon_osc_48b,2H,lower_increases_target,0.5490735026454432,-0.0520884819282553,74.438,candidate
grid,trend_efficiency_high,rsi_slope_6b,4H,lower_increases_target,0.5367927940279597,-0.06672983370776242,74.205,candidate
grid,trend_efficiency_high,mfi_288b,8H,higher_increases_target,0.5348817159128406,0.05043073633905551,73.933,candidate
grid,trend_efficiency_high,obv,12H,higher_increases_target,0.5316827356554543,0.04184589661103594,73.521,candidate
grid,trend_efficiency_high,sma_slope_288b,4H,higher_increases_target,0.5309475744495766,0.061181995392521726,73.159,candidate
grid,trend_efficiency_high,rolling_vwap_dist_288b,12H,higher_increases_target,0.5293023495940805,0.062007676643290294,73.043,candidate
grid,trend_efficiency_high,adx_24b,8H,higher_increases_target,0.5317638409585937,0.039650894914052826,71.834,candidate
grid,trend_efficiency_high,stoch_rsi_48b,12H,lower_increases_target,0.5411307110366204,-0.06513990527056074,70.798,candidate
grid,trend_efficiency_high,rv_96b,2H,higher_increases_target,0.5374704528271128,0.061989318224825674,70.679,candidate
grid,one_sided_runaway,bb_keltner_width_ratio_96b,24H,lower_increases_target,0.5492811150084773,-0.11027619534486999,86.884,candidate
grid,one_sided_runaway,price_efficiency_48b,24H,lower_increases_target,0.5499462206008612,-0.09481134606748554,85.47,candidate
grid,one_sided_runaway,adx_48b,12H,lower_increases_target,0.5504558872607859,-0.08887027941512901,84.978,candidate
grid,one_sided_runaway,roc_288b,8H,higher_increases_target,0.5430845564865986,0.09223388382980911,83.84,candidate
grid,one_sided_runaway,return_288b,8H,higher_increases_target,0.5430845564865986,0.09223388382980911,83.84,candidate
grid,one_sided_runaway,ema_spread_24_96b,24H,higher_increases_target,0.5477895478948726,0.08221323444265255,83.779,candidate
grid,one_sided_runaway,atr_slope_288b,4H,higher_increases_target,0.5444057823016687,0.06118628274825219,80.996,candidate
grid,one_sided_runaway,choppiness_96b,24H,higher_increases_target,0.545205902577191,0.07390675618043219,80.553,candidate
grid,one_sided_runaway,rv_slope_288b,4H,higher_increases_target,0.5490129334323001,0.03726998336505977,79.53,candidate
grid,one_sided_runaway,aroon_up_48b,2H,lower_increases_target,0.5478478422019532,-0.06634308777301084,78.796,candidate
grid,one_sided_runaway,macd_hist_slope_48_288b,12H,lower_increases_target,0.5460126228683007,-0.07584568760750265,77.793,candidate
grid,one_sided_runaway,rv_288b,2H,higher_increases_target,0.5435125052373739,0.05844190690304779,75.602,candidate
grid,one_sided_runaway,obv,24H,higher_increases_target,0.5488013027629455,0.026412115426437843,75.401,candidate
grid,one_sided_runaway,rolling_vwap_z_288b,12H,higher_increases_target,0.5333849606065467,0.05251496211104867,75.367,candidate
grid,one_sided_runaway,aroon_osc_48b,2H,lower_increases_target,0.5503720549843685,-0.05446660321244079,74.978,candidate
grid,one_sided_runaway,bb_keltner_width_ratio_96b,12H,lower_increases_target,0.5358597508246534,-0.05206165039357624,74.835,candidate
grid,one_sided_runaway,ema_slope_96b,24H,higher_increases_target,0.5453954514650232,0.07983793753053853,74.764,candidate
grid,one_sided_runaway,rsi_slope_6b,4H,lower_increases_target,0.5367927940279597,-0.06672983370776242,74.205,candidate
grid,one_sided_runaway,mfi_288b,8H,higher_increases_target,0.5348817159128406,0.05043073633905551,73.933,candidate
grid,one_sided_runaway,obv,12H,higher_increases_target,0.5316827356554543,0.04184589661103594,73.521,candidate
grid,one_sided_runaway,sma_slope_288b,4H,higher_increases_target,0.5309475744495766,0.061181995392521726,73.159,candidate
grid,one_sided_runaway,rolling_vwap_dist_288b,12H,higher_increases_target,0.5293023495940805,0.062007676643290294,73.043,candidate
grid,one_sided_runaway,rsi_48b,2H,lower_increases_target,0.5405944822251587,-0.041398233637706505,72.395,candidate
grid,one_sided_runaway,adx_24b,8H,higher_increases_target,0.5317638409585937,0.039650894914052826,71.834,candidate
grid,one_sided_runaway,stoch_rsi_48b,12H,lower_increases_target,0.5411307110366204,-0.06513990527056074,70.798,candidate
grid,range_held,atr_slope_96b,24H,higher_increases_target,0.8356802296555167,0.15934118697060676,149.07,candidate
grid,range_held,rv_slope_96b,24H,higher_increases_target,0.8185983524712931,0.15458070784412856,145.178,candidate
grid,range_held,atr_12b,24H,higher_increases_target,0.8182351472790814,0.1462671686517295,144.274,candidate
grid,range_held,atr_12b,12H,higher_increases_target,0.7896429160231158,0.154589180960343,139.388,candidate
grid,range_held,atr_12b,8H,higher_increases_target,0.7860916860916861,0.15551239617453538,138.77,candidate
grid,range_held,atr_slope_96b,12H,higher_increases_target,0.7882139076410462,0.14745481710778652,138.388,candidate
grid,range_held,atr_slope_96b,8H,higher_increases_target,0.7873326020384844,0.14116261654461992,137.583,candidate
grid,range_held,atr_pct_12b,12H,higher_increases_target,0.7821041511202124,0.1426985745394155,136.691,candidate
grid,range_held,atr_pct_12b,8H,higher_increases_target,0.777926322043969,0.14474684593530093,136.06,candidate
grid,range_held,atr_pct_12b,24H,higher_increases_target,0.8052346480279581,0.13794374415708027,132.841,candidate
grid,range_held,atr_24b,24H,higher_increases_target,0.7973159011482776,0.1331875015887093,130.782,candidate
grid,range_held,bollinger_bandwidth_20b,24H,higher_increases_target,0.7924987518721918,0.13437373785873055,129.937,candidate
grid,range_held,atr_12b,4H,higher_increases_target,0.7641518896207569,0.1088559619968788,129.716,candidate
grid,range_held,rv_12b,24H,higher_increases_target,0.789362206689965,0.13556562287289478,129.429,candidate
grid,range_held,atr_6b,24H,higher_increases_target,0.7917392661008488,0.12843267120637403,129.191,candidate
grid,range_held,keltner_width_20b,24H,higher_increases_target,0.7911395406889665,0.12724219837824555,128.952,candidate
grid,range_held,atr_slope_48b,24H,higher_increases_target,0.7816699950074888,0.137950805087259,128.129,candidate
grid,range_held,rv_12b,4H,higher_increases_target,0.757334938130137,0.10646504661784797,128.113,candidate
grid,range_held,atr_24b,8H,higher_increases_target,0.777271013300425,0.14474827505387777,127.929,candidate
grid,range_held,atr_pct_12b,4H,higher_increases_target,0.7569708361156223,0.10526744525046731,127.921,candidate
grid,range_held,atr_24b,12H,higher_increases_target,0.7757899406486993,0.14150951389732278,127.309,candidate
grid,range_held,atr_pct_24b,24H,higher_increases_target,0.7827196704942586,0.12486407709406007,127.03,candidate
grid,range_held,keltner_width_20b,8H,higher_increases_target,0.7737545134603958,0.1411611874260431,126.867,candidate
grid,range_held,rv_12b,12H,higher_increases_target,0.7719215851309373,0.14150810171128703,126.535,candidate
grid,range_held,atr_pct_6b,24H,higher_increases_target,0.7799600599101348,0.1224873679959103,126.241,candidate
