feature,target,horizon,blocks,stable_sign,min_abs_auc_edge,edges
atr_12b,realized_over_range_width_ge_1,24H,3,True,0.29953721889423546,"[-0.34486548089055313, -0.3967136150234742, -0.29953721889423546]"
atr_slope_96b,realized_over_range_width_ge_1,24H,3,True,0.2498977053258699,"[-0.34704302169400464, -0.32592508455752434, -0.2498977053258699]"
rv_slope_96b,realized_over_range_width_ge_1,24H,3,True,0.22782660643556252,"[-0.3376256664902927, -0.3329673380786511, -0.22782660643556252]"
atr_12b,realized_over_range_width_ge_1,12H,3,True,0.2829000610780272,"[-0.321141473538568, -0.3007225104279856, -0.2829000610780272]"
atr_slope_96b,range_breached,24H,3,True,0.2772641243506624,"[-0.40989349775784756, -0.3610598376373183, -0.2772641243506624]"
atr_slope_96b,range_held,24H,3,True,0.2772641243506624,"[0.40989349775784756, 0.3610598376373183, 0.2772641243506624]"
atr_slope_96b,path_inside_70,24H,3,True,0.2772641243506624,"[0.40989349775784756, 0.3610598376373183, 0.2772641243506624]"
atr_slope_96b,max_abs_excursion_ge_1_5_atr,8H,3,True,0.4806173725771716,"[-0.4985632183908046, -0.4892318736539842, -0.4806173725771716]"
atr_pct_12b,realized_over_range_width_ge_1,12H,3,True,0.2855970377156818,"[-0.3126830393174219, -0.2930483017280662, -0.2855970377156818]"
atr_slope_96b,realized_over_range_width_ge_1,12H,3,True,0.24167811879676288,"[-0.2914539375072063, -0.24423393739703458, -0.24167811879676288]"
roc_24b,max_abs_excursion_ge_1_5_atr,8H,3,True,0.48133524766690594,"[-0.49353448275862066, -0.4913854989231874, -0.48133524766690594]"
return_24b,max_abs_excursion_ge_1_5_atr,8H,3,True,0.48133524766690594,"[-0.49353448275862066, -0.4913854989231874, -0.48133524766690594]"
ema_spread_atr_12_48b,max_abs_excursion_ge_1_5_atr,8H,3,True,0.44974874371859297,"[-0.4985632183908046, -0.49353912419239054, -0.44974874371859297]"
rv_slope_96b,max_abs_excursion_ge_1_5_atr,8H,3,True,0.44974874371859297,"[-0.492816091954023, -0.44974874371859297, -0.49066762383345297]"
di_spread_24b,fast_1atr_touch,4H,1,True,0.4978448275862069,[-0.4978448275862069]
atr_slope_48b,fast_1atr_touch,4H,1,True,0.4978448275862069,[-0.4978448275862069]
plus_di_24b,fast_1atr_touch,4H,1,True,0.4978448275862069,[-0.4978448275862069]
atr_pct_12b,realized_over_range_width_ge_1,24H,3,True,0.30179383940554516,"[-0.34111583703040416, -0.3884219294260185, -0.30179383940554516]"
rolling_vwap_z_96b,max_abs_excursion_ge_1_5_atr,8H,3,True,0.4562096195262024,"[-0.4978448275862069, -0.4827709978463747, -0.4562096195262024]"
ema_spread_atr_12_48b,fast_1atr_touch,4H,1,True,0.49748563218390807,[-0.49748563218390807]
plus_di_48b,fast_1atr_touch,4H,1,True,0.49604885057471265,[-0.49604885057471265]
sma_slope_24b,max_abs_excursion_ge_1_5_atr,8H,3,True,0.46554199569274946,"[-0.4985632183908046, -0.4971284996410625, -0.46554199569274946]"
ema_dist_48b,max_abs_excursion_ge_1_5_atr,8H,3,True,0.4691313711414214,"[-0.492816091954023, -0.4885139985642498, -0.4691313711414214]"
bb_keltner_width_ratio_48b,fast_1atr_touch,4H,1,True,0.49353448275862066,[-0.49353448275862066]
rv_slope_96b,path_inside_70,24H,3,True,0.25227318487496475,"[0.39635883781763825, 0.35498467769394815, 0.25227318487496475]"
rv_slope_96b,range_held,24H,3,True,0.25227318487496475,"[0.39635883781763825, 0.35498467769394815, 0.25227318487496475]"
rv_slope_96b,range_breached,24H,3,True,0.25227318487496475,"[-0.39635883781763825, -0.35498467769394815, -0.25227318487496475]"
rolling_vwap_z_96b,fast_1atr_touch,4H,1,True,0.49353448275862066,[-0.49353448275862066]
sma_dist_48b,max_abs_excursion_ge_1_5_atr,8H,3,True,0.4676956209619526,"[-0.4956896551724138, -0.4899497487437186, -0.4676956209619526]"
atr_12b,realized_over_range_width_ge_1,8H,3,True,0.25520638138393925,"[-0.29728688385849567, -0.25520638138393925, -0.25577962187850634]"
atr_12b,path_inside_70,24H,3,True,0.32541779084283007,"[0.38533492152466364, 0.4194369276536263, 0.32541779084283007]"
atr_12b,range_held,24H,3,True,0.32541779084283007,"[0.38533492152466364, 0.4194369276536263, 0.32541779084283007]"
atr_12b,range_breached,24H,3,True,0.32541779084283007,"[-0.38533492152466364, -0.4194369276536263, -0.32541779084283007]"
mfi_96b,fast_1atr_touch,4H,1,True,0.48670977011494254,[-0.48670977011494254]
rolling_low_dist_24b,max_abs_excursion_ge_1_5_atr,8H,3,True,0.477745872218234,"[-0.48419540229885055, -0.4885139985642498, -0.477745872218234]"
macd_hist_24_96b,max_abs_excursion_ge_1_5_atr,8H,3,True,0.4533381191672649,"[-0.4956896551724138, -0.4899497487437186, -0.4533381191672649]"
macd_hist_24_96b,fast_1atr_touch,4H,1,True,0.4964080459770115,[-0.4964080459770115]
return_12b,fast_1atr_touch,4H,1,True,0.49389367816091956,[-0.49389367816091956]
roc_12b,fast_1atr_touch,4H,1,True,0.49389367816091956,[-0.49389367816091956]
price_efficiency_96b,fast_1atr_touch,4H,1,True,0.4859913793103448,[-0.4859913793103448]
bollinger_bandwidth_20b,realized_over_range_width_ge_1,24H,3,True,0.28166224753674424,"[-0.3150616630713501, -0.3689358372456964, -0.28166224753674424]"
atr_24b,realized_over_range_width_ge_1,8H,3,True,0.24802817621205409,"[-0.2780687922602026, -0.24802817621205409, -0.2589638230327075]"
atr_24b,realized_over_range_width_ge_1,24H,3,True,0.2916748502405971,"[-0.33349953193048154, -0.36309568882831034, -0.2916748502405971]"
atr_pct_12b,realized_over_range_width_ge_1,8H,3,True,0.2549274300705257,"[-0.2939172034102146, -0.2549274300705257, -0.2580007122807152]"
mfi_24b,max_abs_excursion_ge_1_5_atr,8H,3,True,0.3987796123474515,"[-0.4964080459770115, -0.4705671213208902, -0.3987796123474515]"
rolling_vwap_dist_96b,fast_1atr_touch,4H,1,True,0.4906609195402299,[-0.4906609195402299]
keltner_width_20b,realized_over_range_width_ge_1,24H,3,True,0.29965383482274377,"[-0.33193760429809926, -0.3696299661769903, -0.29965383482274377]"
ema_spread_atr_12_48b,max_abs_excursion_ge_1_5_atr,12H,1,True,0.49857244825124913,[-0.49857244825124913]
rsi_neutral_dist_48b,max_abs_excursion_ge_1_5_atr,12H,1,True,0.49785867237687365,[-0.49785867237687365]
bb_keltner_width_ratio_48b,max_abs_excursion_ge_1_5_atr,12H,1,True,0.5,[-0.5]
rsi_48b,max_abs_excursion_ge_1_5_atr,12H,1,True,0.49785867237687365,[-0.49785867237687365]
mfi_24b,max_abs_excursion_ge_1_5_atr,12H,1,True,0.4964311206281228,[-0.4964311206281228]
sma_slope_24b,max_abs_excursion_ge_1_5_atr,12H,1,True,0.49857244825124913,[-0.49857244825124913]
rolling_vwap_z_96b,max_abs_excursion_ge_1_5_atr,12H,1,True,0.49785867237687365,[-0.49785867237687365]
di_spread_48b,max_abs_excursion_ge_1_5_atr,12H,1,True,0.4971448965024982,[-0.4971448965024982]
price_efficiency_48b,max_abs_excursion_ge_1_5_atr,12H,1,True,0.49785867237687365,[-0.49785867237687365]
plus_di_48b,max_abs_excursion_ge_1_5_atr,12H,1,True,0.4971448965024982,[-0.4971448965024982]
macd_hist_24_96b,max_abs_excursion_ge_1_5_atr,12H,1,True,0.49571734475374735,[-0.49571734475374735]
rolling_vwap_dist_96b,max_abs_excursion_ge_1_5_atr,8H,3,True,0.43467336683417085,"[-0.4906609195402299, -0.4899497487437186, -0.43467336683417085]"
ema_spread_atr_24_96b,max_abs_excursion_ge_1_5_atr,12H,1,True,0.49214846538187007,[-0.49214846538187007]
rv_12b,realized_over_range_width_ge_1,24H,3,True,0.270213427608105,"[-0.3289409418372746, -0.3706522287848958, -0.270213427608105]"
price_efficiency_48b,fast_1atr_touch,4H,1,True,0.4744971264367816,[-0.4744971264367816]
rolling_vwap_z_288b,max_abs_excursion_ge_1_5_atr,12H,1,True,0.49143468950749464,[-0.49143468950749464]
price_efficiency_96b,max_abs_excursion_ge_1_5_atr,12H,1,True,0.49214846538187007,[-0.49214846538187007]
rolling_vwap_dist_96b,max_abs_excursion_ge_1_5_atr,12H,1,True,0.4907209136331192,[-0.4907209136331192]
rolling_low_dist_12b,fast_1atr_touch,4H,1,True,0.4899425287356322,[-0.4899425287356322]
dema_dist_6b,down_excursion_ge_1_0_atr,1H,3,True,0.20919646658871716,"[-0.23311070563798902, -0.20919646658871716, -0.23169658356866585]"
price_efficiency_6b,max_abs_excursion_ge_1_5_atr,12H,1,True,0.49142857142857144,[0.49142857142857144]
price_efficiency_24b,fast_1atr_touch,4H,1,True,0.46875,[-0.46875]
mfi_24b,fast_1atr_touch,4H,1,True,0.46228448275862066,[-0.46228448275862066]
tema_dist_6b,down_excursion_ge_1_0_atr,1H,3,True,0.210917664127675,"[-0.22928931272305803, -0.210917664127675, -0.22519720387353298]"
atr_6b,realized_over_range_width_ge_1,24H,3,True,0.2720670071033422,"[-0.31406447148846106, -0.3603033974456055, -0.2720670071033422]"
atr_pct_24b,realized_over_range_width_ge_1,24H,3,True,0.2941912992241972,"[-0.32617322642354185, -0.35276894340956133, -0.2941912992241972]"
atr_12b,range_held,12H,3,True,0.3184820061255743,"[0.338940130806641, 0.32303184491775117, 0.3184820061255743]"
atr_12b,path_inside_70,12H,3,True,0.3184820061255743,"[0.338940130806641, 0.32303184491775117, 0.3184820061255743]"
atr_12b,range_breached,12H,3,True,0.3184820061255743,"[-0.338940130806641, -0.32303184491775117, -0.3184820061255743]"
atr_24b,realized_over_range_width_ge_1,12H,3,True,0.2847896625438998,"[-0.2948068719013029, -0.293541221213502, -0.2847896625438998]"
rv_24b,realized_over_range_width_ge_1,24H,3,True,0.2735809682804674,"[-0.34415828890064715, -0.35284466656570246, -0.2735809682804674]"
atr_12b,upside_breakout_occurred,24H,3,True,0.16418530019877542,"[-0.2519964836468395, -0.16418530019877542, -0.22642912073827226]"
atr_12b,range_breached,8H,3,True,0.29837953591442756,"[-0.29837953591442756, -0.3182940410152967, -0.3000155872496298]"
atr_12b,path_inside_70,8H,3,True,0.29837953591442756,"[0.29837953591442756, 0.3182940410152967, 0.30001558724962984]"
atr_12b,range_held,8H,3,True,0.29837953591442756,"[0.29837953591442756, 0.3182940410152967, 0.30001558724962984]"
keltner_width_20b,realized_over_range_width_ge_1,12H,3,True,0.2887730951290273,"[-0.2965871094200392, -0.2940735742577728, -0.2887730951290273]"
obv_slope_24b,max_abs_excursion_ge_1_5_atr,12H,1,True,0.49785867237687365,[-0.49785867237687365]
mfi_96b,max_abs_excursion_ge_1_5_atr,8H,3,True,0.35857860732232594,"[-0.4870689655172414, -0.4798994974874372, -0.35857860732232594]"
atr_slope_96b,range_breached,12H,3,True,0.2733128934407515,"[-0.32035887975851085, -0.2733128934407515, -0.27732580398162326]"
atr_slope_96b,path_inside_70,12H,3,True,0.2733128934407515,"[0.32035887975851085, 0.2733128934407515, 0.2773258039816233]"
atr_slope_96b,range_held,12H,3,True,0.2733128934407515,"[0.32035887975851085, 0.2733128934407515, 0.2773258039816233]"
atr_24b,upside_breakout_occurred,24H,3,True,0.16105731490868835,"[-0.24900546517539401, -0.16105731490868835, -0.2234958069359505]"
tema_dist_6b,up_excursion_ge_1_0_atr,1H,3,True,0.20913627296793458,"[0.21083722813892147, 0.21855890873589323, 0.20913627296793458]"
adx_14b,fast_1atr_touch,4H,1,True,0.4978448275862069,[-0.4978448275862069]
dema_dist_6b,up_excursion_ge_1_0_atr,1H,3,True,0.20134669807729533,"[0.21123783671369623, 0.21847470625851984, 0.20134669807729533]"
atr_slope_96b,path_inside_70,8H,3,True,0.27871280887544125,"[0.2945068291747459, 0.27871280887544125, 0.2897280024939599]"
atr_slope_96b,range_breached,8H,3,True,0.27871280887544125,"[-0.2945068291747459, -0.27871280887544125, -0.2897280024939599]"
atr_slope_96b,range_held,8H,3,True,0.27871280887544125,"[0.2945068291747459, 0.27871280887544125, 0.2897280024939599]"
di_spread_48b,fast_1atr_touch,4H,1,True,0.49353448275862066,[-0.49353448275862066]
rv_slope_48b,fast_1atr_touch,4H,1,True,0.4953304597701149,[-0.4953304597701149]
atr_pct_6b,realized_over_range_width_ge_1,24H,3,True,0.2742479295557956,"[-0.3118004395783304, -0.35415089100913727, -0.2742479295557956]"
bb_keltner_width_ratio_20b,fast_1atr_touch,4H,1,True,0.4942528735632184,[-0.4942528735632184]
ema_slope_48b,max_abs_excursion_ge_1_5_atr,8H,3,True,0.46267049533381194,"[-0.4978448275862069, -0.4985642498205312, -0.46267049533381194]"
minus_di_24b,fast_1atr_touch,4H,1,True,0.49066091954022983,[0.49066091954022983]
atr_pct_12b,range_breached,12H,3,True,0.3145732085195212,"[-0.3417239644474258, -0.3145732085195212, -0.32143312914752425]"
atr_pct_12b,range_held,12H,3,True,0.3145732085195212,"[0.3417239644474258, 0.3145732085195212, 0.3214331291475242]"
atr_pct_12b,path_inside_70,12H,3,True,0.3145732085195212,"[0.3417239644474258, 0.3145732085195212, 0.3214331291475242]"
atr_pct_24b,realized_over_range_width_ge_1,12H,3,True,0.2859010722933241,"[-0.2859010722933241, -0.28623067755617093, -0.28728050083982287]"
choppiness_96b,fast_1atr_touch,4H,1,True,0.49102011494252873,[0.49102011494252873]
obv_slope_96b,max_abs_excursion_ge_1_5_atr,12H,1,True,0.49000713775874377,[-0.49000713775874377]
dema_dist_6b,down_excursion_ge_1_0_atr,2H,3,True,0.19330648027484892,"[-0.213329166000378, -0.19330648027484892, -0.20796944408504764]"
ema_slope_48b,fast_1atr_touch,4H,1,True,0.4956896551724138,[-0.4956896551724138]
atr_48b,upside_breakout_occurred,24H,3,True,0.1563101215803045,"[-0.23478753601084562, -0.1563101215803045, -0.22265475274960023]"
ema_spread_12_48b,max_abs_excursion_ge_1_5_atr,8H,3,True,0.4547738693467337,"[-0.49712643678160917, -0.49784637473079685, -0.4547738693467337]"
ema_dist_96b,max_abs_excursion_ge_1_5_atr,8H,3,True,0.46051687006460873,"[-0.4906609195402299, -0.49210337401292176, -0.46051687006460873]"
ema_spread_6_24b,max_abs_excursion_ge_1_5_atr,8H,3,True,0.45979899497487436,"[-0.49353448275862066, -0.4892318736539842, -0.45979899497487436]"
plus_di_14b,fast_1atr_touch,4H,1,True,0.4863505747126437,[-0.4863505747126437]
ema_spread_atr_24_96b,fast_1atr_touch,4H,1,True,0.4895833333333333,[-0.4895833333333333]
di_spread_14b,fast_1atr_touch,4H,1,True,0.48670977011494254,[-0.48670977011494254]
atr_pct_12b,range_held,8H,3,True,0.2932177025846455,"[0.2932177025846455, 0.31430702639099006, 0.302334190632063]"
atr_pct_12b,path_inside_70,8H,3,True,0.2932177025846455,"[0.2932177025846455, 0.31430702639099006, 0.302334190632063]"
atr_pct_12b,range_breached,8H,3,True,0.2932177025846455,"[-0.2932177025846455, -0.31430702639099006, -0.30233419063206296]"
sma_dist_96b,max_abs_excursion_ge_1_5_atr,8H,3,True,0.45549174443646806,"[-0.49137931034482757, -0.4942569992821249, -0.45549174443646806]"
sma_slope_24b,fast_1atr_touch,4H,1,True,0.4953304597701149,[-0.4953304597701149]
ema_spread_atr_6_24b,fast_1atr_touch,4H,1,True,0.4874281609195402,[-0.4874281609195402]
ema_spread_12_48b,fast_1atr_touch,4H,1,True,0.49461206896551724,[-0.49461206896551724]
sma_slope_12b,fast_1atr_touch,4H,1,True,0.49604885057471265,[-0.49604885057471265]
ema_spread_atr_24_96b,max_abs_excursion_ge_1_5_atr,8H,3,True,0.4167264895908112,"[-0.4920977011494253, -0.4956927494615937, -0.4167264895908112]"
choppiness_24b,fast_1atr_touch,4H,1,True,0.48599137931034486,[0.48599137931034486]
obv_slope_24b,fast_1atr_touch,4H,1,True,0.45905172413793105,[-0.45905172413793105]
ema_dist_6b,down_excursion_ge_1_0_atr,1H,3,True,0.18870880897185482,"[-0.20088706808505757, -0.18870880897185482, -0.2095513680984173]"
tema_dist_6b,down_excursion_ge_1_0_atr,2H,3,True,0.19478339849148996,"[-0.2048975853697539, -0.19478339849148996, -0.19582632509595893]"
atr_12b,realized_over_range_width_ge_1,4H,3,True,0.18326278290025144,"[-0.18326278290025144, -0.2524592189817103, -0.2521549836734183]"
dema_dist_96b,max_abs_excursion_ge_1_5_atr,8H,3,True,0.46841349605168703,"[-0.4920977011494253, -0.4691313711414214, -0.46841349605168703]"
macd_hist_48_288b,fast_1atr_touch,4H,1,True,0.49389367816091956,[-0.49389367816091956]
atr_slope_12b,max_abs_excursion_ge_1_5_atr,8H,3,True,0.444683908045977,"[0.444683908045977, 0.4662598707824839, 0.47702799712849964]"
sma_dist_96b,fast_1atr_touch,4H,1,True,0.4931752873563218,[-0.4931752873563218]
rsi_48b,fast_1atr_touch,4H,1,True,0.48455459770114945,[-0.48455459770114945]
rsi_neutral_dist_48b,fast_1atr_touch,4H,1,True,0.48455459770114945,[-0.48455459770114945]
roc_24b,fast_1atr_touch,4H,1,True,0.49461206896551724,[-0.49461206896551724]
return_24b,fast_1atr_touch,4H,1,True,0.49461206896551724,[-0.49461206896551724]
consecutive_up_bars,down_excursion_ge_1_0_atr,1H,3,True,0.1876319340718262,"[-0.19714944744724067, -0.1876319340718262, -0.20079191148990372]"
rsi_24b,fast_1atr_touch,4H,1,True,0.4827586206896552,[-0.4827586206896552]
macd_hist_slope_48_288b,fast_1atr_touch,4H,1,True,0.49461206896551724,[-0.49461206896551724]
rsi_neutral_dist_24b,fast_1atr_touch,4H,1,True,0.4827586206896552,[-0.4827586206896552]
ema_slope_24b,max_abs_excursion_ge_1_5_atr,8H,3,True,0.4418521177315147,"[-0.49353448275862066, -0.4892318736539842, -0.4418521177315147]"
ema_spread_6_24b,fast_1atr_touch,4H,1,True,0.4931752873563218,[-0.4931752873563218]
consecutive_down_bars,down_excursion_ge_1_0_atr,1H,3,True,0.1852423084426389,"[0.1852423084426389, 0.19732493461026368, 0.19904156816608687]"
sma_dist_24b,max_abs_excursion_ge_1_5_atr,8H,3,True,0.44903086862885855,"[-0.4834770114942529, -0.44903086862885855, -0.47128499641062455]"
sma_dist_48b,fast_1atr_touch,4H,1,True,0.492816091954023,[-0.492816091954023]
tema_dist_6b,up_excursion_ge_1_0_atr,2H,3,True,0.1882419453429771,"[0.19247323594317078, 0.20629553221220198, 0.1882419453429771]"
ema_dist_48b,fast_1atr_touch,4H,1,True,0.4917385057471264,[-0.4917385057471264]
bollinger_bandwidth_20b,realized_over_range_width_ge_1,12H,3,True,0.2451061230722248,"[-0.30175717744725006, -0.248523432296961, -0.2451061230722248]"
dema_dist_96b,fast_1atr_touch,4H,1,True,0.49389367816091956,[-0.49389367816091956]
tema_dist_288b,max_abs_excursion_ge_1_5_atr,8H,3,True,0.4554419284149014,"[-0.49634769905040177, -0.48319941563184804, -0.4554419284149014]"
atr_slope_48b,realized_over_range_width_ge_1,24H,3,True,0.19709728632688467,"[-0.271485408441532, -0.3076758039275077, -0.19709728632688467]"
atr_6b,realized_over_range_width_ge_1,12H,3,True,0.25574324324324327,"[-0.2899780929320881, -0.26183225840372953, -0.25574324324324327]"
minus_di_24b,max_abs_excursion_ge_1_5_atr,8H,3,True,0.4152907394113424,"[0.47126436781609193, 0.4949748743718593, 0.4152907394113424]"
choppiness_288b,fast_1atr_touch,4H,1,True,0.48239942528735635,[0.48239942528735635]
tema_dist_288b,fast_1atr_touch,4H,1,True,0.4930555555555556,[-0.4930555555555556]
minus_di_48b,fast_1atr_touch,4H,1,True,0.47449712643678166,[0.47449712643678166]
bb_keltner_width_ratio_96b,fast_1atr_touch,4H,1,True,0.47737068965517243,[-0.47737068965517243]
atr_pct_12b,realized_over_range_width_ge_1,4H,3,True,0.18945096395641242,"[-0.18945096395641242, -0.24604547701433516, -0.2528785243939564]"
price_efficiency_24b,max_abs_excursion_ge_1_5_atr,8H,3,True,0.32483847810480976,"[-0.4892241379310345, -0.43610911701363964, -0.32483847810480976]"
ema_dist_96b,fast_1atr_touch,4H,1,True,0.49030172413793105,[-0.49030172413793105]
rv_12b,realized_over_range_width_ge_1,12H,3,True,0.24529317453046268,"[-0.30199239017640955, -0.2802805916786428, -0.24529317453046268]"
ema_dist_24b,max_abs_excursion_ge_1_5_atr,8H,3,True,0.4310839913854989,"[-0.4827586206896552, -0.4310839913854989, -0.4720028715003589]"
rv_12b,fast_1atr_touch,4H,1,True,0.49748563218390807,[-0.49748563218390807]
adx_14b,max_abs_excursion_ge_1_5_atr,8H,3,True,0.37150035893754485,"[-0.4956896551724138, -0.4985642498205312, -0.37150035893754485]"
rsi_24b,max_abs_excursion_ge_1_5_atr,8H,3,True,0.40524048815506103,"[-0.49353448275862066, -0.46984924623115576, -0.40524048815506103]"
rsi_neutral_dist_24b,max_abs_excursion_ge_1_5_atr,8H,3,True,0.40524048815506103,"[-0.49353448275862066, -0.46984924623115576, -0.40524048815506103]"
dema_dist_288b,fast_1atr_touch,4H,1,True,0.4916907514450867,[-0.4916907514450867]
adx_24b,fast_1atr_touch,4H,1,True,0.47413793103448276,[-0.47413793103448276]
rv_slope_288b,fast_1atr_touch,4H,1,True,0.4780890804597701,[-0.4780890804597701]
dema_dist_6b,up_excursion_ge_1_0_atr,2H,3,True,0.17945862420870096,"[0.18694977033325777, 0.20406608572896012, 0.17945862420870096]"
ema_slope_48b,max_abs_excursion_ge_1_5_atr,12H,1,True,0.49785867237687365,[-0.49785867237687365]
sma_slope_48b,fast_1atr_touch,4H,1,True,0.4899425287356322,[-0.4899425287356322]
ema_spread_12_48b,max_abs_excursion_ge_1_5_atr,12H,1,True,0.4971448965024982,[-0.4971448965024982]
tema_dist_288b,max_abs_excursion_ge_1_5_atr,12H,1,True,0.4963689179375454,[-0.4963689179375454]
sma_dist_48b,max_abs_excursion_ge_1_5_atr,12H,1,True,0.49571734475374735,[-0.49571734475374735]
return_24b,max_abs_excursion_ge_1_5_atr,12H,1,True,0.493576017130621,[-0.493576017130621]
roc_24b,max_abs_excursion_ge_1_5_atr,12H,1,True,0.493576017130621,[-0.493576017130621]
adx_14b,max_abs_excursion_ge_1_5_atr,12H,1,True,0.49571734475374735,[-0.49571734475374735]
macd_hist_48_288b,max_abs_excursion_ge_1_5_atr,12H,1,True,0.493576017130621,[-0.493576017130621]
atr_slope_96b,max_abs_excursion_ge_1_5_atr,12H,1,True,0.49857244825124913,[-0.49857244825124913]
ema_spread_6_24b,max_abs_excursion_ge_1_5_atr,12H,1,True,0.493576017130621,[-0.493576017130621]
close_location_value,down_excursion_ge_1_0_atr,1H,3,True,0.17552614649388842,"[-0.17552614649388842, -0.1855806901461441, -0.19226465456427178]"
bollinger_pct_b_96b,max_abs_excursion_ge_1_5_atr,8H,3,True,0.39231873653984206,"[-0.4755747126436782, -0.39231873653984206, -0.4806173725771716]"
adx_24b,max_abs_excursion_ge_1_5_atr,12H,1,True,0.49571734475374735,[-0.49571734475374735]
ema_dist_48b,max_abs_excursion_ge_1_5_atr,12H,1,True,0.49286224125624556,[-0.49286224125624556]
dema_dist_96b,max_abs_excursion_ge_1_5_atr,12H,1,True,0.49214846538187007,[-0.49214846538187007]
ema_slope_24b,max_abs_excursion_ge_1_5_atr,12H,1,True,0.493576017130621,[-0.493576017130621]
rv_slope_96b,realized_over_range_width_ge_1,12H,3,True,0.21589873462091208,"[-0.2752011991237173, -0.21589873462091208, -0.21840357306459002]"
stoch_k_6b,down_excursion_ge_1_0_atr,1H,3,True,0.17803580721686413,"[-0.18234881904236744, -0.17803580721686413, -0.19233984303301438]"
atr_pct_12b,range_held,24H,3,True,0.3274795634840736,"[0.37530362481315394, 0.41559291052131686, 0.3274795634840736]"
atr_pct_12b,range_breached,24H,3,True,0.3274795634840736,"[-0.37530362481315394, -0.4155929105213168, -0.3274795634840736]"
atr_pct_12b,path_inside_70,24H,3,True,0.3274795634840736,"[0.37530362481315394, 0.41559291052131686, 0.3274795634840736]"
rsi_24b,max_abs_excursion_ge_1_5_atr,12H,1,True,0.493576017130621,[-0.493576017130621]
macd_hist_slope_12_48b,max_abs_excursion_ge_1_5_atr,12H,1,True,0.48929336188436834,[0.48929336188436834]
rsi_neutral_dist_24b,max_abs_excursion_ge_1_5_atr,12H,1,True,0.493576017130621,[-0.493576017130621]
tema_dist_12b,up_excursion_ge_1_0_atr,1H,3,True,0.1749130443294462,"[0.18947581572005556, 0.19140019616901482, 0.1749130443294462]"
bollinger_bandwidth_20b,fast_1atr_touch,4H,1,True,0.4931752873563218,[-0.4931752873563218]
price_efficiency_96b,max_abs_excursion_ge_1_5_atr,8H,3,True,0.29971284996410624,"[-0.4920977011494253, -0.4705671213208902, -0.29971284996410624]"
bollinger_pct_b_96b,fast_1atr_touch,4H,1,True,0.4680316091954023,[-0.4680316091954023]
roc_48b,max_abs_excursion_ge_1_5_atr,12H,1,True,0.49000713775874377,[-0.49000713775874377]
return_48b,max_abs_excursion_ge_1_5_atr,12H,1,True,0.49000713775874377,[-0.49000713775874377]
return_48b,fast_1atr_touch,4H,1,True,0.48814655172413796,[-0.48814655172413796]
roc_48b,fast_1atr_touch,4H,1,True,0.48814655172413796,[-0.48814655172413796]
bollinger_bandwidth_20b,max_abs_excursion_ge_1_5_atr,12H,1,True,0.48857958600999285,[-0.48857958600999285]
sma_dist_96b,max_abs_excursion_ge_1_5_atr,12H,1,True,0.49143468950749464,[-0.49143468950749464]
choppiness_96b,max_abs_excursion_ge_1_5_atr,12H,1,True,0.49286224125624556,[0.49286224125624556]
macd_hist_slope_48_288b,max_abs_excursion_ge_1_5_atr,12H,1,True,0.48857958600999285,[-0.48857958600999285]
di_spread_24b,max_abs_excursion_ge_1_5_atr,8H,3,True,0.4066762383345298,"[-0.4949712643678161, -0.4440057430007179, -0.4066762383345298]"
ema_dist_6b,down_excursion_ge_1_0_atr,2H,3,True,0.17734207374060473,"[-0.18817688874674732, -0.17734207374060473, -0.18789084400741796]"
atr_slope_48b,max_abs_excursion_ge_1_5_atr,12H,1,True,0.49500356887937186,[-0.49500356887937186]
ema_dist_96b,max_abs_excursion_ge_1_5_atr,12H,1,True,0.4907209136331192,[-0.4907209136331192]
macd_hist_slope_12_48b,fast_1atr_touch,4H,1,True,0.4885057471264368,[0.4885057471264368]
sma_slope_48b,max_abs_excursion_ge_1_5_atr,12H,1,True,0.487152034261242,[-0.487152034261242]
keltner_width_20b,realized_over_range_width_ge_1,8H,3,True,0.2534496269292358,"[-0.2820821195356834, -0.2534496269292358, -0.2620637759302731]"
atr_pct_6b,realized_over_range_width_ge_1,12H,3,True,0.25534543797539344,"[-0.28278335062838694, -0.25534543797539344, -0.25847839364788516]"
plus_di_24b,max_abs_excursion_ge_1_5_atr,12H,1,True,0.49571734475374735,[-0.49571734475374735]
macd_hist_slope_48_288b,max_abs_excursion_ge_1_5_atr,8H,3,True,0.4117013639626705,"[-0.4885057471264368, -0.4849246231155779, -0.4117013639626705]"
rv_24b,realized_over_range_width_ge_1,12H,3,True,0.25729500687127804,"[-0.29639340481955495, -0.2745846331802727, -0.25729500687127804]"
return_96b,fast_1atr_touch,4H,1,True,0.48778735632183906,[-0.48778735632183906]
roc_96b,fast_1atr_touch,4H,1,True,0.48778735632183906,[-0.48778735632183906]
di_spread_24b,max_abs_excursion_ge_1_5_atr,12H,1,True,0.49500356887937186,[-0.49500356887937186]
rv_slope_96b,max_abs_excursion_ge_1_5_atr,12H,1,True,0.49286224125624556,[-0.49286224125624556]
rolling_low_dist_24b,max_abs_excursion_ge_1_5_atr,12H,1,True,0.4842969307637402,[-0.4842969307637402]
dema_dist_288b,max_abs_excursion_ge_1_5_atr,12H,1,True,0.48636037329504667,[-0.48636037329504667]
macd_hist_48_288b,max_abs_excursion_ge_1_5_atr,8H,3,True,0.41385498923187364,"[-0.49353448275862066, -0.4956927494615937, -0.41385498923187364]"
dema_dist_288b,max_abs_excursion_ge_1_5_atr,8H,3,True,0.4371841155234657,"[-0.48628158844765346, -0.4927797833935018, -0.4371841155234657]"
minus_di_48b,max_abs_excursion_ge_1_5_atr,12H,1,True,0.4950035688793719,[0.4950035688793719]
ema_spread_24_96b,max_abs_excursion_ge_1_5_atr,12H,1,True,0.48501070663811563,[-0.48501070663811563]
rolling_vwap_z_288b,fast_1atr_touch,4H,1,True,0.47198275862068967,[-0.47198275862068967]
atr_24b,upside_breakout_occurred,12H,3,True,0.1626723278602193,"[-0.19273712079097416, -0.1626723278602193, -0.20100503092402844]"
ema_spread_24_96b,fast_1atr_touch,4H,1,True,0.4863505747126437,[-0.4863505747126437]
rv_slope_48b,fast_1atr_touch,2H,3,True,0.36043457497612225,"[-0.36043457497612225, -0.45615916130569456, -0.3617875180375181]"
price_efficiency_24b,max_abs_excursion_ge_1_5_atr,12H,1,True,0.4892933618843683,[-0.4892933618843683]
bollinger_squeeze_pctile_48b,realized_over_range_width_ge_1,24H,3,True,0.21706111493011226,"[-0.26764418576254634, -0.2542878237164925, -0.21706111493011226]"
sma_dist_24b,max_abs_excursion_ge_1_5_atr,12H,1,True,0.48358315488936476,[-0.48358315488936476]
bb_keltner_width_ratio_20b,max_abs_excursion_ge_1_5_atr,12H,1,True,0.4892933618843683,[-0.4892933618843683]
keltner_width_20b,realized_over_range_width_ge_1,4H,3,True,0.17697401508801341,"[-0.17697401508801341, -0.24758609326083375, -0.2513522079460201]"
atr_12b,upside_breakout_occurred,12H,3,True,0.15626822020350206,"[-0.1939384064221923, -0.15626822020350206, -0.19635373396104494]"
minus_di_14b,fast_1atr_touch,4H,1,True,0.4644396551724138,[0.4644396551724138]
ema_dist_24b,max_abs_excursion_ge_1_5_atr,12H,1,True,0.4828693790149893,[-0.4828693790149893]
ema_slope_96b,max_abs_excursion_ge_1_5_atr,12H,1,True,0.4828693790149893,[-0.4828693790149893]
return_96b,max_abs_excursion_ge_1_5_atr,12H,1,True,0.48572448251249106,[-0.48572448251249106]
roc_96b,max_abs_excursion_ge_1_5_atr,12H,1,True,0.48572448251249106,[-0.48572448251249106]
rolling_vwap_z_288b,max_abs_excursion_ge_1_5_atr,8H,3,True,0.3765254845656856,"[-0.49137931034482757, -0.4885139985642498, -0.3765254845656856]"
rolling_vwap_dist_24b,max_abs_excursion_ge_1_5_atr,12H,1,True,0.480728051391863,[-0.480728051391863]
rsi_slope_6b,down_excursion_ge_1_0_atr,1H,3,True,0.16932280789497994,"[-0.17207055232324625, -0.16932280789497994, -0.19326421891343815]"
atr_pct_24b,realized_over_range_width_ge_1,8H,3,True,0.24672072501788694,"[-0.27479042502962114, -0.24672072501788694, -0.26086515300632246]"
bollinger_squeeze_pctile_20b,realized_over_range_width_ge_1,24H,3,True,0.19645896756031295,"[-0.25338332858480195, -0.2926794638800545, -0.19645896756031295]"
consecutive_up_bars,up_excursion_ge_1_0_atr,1H,3,True,0.17106423966462714,"[0.17106423966462714, 0.17622440642942805, 0.1862134748116776]"
ema_slope_96b,fast_1atr_touch,4H,1,True,0.4849137931034483,[-0.4849137931034483]
tema_dist_24b,max_abs_excursion_ge_1_5_atr,12H,1,True,0.4771591720199857,[0.4771591720199857]
atr_48b,upside_breakout_occurred,12H,3,True,0.15893072090880023,"[-0.18713964093487284, -0.15893072090880023, -0.2061974983845657]"
bollinger_bandwidth_20b,max_abs_excursion_ge_1_5_atr,8H,3,True,0.43610911701363964,"[-0.4885057471264368, -0.49066762383345297, -0.43610911701363964]"
ema_dist_24b,fast_1atr_touch,4H,1,True,0.4816810344827586,[-0.4816810344827586]
atr_slope_96b,realized_over_range_width_ge_1,8H,3,True,0.18710180232360057,"[-0.26396201370143696, -0.18710180232360057, -0.23574385466409836]"
mfi_96b,max_abs_excursion_ge_1_5_atr,12H,1,True,0.487152034261242,[-0.487152034261242]
bb_keltner_width_ratio_96b,max_abs_excursion_ge_1_5_atr,12H,1,True,0.48572448251249106,[-0.48572448251249106]
bollinger_bandwidth_48b,max_abs_excursion_ge_1_5_atr,12H,1,True,0.47644539614561027,[-0.47644539614561027]
sma_dist_24b,fast_1atr_touch,4H,1,True,0.4816810344827586,[-0.4816810344827586]
ema_spread_24_96b,max_abs_excursion_ge_1_5_atr,8H,3,True,0.40093323761665467,"[-0.4849137931034483, -0.4971284996410625, -0.40093323761665467]"
rolling_low_dist_48b,max_abs_excursion_ge_1_5_atr,12H,1,True,0.4735902926481085,[-0.4735902926481085]
roc_48b,max_abs_excursion_ge_1_5_atr,8H,3,True,0.3944723618090452,"[-0.4899425287356322, -0.4856424982053123, -0.3944723618090452]"
return_48b,max_abs_excursion_ge_1_5_atr,8H,3,True,0.3944723618090452,"[-0.4899425287356322, -0.4856424982053123, -0.3944723618090452]"
ema_spread_atr_6_24b,max_abs_excursion_ge_1_5_atr,12H,1,True,0.48572448251249106,[-0.48572448251249106]
rv_12b,realized_over_range_width_ge_1,8H,3,True,0.23925164571310403,"[-0.27933381439809, -0.24112466355490442, -0.23925164571310403]"
atr_48b,realized_over_range_width_ge_1,12H,3,True,0.25366539836273494,"[-0.25366539836273494, -0.2580159662098216, -0.2760116048251642]"
atr_24b,range_held,24H,3,True,0.31727539966979423,"[0.36462420590433486, 0.3815612623429687, 0.31727539966979423]"
atr_24b,path_inside_70,24H,3,True,0.31727539966979423,"[0.36462420590433486, 0.3815612623429687, 0.31727539966979423]"
atr_24b,range_breached,24H,3,True,0.31727539966979423,"[-0.36462420590433486, -0.3815612623429688, -0.31727539966979423]"
sma_slope_48b,max_abs_excursion_ge_1_5_atr,8H,3,True,0.3858578607322326,"[-0.4870689655172414, -0.4956927494615937, -0.3858578607322326]"
atr_slope_288b,fast_1atr_touch,4H,1,True,0.4468390804597701,[-0.4468390804597701]
tema_dist_96b,max_abs_excursion_ge_1_5_atr,12H,1,True,0.4714489650249822,[-0.4714489650249822]
ema_slope_24b,fast_1atr_touch,4H,1,True,0.4917385057471264,[-0.4917385057471264]
bollinger_bandwidth_48b,realized_over_range_width_ge_1,24H,3,True,0.2511825264329438,"[-0.28587854613537383, -0.2972891110101469, -0.2511825264329438]"
consecutive_down_bars,up_excursion_ge_1_0_atr,1H,3,True,0.1573417541401692,"[-0.1573417541401692, -0.1824872501519058, -0.17727971773939183]"
dema_dist_6b,up_excursion_ge_1_0_atr,4H,3,True,0.18315842627557744,"[0.18584894991385104, 0.20142378559463991, 0.18315842627557744]"
ema_dist_288b,max_abs_excursion_ge_1_5_atr,12H,1,True,0.47644539614561027,[-0.47644539614561027]
tema_dist_96b,fast_1atr_touch,4H,1,True,0.4791666666666667,[-0.4791666666666667]
ema_dist_288b,max_abs_excursion_ge_1_5_atr,8H,3,True,0.42462311557788945,"[-0.47629310344827586, -0.49641062455132806, -0.42462311557788945]"
rolling_vwap_dist_288b,max_abs_excursion_ge_1_5_atr,12H,1,True,0.4678800856531049,[-0.4678800856531049]
sma_slope_12b,max_abs_excursion_ge_1_5_atr,12H,1,True,0.4678800856531049,[-0.4678800856531049]
roc_96b,max_abs_excursion_ge_1_5_atr,8H,3,True,0.3908829863603733,"[-0.48563218390804597, -0.4885139985642498, -0.3908829863603733]"
return_96b,max_abs_excursion_ge_1_5_atr,8H,3,True,0.3908829863603733,"[-0.48563218390804597, -0.4885139985642498, -0.3908829863603733]"
consecutive_up_bars,down_excursion_ge_1_0_atr,2H,3,True,0.16981784878396256,"[-0.16981784878396256, -0.17794100225091813, -0.18479374218311984]"
bollinger_squeeze_pctile_48b,max_abs_excursion_ge_1_5_atr,8H,3,True,0.3621679827709978,"[-0.47270114942528735, -0.4644651830581479, -0.3621679827709978]"
return_3b,down_excursion_ge_1_0_atr,1H,3,True,0.16255291443350295,"[-0.1779931375586693, -0.16255291443350295, -0.17514379794647023]"
rsi_slope_6b,up_excursion_ge_1_0_atr,1H,3,True,0.16225413469642402,"[0.16225413469642402, 0.18072013599837966, 0.16806100274734237]"
di_spread_48b,max_abs_excursion_ge_1_5_atr,8H,3,True,0.3284278535534817,"[-0.49712643678160917, -0.48133524766690594, -0.3284278535534817]"
bollinger_bandwidth_20b,path_inside_70,24H,3,True,0.2919381468207627,"[0.3598654708520179, 0.4037472446730346, 0.2919381468207627]"
bollinger_bandwidth_20b,range_breached,24H,3,True,0.2919381468207627,"[-0.3598654708520179, -0.4037472446730345, -0.2919381468207627]"
bollinger_bandwidth_20b,range_held,24H,3,True,0.2919381468207627,"[0.3598654708520179, 0.4037472446730346, 0.2919381468207627]"
bb_keltner_width_ratio_48b,max_abs_excursion_ge_1_5_atr,8H,3,True,0.34278535534816945,"[-0.5, -0.47559224694903085, -0.34278535534816945]"
atr_slope_48b,max_abs_excursion_ge_1_5_atr,8H,3,True,0.35570710696338836,"[-0.4949712643678161, -0.35570710696338836, -0.4468772433596554]"
dema_dist_12b,max_abs_excursion_ge_1_5_atr,12H,1,True,0.46145610278372595,[0.46145610278372595]
minus_di_48b,max_abs_excursion_ge_1_5_atr,8H,3,True,0.31909547738693467,"[0.49497126436781613, 0.49856424982053127, 0.31909547738693467]"
rolling_low_dist_48b,max_abs_excursion_ge_1_5_atr,8H,3,True,0.4296482412060302,"[-0.4734195402298851, -0.4798994974874372, -0.4296482412060302]"
dema_dist_6b,down_excursion_ge_1_0_atr,4H,3,True,0.19155496621027912,"[-0.19155496621027912, -0.19381461078816287, -0.19302223119710682]"
atr_12b,range_breached,4H,3,True,0.23262887472431593,"[-0.23262887472431593, -0.28050149700598803, -0.3104233265523588]"
