target,horizon,fold,model_family,feature_set,n,positives,base_rate,brier,brier_skill_vs_train_base,log_loss,auc,pr_auc,ece,calibration_intercept,calibration_slope
range_continuation,1H,1,logistic,step11_individuals,631,19,0.030110935023771792,0.028207458374002608,0.04548898107521504,0.1310421237206429,0.7594599243206054,0.19607223276755148,0.033458372656186196,-0.0831154534624575,1.2939468428283576
range_continuation,1H,2,logistic,step11_individuals,631,23,0.03645007923930269,0.036998007430842896,-0.05187033701376631,0.15992279981536378,0.6194221967963387,0.06971103339307592,0.019966690843288313,-0.08814641750999158,1.1078916353847414
range_continuation,1H,3,logistic,step11_individuals,631,30,0.04754358161648178,0.04340122020913519,0.04218228066964458,0.17814248657643378,0.6967276760953965,0.18403048207268025,0.005145804011337877,0.011222722505177446,1.0622941821010117
range_continuation,2H,1,tree_depth2,compact_deredundant,631,19,0.030110935023771792,0.027016018357803886,0.0826934227190762,0.11166123221251023,0.8475232198142415,0.14982610734801366,0.011739994465826468,-0.026939924958474696,1.146893490165889
range_continuation,2H,2,tree_depth2,compact_deredundant,631,24,0.03803486529318542,0.03534647395383384,0.034262631016432676,0.155951460429682,0.671334431630972,0.12406993549683974,0.006441034183559794,-0.016718711749901267,0.8930637380042858
range_continuation,2H,3,tree_depth2,compact_deredundant,631,34,0.05388272583201268,0.04834669720665244,0.05482094658202885,0.19063244813984034,0.7625381811015863,0.14896343122182967,0.017292134705586014,0.06457878267406986,0.8973759473004425
range_continuation,4H,1,tree_depth2,step11_individuals,631,25,0.039619651347068144,0.03550088109553516,0.06797165686581685,0.14435665974989786,0.8064026402640264,0.1318542772557407,0.0058598697992477185,0.004146281410447132,1.0076135674853615
range_continuation,4H,2,tree_depth2,step11_individuals,631,23,0.03645007923930269,0.0343779913293462,0.022845564670779583,0.14094109987989303,0.733266590389016,0.10857718680929478,0.008745523249902666,-0.006798295232269253,0.9342309864140743
range_continuation,4H,3,tree_depth2,step11_individuals,631,28,0.044374009508716325,0.03933389288180934,0.07249537972645836,0.1580613298679201,0.7985074626865671,0.16552337150552404,0.014813849583501614,0.04335730978830435,0.8579209943696208
range_continuation,8H,1,tree_depth2,step12_interactions,631,27,0.042789223454833596,0.038225328662511125,0.07090033289727948,0.15338166729853017,0.8483566347804758,0.11909528960012773,0.010424555886620328,-0.015081437187849055,1.1052835243755863
range_continuation,8H,2,tree_depth2,step12_interactions,631,24,0.03803486529318542,0.03417840530699183,0.07127124856435907,0.14062270907103008,0.7277594728171335,0.14175076127483668,0.005893537394718866,-0.005242219604927968,1.0690604206555467
range_continuation,8H,3,tree_depth2,step12_interactions,631,35,0.0554675118858954,0.04775254108994543,0.08915470324849573,0.18293819626141092,0.7035953978906999,0.28937346946817444,0.015052338671240832,0.08464725719608644,0.9413166272987163
range_continuation,12H,1,logistic,all_step13,631,23,0.03645007923930269,0.03327321242331403,0.059966413171500865,0.1404610897827131,0.816004004576659,0.19801809882237492,0.02189387945088012,-0.05609088588340614,1.1975286978539974
range_continuation,12H,2,logistic,all_step13,631,27,0.042789223454833596,0.03580175197797808,0.12669043189544427,0.146305525339395,0.829102281089036,0.3114231900020625,0.009616943324338809,0.030196312038985165,1.1017928116866411
range_continuation,12H,3,logistic,all_step13,631,52,0.08240887480190175,0.07237603055858947,0.05798877150688431,0.2671210773971451,0.7633519330410522,0.2539794352923044,0.03670137364401912,0.12617188947753455,0.8435549561537071
range_continuation,24H,1,logistic,step11_individuals,631,11,0.017432646592709985,0.01762914734976773,0.027031456210535265,0.08945116855397996,0.9266862170087976,0.2989420966265155,0.04314203093584363,-0.17965949762200195,1.4586261802503449
range_continuation,24H,2,logistic,step11_individuals,631,14,0.022187004754358162,0.021727820362124388,0.013856720986510807,0.09606149264302308,0.8963880527899977,0.14083442926889572,0.023361731306473527,-0.08413165233035967,1.257217120825871
range_continuation,24H,3,logistic,step11_individuals,631,48,0.07606973058637084,0.0648397267558961,0.09713678799532344,0.23269398764697835,0.8500571755288736,0.34153961913155745,0.03480321931684115,0.1709554387046228,0.875544797466984
path_inside_70,1H,1,logistic,step11_individuals,631,19,0.030110935023771792,0.028207458374002608,0.04548898107521504,0.1310421237206429,0.7594599243206054,0.19607223276755148,0.033458372656186196,-0.0831154534624575,1.2939468428283576
path_inside_70,1H,2,logistic,step11_individuals,631,23,0.03645007923930269,0.036998007430842896,-0.05187033701376631,0.15992279981536378,0.6194221967963387,0.06971103339307592,0.019966690843288313,-0.08814641750999158,1.1078916353847414
path_inside_70,1H,3,logistic,step11_individuals,631,30,0.04754358161648178,0.04340122020913519,0.04218228066964458,0.17814248657643378,0.6967276760953965,0.18403048207268025,0.005145804011337877,0.011222722505177446,1.0622941821010117
path_inside_70,2H,1,tree_depth2,compact_deredundant,631,19,0.030110935023771792,0.027016018357803886,0.0826934227190762,0.11166123221251023,0.8475232198142415,0.14982610734801366,0.011739994465826468,-0.026939924958474696,1.146893490165889
path_inside_70,2H,2,tree_depth2,compact_deredundant,631,24,0.03803486529318542,0.03534647395383384,0.034262631016432676,0.155951460429682,0.671334431630972,0.12406993549683974,0.006441034183559794,-0.016718711749901267,0.8930637380042858
path_inside_70,2H,3,tree_depth2,compact_deredundant,631,34,0.05388272583201268,0.04834669720665244,0.05482094658202885,0.19063244813984034,0.7625381811015863,0.14896343122182967,0.017292134705586014,0.06457878267406986,0.8973759473004425
path_inside_70,4H,1,tree_depth2,step11_individuals,631,25,0.039619651347068144,0.03550088109553516,0.06797165686581685,0.14435665974989786,0.8064026402640264,0.1318542772557407,0.0058598697992477185,0.004146281410447132,1.0076135674853615
path_inside_70,4H,2,tree_depth2,step11_individuals,631,23,0.03645007923930269,0.0343779913293462,0.022845564670779583,0.14094109987989303,0.733266590389016,0.10857718680929478,0.008745523249902666,-0.006798295232269253,0.9342309864140743
path_inside_70,4H,3,tree_depth2,step11_individuals,631,28,0.044374009508716325,0.03933389288180934,0.07249537972645836,0.1580613298679201,0.7985074626865671,0.16552337150552404,0.014813849583501614,0.04335730978830435,0.8579209943696208
path_inside_70,8H,1,tree_depth2,step12_interactions,631,27,0.042789223454833596,0.038225328662511125,0.07090033289727948,0.15338166729853017,0.8483566347804758,0.11909528960012773,0.010424555886620328,-0.015081437187849055,1.1052835243755863
path_inside_70,8H,2,tree_depth2,step12_interactions,631,24,0.03803486529318542,0.03417840530699183,0.07127124856435907,0.14062270907103008,0.7277594728171335,0.14175076127483668,0.005893537394718866,-0.005242219604927968,1.0690604206555467
path_inside_70,8H,3,tree_depth2,step12_interactions,631,35,0.0554675118858954,0.04775254108994543,0.08915470324849573,0.18293819626141092,0.7035953978906999,0.28937346946817444,0.015052338671240832,0.08464725719608644,0.9413166272987163
path_inside_70,12H,1,logistic,all_step13,631,23,0.03645007923930269,0.03327321242331403,0.059966413171500865,0.1404610897827131,0.816004004576659,0.19801809882237492,0.02189387945088012,-0.05609088588340614,1.1975286978539974
path_inside_70,12H,2,logistic,all_step13,631,27,0.042789223454833596,0.03580175197797808,0.12669043189544427,0.146305525339395,0.829102281089036,0.3114231900020625,0.009616943324338809,0.030196312038985165,1.1017928116866411
path_inside_70,12H,3,logistic,all_step13,631,52,0.08240887480190175,0.07237603055858947,0.05798877150688431,0.2671210773971451,0.7633519330410522,0.2539794352923044,0.03670137364401912,0.12617188947753455,0.8435549561537071
path_inside_70,24H,1,logistic,step11_individuals,631,11,0.017432646592709985,0.01762914734976773,0.027031456210535265,0.08945116855397996,0.9266862170087976,0.2989420966265155,0.04314203093584363,-0.17965949762200195,1.4586261802503449
path_inside_70,24H,2,logistic,step11_individuals,631,14,0.022187004754358162,0.021727820362124388,0.013856720986510807,0.09606149264302308,0.8963880527899977,0.14083442926889572,0.023361731306473527,-0.08413165233035967,1.257217120825871
path_inside_70,24H,3,logistic,step11_individuals,631,48,0.07606973058637084,0.0648397267558961,0.09713678799532344,0.23269398764697835,0.8500571755288736,0.34153961913155745,0.03480321931684115,0.1709554387046228,0.875544797466984
range_breached,1H,1,logistic,step11_individuals,631,612,0.9698890649762282,0.028207458374002608,0.04548898107521504,0.1310421237206429,0.7594599243206054,0.9891708867817698,0.03345837265618614,0.08311545346245737,1.2939468428283578
range_breached,1H,2,logistic,step11_individuals,631,608,0.9635499207606973,0.036998007430842896,-0.05187033701376631,0.15992279981536375,0.6194221967963387,0.9776574625353615,0.019966690843288087,0.08814641750999153,1.1078916353847414
range_breached,1H,3,logistic,step11_individuals,631,601,0.9524564183835182,0.043401220209135186,0.0421822806696448,0.17814248657643378,0.6967276760953965,0.9721013412298485,0.005145804011337856,-0.011222722505177493,1.0622941821010117
range_breached,2H,1,tree_depth2,compact_deredundant,631,612,0.9698890649762282,0.027016018357803886,0.08269342271907565,0.11166123221251024,0.846577227382181,0.9934059286877945,0.011739994465826409,0.02693992495847474,1.1468934901658892
range_breached,2H,2,tree_depth2,compact_deredundant,631,607,0.9619651347068146,0.03534647395383384,0.034262631016432676,0.155951460429682,0.6729132344865458,0.9784661783228918,0.006441034183560017,0.016718711749901267,0.893063738004286
range_breached,2H,3,tree_depth2,compact_deredundant,631,597,0.9461172741679873,0.04834669720665244,0.05482094658202885,0.1906324481398404,0.7248990048280619,0.975312672707369,0.017292134705586118,-0.06457878267406975,0.8973759473004419
range_breached,4H,1,tree_depth2,step11_individuals,631,606,0.9603803486529319,0.03550088109553516,0.06797165686581685,0.1443566597498979,0.7404620462046204,0.989911059783591,0.0058598697992477845,-0.00414628141044696,1.0076135674853617
range_breached,4H,2,tree_depth2,step11_individuals,631,608,0.9635499207606973,0.034436957387646745,0.02116952301813435,0.14591270716252566,0.7212528604118993,0.9821353687403702,0.007933558433360863,0.012400854418264827,0.8892960114891295
range_breached,4H,3,tree_depth2,step11_individuals,631,603,0.9556259904912837,0.03933389288180934,0.07249537972645836,0.15806132986792007,0.7560412224591329,0.9833048347014454,0.014813849583501532,-0.043357309788304495,0.8579209943696211
range_breached,8H,1,tree_depth2,step12_interactions,631,604,0.9572107765451664,0.03822532866251113,0.07090033289727915,0.15338166729853012,0.6560583762570518,0.9919738623254787,0.01042455588662028,0.015081437187848906,1.1052835243755863
range_breached,8H,2,tree_depth2,step12_interactions,631,607,0.9619651347068146,0.03417840530699183,0.07127124856435929,0.1406227090710301,0.7369577155409116,0.9843067514000067,0.005893537394718651,0.005242219604927792,1.0690604206555463
range_breached,8H,3,tree_depth2,step12_interactions,631,596,0.9445324881141046,0.047752541089945436,0.0891547032484955,0.18293819626141092,0.7738734419942473,0.9476589695600592,0.015052338671240784,-0.0846472571960867,0.9413166272987167
range_breached,12H,1,logistic,all_step13,631,608,0.9635499207606973,0.03327321242331403,0.059966413171500865,0.1404610897827131,0.816004004576659,0.9911160055457052,0.021893879450880224,0.05609088588340601,1.1975286978539974
range_breached,12H,2,logistic,all_step13,631,604,0.9572107765451664,0.03580175197797808,0.12669043189544427,0.146305525339395,0.829102281089036,0.986454489363955,0.0096169433243388,-0.030196312038985137,1.1017928116866411
range_breached,12H,3,logistic,all_step13,631,579,0.9175911251980983,0.07237603055858947,0.05798877150688431,0.2671210773971451,0.7633519330410522,0.9658121208678945,0.03670137364401912,-0.12617188947753447,0.843554956153707
range_breached,24H,1,logistic,step11_individuals,631,620,0.9825673534072901,0.01762914734976773,0.027031456210535265,0.08945116855397994,0.9266862170087976,0.9985960493625593,0.04314203093584356,0.17965949762200178,1.4586261802503449
range_breached,24H,2,logistic,step11_individuals,631,617,0.9778129952456418,0.02172782036212439,0.013856720986510696,0.09606149264302308,0.8963880527899977,0.9972976511838015,0.02336173130647353,0.0841316523303597,1.2572171208258711
range_breached,24H,3,logistic,step11_individuals,631,583,0.9239302694136292,0.0648397267558961,0.09713678799532344,0.23269398764697835,0.8500571755288736,0.9842552215635754,0.03480321931684112,-0.17095543870462282,0.875544797466984
realized_over_range_width_ge_1,1H,1,logistic,all_step13,631,553,0.8763866877971473,0.09884653261711439,0.0888894677032891,0.33951291007537443,0.6972921593174758,0.9416684381529669,0.02140255034613482,0.008152211369786569,1.0639168996177801
realized_over_range_width_ge_1,1H,2,logistic,all_step13,631,556,0.8811410459587956,0.10143954274093273,0.03309922003880894,0.3487372613156731,0.668968824940048,0.9287946141973767,0.010328907251865116,0.06674474816908564,0.9687073127873781
realized_over_range_width_ge_1,1H,3,logistic,all_step13,631,545,0.8637083993660856,0.10866638813414155,0.07721311837446554,0.36812320492051726,0.6917004480477917,0.9213907661675521,0.02371472892809882,-0.06759978853416332,0.9623858489205694
realized_over_range_width_ge_1,2H,1,logistic,step11_individuals,631,553,0.8763866877971473,0.09451605539410346,0.13215837722993773,0.324583203024591,0.7745861733203505,0.9542217974149914,0.051382794306893284,-0.05778556464992514,1.1897650494309502
realized_over_range_width_ge_1,2H,2,logistic,step11_individuals,631,548,0.8684627575277337,0.10248275093356074,0.10346819319315714,0.34958117473841405,0.732037639609533,0.9343212674687681,0.0071516178703276995,-0.05784533628897496,1.0318313772150443
realized_over_range_width_ge_1,2H,3,logistic,step11_individuals,631,539,0.8541996830427893,0.1138773817329476,0.08597227886252812,0.37590342280376476,0.7313866257965637,0.9323778589710455,0.021985686696934067,-0.10273728483683713,0.9778349223637013
realized_over_range_width_ge_1,4H,1,logistic,compact_deredundant,631,554,0.8779714738510301,0.09091510427788602,0.15882470304379637,0.31039062377054283,0.8028271367621548,0.965009374465754,0.04192797041698904,-0.07884270355387314,1.224283921206634
realized_over_range_width_ge_1,4H,2,logistic,compact_deredundant,631,540,0.8557844690966719,0.11019531163777944,0.10713385722169988,0.368209758437318,0.7409035409035409,0.9275941269924345,0.027594010508020746,-0.0988181278215306,0.9446357811392521
realized_over_range_width_ge_1,4H,3,logistic,compact_deredundant,631,540,0.8557844690966719,0.11282816783901663,0.08580066825180888,0.3740594068858762,0.7333536833536833,0.9290684664913552,0.02998833009096305,-0.0909147895142615,0.9313522064305325
realized_over_range_width_ge_1,8H,1,tree_depth2,compact_deredundant,631,551,0.873217115689382,0.10281216694889336,0.07328988662147862,0.3596677112268692,0.6352994555353902,0.9468726944986368,0.023363085364053248,0.04734169550467234,0.8805566120915415
realized_over_range_width_ge_1,8H,2,tree_depth2,compact_deredundant,631,546,0.8652931854199684,0.10180867809193322,0.1265624047845173,0.3398384185626965,0.7566041801335919,0.9518028131524748,0.053962164305421174,-0.262076436711395,0.9013107399652617
realized_over_range_width_ge_1,8H,3,tree_depth2,compact_deredundant,631,531,0.8415213946117274,0.12275307044564213,0.08247575049827782,0.4087144862991535,0.7407156308851224,0.8708547676718087,0.07145791951197093,-0.18343348529846362,0.7858520018981374
realized_over_range_width_ge_1,12H,1,logistic,step11_individuals,631,564,0.8938193343898574,0.0796061595244945,0.16816214588350742,0.278941692009967,0.7910447761194029,0.965660506558845,0.01925655809470027,0.025749020866470015,1.1104434390469098
realized_over_range_width_ge_1,12H,2,logistic,step11_individuals,631,541,0.8573692551505546,0.10154215207853472,0.17138729692271426,0.34183594520400884,0.8117272540562744,0.9379481810698066,0.04751895688917461,-0.24604630758312174,0.9306191985616449
realized_over_range_width_ge_1,12H,3,logistic,step11_individuals,631,528,0.8367670364500792,0.12657171439268347,0.08029529302404426,0.4291840371740838,0.7191453368637835,0.8956054042732379,0.0678261717112069,-0.1471392567956798,0.7645227998451734
realized_over_range_width_ge_1,24H,1,logistic,compact_deredundant,631,588,0.9318541996830428,0.05466744616725788,0.1677870821596842,0.19936341211698022,0.858250276854928,0.9864952168622717,0.03845442827804493,0.1373061625671268,1.2298861968529724
realized_over_range_width_ge_1,24H,2,logistic,compact_deredundant,631,573,0.9080824088748018,0.0602794609327627,0.2786805760957395,0.20898082487559194,0.9020280435698381,0.988683509264921,0.020858013083690518,-0.20140765836153626,1.1104099263008937
realized_over_range_width_ge_1,24H,3,logistic,compact_deredundant,631,529,0.838351822503962,0.1133648612897455,0.18624053825603404,0.36989005373255057,0.8561103080173468,0.9653848589281827,0.0859428009171759,-0.4199374264857172,0.8365891940886812
oscillatory_path,1H,1,tree_depth2,compact_deredundant,631,275,0.4358161648177496,0.24611970043863673,-0.0009597730088692913,0.6853818857424592,0.5274974463738509,0.46466775649910813,0.013390624872299476,-0.02775264963152084,0.9486404467295109
oscillatory_path,1H,2,tree_depth2,compact_deredundant,631,286,0.4532488114104596,0.24841002847393936,-0.0010486919836443231,0.6899802864504359,0.5170264518090605,0.46914278167593315,0.018194682568106912,0.05935347175734717,0.9412914447431815
oscillatory_path,1H,3,tree_depth2,compact_deredundant,631,281,0.44532488114104596,0.24844769461229324,-0.005629242594241468,0.6900192451390565,0.5059888154550076,0.44535977366543744,0.01811881301821363,0.0020771521399347453,0.9151889294214981
oscillatory_path,2H,1,logistic,step12_interactions,631,284,0.4500792393026941,0.24747465989016462,0.0026687930851143626,0.6881585281546803,0.5383163534521248,0.49123856851692393,0.022141787232939712,0.07916215061506393,0.9710653887615145
oscillatory_path,2H,2,logistic,step12_interactions,631,293,0.4643423137876387,0.24934936382531636,0.0018548911298871262,0.6919172756865559,0.5207302542561141,0.4711387574470765,0.028495014517895965,0.10130147516212469,0.9555028917058291
oscillatory_path,2H,3,logistic,step12_interactions,631,281,0.44532488114104596,0.24749507565692297,-0.0017710608456089627,0.6881163437003548,0.5158820538891713,0.47382423579677513,0.004721534381908194,-0.022764378173372103,0.9622389042096918
oscillatory_path,4H,1,logistic,step11_individuals,631,286,0.4532488114104596,0.24822313228063975,-0.001036723349322921,0.6896115733336302,0.5087159217594001,0.4722165549895626,0.008788260967124815,0.02969287717719573,0.9738877214729272
oscillatory_path,4H,2,logistic,step11_individuals,631,287,0.4548335974643423,0.24653534900344568,0.006266355811364477,0.6862231361257088,0.5389352564621992,0.5462841932447976,0.01146453475710384,0.04609389389969755,1.0131710510491092
oscillatory_path,4H,3,logistic,step11_individuals,631,259,0.410459587955626,0.2450598098711869,-0.006981894111378173,0.6832386349105365,0.4817536430439656,0.40361947626598416,0.040240995613419796,-0.15971591757266254,0.9727319560517198
oscillatory_path,8H,1,logistic,step11_individuals,631,275,0.4358161648177496,0.25113040423149646,-0.02048827116540819,0.6956499286928993,0.45847803881511745,0.39803859414896786,0.029610336338604708,-0.0439547249148752,0.8440343429474501
oscillatory_path,8H,2,logistic,step11_individuals,631,281,0.44532488114104596,0.24704907159248995,-0.00013492248181323774,0.6872316115867088,0.5162175902389425,0.4618716570840871,0.016378112438327576,0.05822466457784298,0.9765524455045481
oscillatory_path,8H,3,logistic,step11_individuals,631,275,0.4358161648177496,0.24369556953731658,0.009462655718664559,0.6804560459310244,0.5613687436159346,0.5071863201867537,0.016308743309989018,0.03654946930494645,1.0305418949300353
oscillatory_path,12H,1,tree_depth2,step11_individuals,631,277,0.43898573692551507,0.247711720878124,-0.005736338481991288,0.6888181886085322,0.5106977503110404,0.4720920809956902,0.032616096455966755,0.033604234218032485,0.880322355691294
oscillatory_path,12H,2,tree_depth2,step11_individuals,631,265,0.41996830427892234,0.24879859674777302,-0.01975742356290322,0.6908392452081948,0.5127642024951026,0.3904159098097403,0.05290903180187281,-0.1193357068970124,0.8522926541812533
oscillatory_path,12H,3,tree_depth2,step11_individuals,631,279,0.4421553090332805,0.24351693261757087,0.013059540428508654,0.6801256067854027,0.6065697295536006,0.48278528404438087,0.008498183537737625,0.039204974532343416,1.0347307259002452
oscillatory_path,24H,1,tree_depth2,step12_interactions,631,292,0.46275752773375595,0.24957721585721637,0.0032679485462702162,0.6923174189401047,0.5447933082797914,0.5506816856100328,0.041762844226900075,0.1528558907463712,0.9703150478457736
oscillatory_path,24H,2,tree_depth2,step12_interactions,631,226,0.358161648177496,0.2338182749618694,0.008876838958859379,0.6604770563651293,0.5438326231836557,0.5248884696836572,0.0815587277036625,-0.29890638961306293,1.131560531227167
oscillatory_path,24H,3,tree_depth2,step12_interactions,631,255,0.4041204437400951,0.24213225248371373,-0.004062758447405557,0.6773850415715096,0.643648310387985,0.30996444317937877,0.03603454896325781,-0.09449198828366485,0.9903961897813685
trend_efficiency_high,1H,1,tree_depth2,step12_interactions,631,95,0.15055467511885895,0.12928683841347066,-0.008300244288483638,0.42819939458315737,0.46916732128829536,0.1522761598755282,0.01689288352565778,-0.06135892837546764,1.0288087279570235
trend_efficiency_high,1H,2,tree_depth2,step12_interactions,631,93,0.1473851030110935,0.12588223330835094,0.0004113806590803071,0.41890743340644476,0.4911859935244034,0.17661856285295047,0.01384595997864535,-0.032040739149635025,1.043349340893998
trend_efficiency_high,1H,3,tree_depth2,step12_interactions,631,107,0.16957210776545167,0.1410987445638691,-0.0013899475021270646,0.45624017550228424,0.5063137618605978,0.16772940503672312,0.01177103351445058,0.017633058665699947,0.9571181808516467
trend_efficiency_high,2H,1,tree_depth2,step12_interactions,631,101,0.1600633914421553,0.13552991122918992,-0.0017211381990160923,0.4432444597892587,0.49559125723893144,0.16088017605639457,0.02813496881909989,-0.07171446224706395,1.0804128979459
trend_efficiency_high,2H,2,tree_depth2,step12_interactions,631,91,0.14421553090332806,0.12545151745100624,-0.00527548194968519,0.4194534444662346,0.43115588115588116,0.14043673187006317,0.034640939612916616,-0.09174599464438042,1.1000144325929875
trend_efficiency_high,2H,3,tree_depth2,step12_interactions,631,109,0.17274167987321712,0.14253356752977006,0.0025786696100527084,0.45895743154089463,0.5768216809026679,0.17835525215063522,0.001234244587488692,0.00753884912534994,1.0014345686927109
trend_efficiency_high,4H,1,logistic,all_step13,631,111,0.17591125198098256,0.14483573768980118,0.0009953807895234368,0.4655486510264558,0.5112266112266112,0.2504981071420652,0.005178171701883235,-0.02642815533044076,0.9991666317005626
trend_efficiency_high,4H,2,logistic,all_step13,631,101,0.1600633914421553,0.13573362402414707,-0.007028916783561323,0.4437503661013508,0.5195217634971044,0.17741365546521246,0.022310387878054703,-0.07836136219018479,1.0395162042954147
trend_efficiency_high,4H,3,logistic,all_step13,631,119,0.18858954041204437,0.1539280929813207,-0.004434007191209677,0.4875234489878603,0.5,0.1965553263919755,0.02131488637690429,0.005081855308850025,0.9238852121662745
trend_efficiency_high,8H,1,logistic,step11_individuals,631,115,0.18225039619651348,0.14799357118099699,0.007049093719216248,0.47106820707300945,0.5680485338725986,0.21890433927999584,0.016300177250507718,-0.016057268833734924,1.040861698017731
trend_efficiency_high,8H,2,logistic,step11_individuals,631,107,0.16957210776545167,0.13993411680233195,0.00782759467576255,0.4520203684170464,0.5957943925233645,0.21266885282518883,0.03054693725003845,-0.05121144584316791,1.1197886453572063
trend_efficiency_high,8H,3,logistic,step11_individuals,631,113,0.179080824088748,0.1486462072544679,-0.011101388195518869,0.4749960122771706,0.48882700652612154,0.17011107836875497,0.028528052971011714,-0.07199941597201288,1.010329120458386
trend_efficiency_high,12H,1,tree_depth2,compact_deredundant,631,121,0.19175911251980982,0.15837180544824478,-0.021580866005549426,0.5014290080431467,0.49844433641225083,0.1785229656455242,0.05652168402562048,-0.07737224929662978,0.8589819570635134
trend_efficiency_high,12H,2,tree_depth2,compact_deredundant,631,136,0.21553090332805072,0.17016284409424084,-0.0012367297502038355,0.5250256038336913,0.5183600713012477,0.25940090462574444,0.029469175730722698,0.026860261201838324,0.8790586309199976
trend_efficiency_high,12H,3,tree_depth2,compact_deredundant,631,115,0.18225039619651348,0.1494325311131648,-0.0017844574034480143,0.4759453209740811,0.45942028985507244,0.24785165645823656,0.025752269469248468,-0.04974959357865241,0.9973599491249356
trend_efficiency_high,24H,1,logistic,all_step13,631,136,0.21553090332805072,0.1730215572964223,-0.020780044720937862,0.5356640304065798,0.5128787878787879,0.21885665797055853,0.054080289130288214,-0.07338444843758965,0.8042742551716803
trend_efficiency_high,24H,2,logistic,all_step13,631,163,0.2583201267828843,0.19481618212698218,0.002903465886350931,0.5839882962293889,0.5908316291751875,0.3145213759173435,0.07543752954062383,0.13024924968069856,0.7815472618807323
trend_efficiency_high,24H,3,logistic,all_step13,631,117,0.18541996830427893,0.154988573313443,-0.021776943273992044,0.4903270902347663,0.47537330805813294,0.1721982063436124,0.06895727358024306,-0.10978367932426485,0.9174308955295547
one_sided_runaway,1H,1,tree_depth2,step12_interactions,631,91,0.14421553090332806,0.12406810217844262,-0.0035569684013652125,0.4148336925048402,0.4712047212047212,0.14884588500286558,0.013642559516969077,-0.03927018567184607,1.0349668400428802
one_sided_runaway,1H,2,tree_depth2,step12_interactions,631,87,0.13787638668779714,0.11916571491400595,-0.0001140040506515394,0.4022307254940354,0.4746239012846518,0.1659694480615044,0.01527185268102288,-0.03358388674776011,1.0510536178482333
one_sided_runaway,1H,3,tree_depth2,step12_interactions,631,101,0.1600633914421553,0.13469060822152842,-0.001249937595636741,0.4407242620568381,0.5053427984307864,0.15190623780823798,0.010406175318166622,0.016394392100292372,0.9623026429033218
one_sided_runaway,2H,1,tree_depth2,step12_interactions,631,101,0.1600633914421553,0.13552991122918992,-0.0017211381990160923,0.4432444597892587,0.49559125723893144,0.16088017605639457,0.02813496881909989,-0.07171446224706395,1.0804128979459
one_sided_runaway,2H,2,tree_depth2,step12_interactions,631,90,0.14263074484944532,0.12441699242827158,-0.005121381296805616,0.4169807442339105,0.4323885808174163,0.13923107109895486,0.03622572566679934,-0.09530824592409433,1.1061523037840157
one_sided_runaway,2H,3,tree_depth2,step12_interactions,631,107,0.16957210776545167,0.14050017070765583,0.0023208934689872285,0.4541275957700006,0.5716629806663337,0.17430494517405237,0.0015679272446272041,0.0010349561733118745,1.0094910763947222
one_sided_runaway,4H,1,logistic,all_step13,631,111,0.17591125198098256,0.14483573768980118,0.0009953807895234368,0.4655486510264558,0.5112266112266112,0.2504981071420652,0.005178171701883235,-0.02642815533044076,0.9991666317005626
one_sided_runaway,4H,2,logistic,all_step13,631,101,0.1600633914421553,0.13573362402414707,-0.007028916783561323,0.4437503661013508,0.5195217634971044,0.17741365546521246,0.022310387878054703,-0.07836136219018479,1.0395162042954147
one_sided_runaway,4H,3,logistic,all_step13,631,119,0.18858954041204437,0.1539280929813207,-0.004434007191209677,0.4875234489878603,0.5,0.1965553263919755,0.02131488637690429,0.005081855308850025,0.9238852121662745
one_sided_runaway,8H,1,logistic,step11_individuals,631,115,0.18225039619651348,0.14799357118099699,0.007049093719216248,0.47106820707300945,0.5680485338725986,0.21890433927999584,0.016300177250507718,-0.016057268833734924,1.040861698017731
one_sided_runaway,8H,2,logistic,step11_individuals,631,107,0.16957210776545167,0.13993411680233195,0.00782759467576255,0.4520203684170464,0.5957943925233645,0.21266885282518883,0.03054693725003845,-0.05121144584316791,1.1197886453572063
one_sided_runaway,8H,3,logistic,step11_individuals,631,113,0.179080824088748,0.1486462072544679,-0.011101388195518869,0.4749960122771706,0.48882700652612154,0.17011107836875497,0.028528052971011714,-0.07199941597201288,1.010329120458386
one_sided_runaway,12H,1,tree_depth2,compact_deredundant,631,121,0.19175911251980982,0.15837180544824478,-0.021580866005549426,0.5014290080431467,0.49844433641225083,0.1785229656455242,0.05652168402562048,-0.07737224929662978,0.8589819570635134
one_sided_runaway,12H,2,tree_depth2,compact_deredundant,631,136,0.21553090332805072,0.17016284409424084,-0.0012367297502038355,0.5250256038336913,0.5183600713012477,0.25940090462574444,0.029469175730722698,0.026860261201838324,0.8790586309199976
one_sided_runaway,12H,3,tree_depth2,compact_deredundant,631,115,0.18225039619651348,0.1494325311131648,-0.0017844574034480143,0.4759453209740811,0.45942028985507244,0.24785165645823656,0.025752269469248468,-0.04974959357865241,0.9973599491249356
one_sided_runaway,24H,1,logistic,all_step13,631,136,0.21553090332805072,0.1730215572964223,-0.020780044720937862,0.5356640304065798,0.5128787878787879,0.21885665797055853,0.054080289130288214,-0.07338444843758965,0.8042742551716803
one_sided_runaway,24H,2,logistic,all_step13,631,163,0.2583201267828843,0.19481618212698218,0.002903465886350931,0.5839882962293889,0.5908316291751875,0.3145213759173435,0.07543752954062383,0.13024924968069856,0.7815472618807323
one_sided_runaway,24H,3,logistic,all_step13,631,117,0.18541996830427893,0.154988573313443,-0.021776943273992044,0.4903270902347663,0.47537330805813294,0.1721982063436124,0.06895727358024306,-0.10978367932426485,0.9174308955295547
upper_breach_only,1H,1,logistic,step11_individuals,631,217,0.3438985736925515,0.22806638613669952,-0.004255333333026856,0.649144045106441,0.5174091141833077,0.35038779292924227,0.046269350055481794,0.09858033383808164,0.8537119656321194
upper_breach_only,1H,2,logistic,step11_individuals,631,178,0.2820919175911252,0.20098785027751506,0.013020603502768346,0.5910439005462106,0.584554902398492,0.3355433163199881,0.03889152551232964,-0.09843603089456997,1.105149423825573
upper_breach_only,1H,3,logistic,step11_individuals,631,182,0.2884310618066561,0.2029416725637752,0.0131791738472683,0.5951688830498167,0.5759808120609903,0.3491655593695447,0.01912011910403579,-0.048884764985896785,1.0563384453501514
upper_breach_only,2H,1,logistic,step11_individuals,631,227,0.35974643423137875,0.23634208768851503,-0.01980632442257102,0.6673106383529909,0.4620425698957561,0.3358291567813875,0.04573830228837981,0.06707903106307175,0.7957475501243698
upper_breach_only,2H,2,logistic,step11_individuals,631,201,0.3185419968304279,0.21616737792675594,0.004988740861309515,0.6236390475244391,0.5559296540553049,0.3501965234752285,0.016474681611606725,-0.04444620312847892,1.046908152972917
upper_breach_only,2H,3,logistic,step11_individuals,631,204,0.3232963549920761,0.21642220214848965,0.010943965066312566,0.6239919982268906,0.5691670110667217,0.38641314934866733,0.016219642085459132,-0.007527005938177476,1.049723005486999
upper_breach_only,4H,1,logistic,step11_individuals,631,230,0.36450079239302696,0.24023283114267682,-0.015761217085139778,0.6765878811874104,0.443792692182587,0.3417971885093691,0.07962711374088628,0.14165266139137805,0.7581912323892536
upper_breach_only,4H,2,logistic,step11_individuals,631,201,0.3185419968304279,0.21662660671290895,0.0021995842884303674,0.624841612742254,0.524239268772417,0.35265833366861243,0.0021312976292489493,0.0013275965411704298,0.986107802287633
upper_breach_only,4H,3,logistic,step11_individuals,631,207,0.32805071315372425,0.21653411802011593,0.018426956640948178,0.6235972074756911,0.6206248290948865,0.4040387085593243,0.008862573519088179,0.05777672019837618,1.0431472895967595
upper_breach_only,8H,1,tree_depth2,step12_interactions,631,223,0.35340729001584786,0.23828129599680398,-0.005968195305684709,0.6736542043947132,0.4633561944957355,0.3229163224019366,0.0906726139232753,0.18356549874608627,0.7547669134458148
upper_breach_only,8H,2,tree_depth2,step12_interactions,631,200,0.31695721077654515,0.21827403262677886,-0.002512315319575631,0.6288715260951842,0.457737819025522,0.3010576564366054,0.03628316668164061,0.08524968891023829,0.9044845168357881
upper_breach_only,8H,3,tree_depth2,step12_interactions,631,207,0.32805071315372425,0.22176084076578637,-0.0003928931911225675,0.6359316907879196,0.4219989062072737,0.36309665596640556,0.034744496958052595,0.08938203156526471,0.9175934379435488
upper_breach_only,12H,1,tree_depth2,step12_interactions,631,242,0.38351822503961963,0.256259165043664,-0.011028423401988396,0.715036274656032,0.4653274979285729,0.33694145831384387,0.12928989451505296,0.229137592662424,0.6356703934234289
upper_breach_only,12H,2,tree_depth2,step12_interactions,631,187,0.29635499207606975,0.20880100800193901,-0.00037283112895214465,0.6084121142905886,0.4674928939634822,0.29943500104870696,0.014925066505563578,0.03748387742291294,0.9625472099890996
upper_breach_only,12H,3,tree_depth2,step12_interactions,631,196,0.31061806656101426,0.2144808752955692,0.0003263004857401164,0.6204226353616533,0.44895613417780905,0.3687165768312915,0.020744311170065532,0.0553274453114578,0.9528835494295622
upper_breach_only,24H,1,tree_depth2,step12_interactions,631,273,0.4326465927099842,0.28758134069874425,-0.02139829952911554,0.7895034276764568,0.44583256594429777,0.35963220919723315,0.1879579907068777,0.2646023714243903,0.4368200216296557
upper_breach_only,24H,2,tree_depth2,step12_interactions,631,210,0.3328050713153724,0.22443547784194728,-0.0004470489899479624,0.6418552085159838,0.4918221920597218,0.3367350132425778,0.049285854855012134,0.12369075199693265,0.884924833764931
upper_breach_only,24H,3,tree_depth2,step12_interactions,631,209,0.3312202852614897,0.22228440046979578,3.528993416979098e-05,0.6368374190098779,0.41649470509535363,0.40338916531602037,0.02883911845211612,0.07823960725429774,0.9357647483262104
lower_breach_only,1H,1,logistic,compact_deredundant,631,194,0.3074484944532488,0.21194741297909447,0.006707959390446994,0.6133072904315879,0.5422161409799712,0.31919367701278634,0.016679369095397543,-0.068692473489371,0.9995587349136441
lower_breach_only,1H,2,logistic,compact_deredundant,631,211,0.33438985736925514,0.2213257101599585,0.006188825851654922,0.6344509880323939,0.5555517941773866,0.39526261579793776,0.02795266246255517,0.06273390823232891,0.926136491462497
lower_breach_only,1H,3,logistic,compact_deredundant,631,198,0.31378763866877973,0.21541108854482105,0.00019082201410114408,0.6217335631621383,0.5317493643128747,0.327020779917808,0.013873745207037323,-0.011772747045135368,0.9263617461882759
lower_breach_only,2H,1,logistic,compact_deredundant,631,193,0.3058637083993661,0.21424819529481443,0.004084957996261185,0.6193570884891205,0.5485721721437528,0.33660560626113767,0.04687831916491893,-0.19204627525546666,0.9978459039566968
lower_breach_only,2H,2,logistic,compact_deredundant,631,217,0.3438985736925515,0.22129448697731313,0.01922538741998392,0.63342482699533,0.591175226518845,0.40582327763367854,0.022349749516774504,0.0759194755576542,0.9828246988120865
lower_breach_only,2H,3,logistic,compact_deredundant,631,186,0.294770206022187,0.21041083564953886,-0.0008304322903924799,0.6116558507071543,0.5226772985381177,0.3089597191099114,0.025850168584893474,-0.13681412564499862,0.940354226004409
lower_breach_only,4H,1,tree_depth2,step11_individuals,631,190,0.3011093502377179,0.2180271724110722,-0.01245880208998651,0.6290455564474786,0.5440386680988185,0.3368730775901011,0.095036285981778,-0.36751862692809006,0.9232915648062563
lower_breach_only,4H,2,tree_depth2,step11_individuals,631,213,0.3375594294770206,0.22527473163731843,-0.006319867556911607,0.6432983457790202,0.5398162499719208,0.35663470870358405,0.047890151338142894,-0.11005021711660469,0.8870482584211732
lower_breach_only,4H,3,tree_depth2,step11_individuals,631,192,0.30427892234548337,0.21348533174635567,0.0007800257711781944,0.6192880821012341,0.5021948557327259,0.34845363335031737,0.0077051808465091656,-0.09214661209258489,0.8709464314629006
lower_breach_only,8H,1,logistic,compact_deredundant,631,174,0.2757527733755943,0.20801067643294027,-0.01478830609829962,0.6068878631045281,0.5395256419930079,0.30490039221548915,0.07316053027360044,-0.3175737841316646,0.9093418828105372
lower_breach_only,8H,2,logistic,compact_deredundant,631,220,0.3486529318541997,0.22082024577950313,0.029023313987105226,0.6323395149284434,0.6321389073213891,0.4564470732290263,0.044410217710655564,0.14998283106360064,0.9611479902561659
lower_breach_only,8H,3,logistic,compact_deredundant,631,176,0.27892234548335976,0.20161345388403723,0.0116358343854297,0.5924764022119627,0.5535964035964036,0.30801157634870696,0.03577335558321381,-0.13064375272059617,0.9627618550361765
lower_breach_only,12H,1,tree_depth2,step11_individuals,631,154,0.24405705229793978,0.19665797176498845,-0.010587175525209824,0.5799219812820927,0.549062049062049,0.2861508128875265,0.09373222884871005,-0.4275365662727779,0.9630701832820224
lower_breach_only,12H,2,tree_depth2,step11_individuals,631,189,0.29952456418383516,0.20475558387658624,0.026193547288068886,0.5983431186437009,0.6023725729608083,0.3604560573175075,0.024752317581437557,0.025225389223732575,0.9566197186974821
lower_breach_only,12H,3,tree_depth2,step11_individuals,631,146,0.23137876386687797,0.17779793053086176,0.03705732433971087,0.5403900373394916,0.5840841689026973,0.3014393220148358,0.04130922960287696,-0.16054494486092433,1.0350433754229984
lower_breach_only,24H,1,tree_depth2,step11_individuals,631,104,0.1648177496038035,0.17447636070699993,-0.008833328020786624,0.531088242284804,0.5668333090059845,0.19464123499673658,0.18371767963110128,-0.7948152392099042,1.2112985273153545
lower_breach_only,24H,2,tree_depth2,step11_individuals,631,185,0.2931854199683043,0.20595850425426704,0.006633274656878241,0.6069505150624662,0.6092110047266998,0.36656474015558144,0.03955642621772708,-0.011800670394673194,0.7391773702958462
lower_breach_only,24H,3,tree_depth2,step11_individuals,631,141,0.22345483359746435,0.17395534714698063,0.027892387641626604,0.5303977247398508,0.5853524388478796,0.2720771787239361,0.028663336747475114,-0.1475578906425788,0.9401605140177753
both_side_breach,1H,1,logistic,step11_individuals,631,201,0.3185419968304279,0.20158204557437262,0.07137460079093616,0.5909895790469496,0.6647923174823557,0.4949910754985496,0.02484094179489594,0.034916860888108636,1.1387663112449526
both_side_breach,1H,2,logistic,step11_individuals,631,219,0.347068145800317,0.2163876895290036,0.048721049179370035,0.6222614485978925,0.6372855432903312,0.46874566105401594,0.026959652142003708,0.06580792139236356,0.9822142727899086
both_side_breach,1H,3,logistic,step11_individuals,631,221,0.3502377179080824,0.22024254690986866,0.03511200755158894,0.6305272387669141,0.6134974064672774,0.4445448710881931,0.01981961041716994,-0.00010239665840702954,0.940776894237785
both_side_breach,2H,1,logistic,step11_individuals,631,192,0.30427892234548337,0.20230781861111666,0.048671762123340345,0.5907375526329174,0.6450621678056189,0.42384804688173405,0.03308355883205424,0.09593220575373272,1.0141746680447834
both_side_breach,2H,2,logistic,step11_individuals,631,189,0.29952456418383516,0.20041736216686898,0.046073774874166085,0.5862068760390835,0.6392420215949628,0.40546995085576176,0.023829801286968575,0.02296958820681178,1.0512620377996391
both_side_breach,2H,3,logistic,step11_individuals,631,207,0.32805071315372425,0.20729426813719812,0.06701925177229506,0.6007930720716442,0.6544868289125877,0.45560041347736496,0.03189069937722731,0.09718360273720873,1.069528604123465
both_side_breach,4H,1,logistic,step11_individuals,631,186,0.294770206022187,0.1957365824273791,0.05861513900420601,0.5760217533070954,0.6573758608191373,0.42242755672370597,0.02586226958451582,0.026454904021415725,1.0454038059868256
both_side_breach,4H,2,logistic,step11_individuals,631,194,0.3074484944532488,0.20148683873697448,0.05513543407913124,0.585857612361428,0.6566208214395244,0.39960045983586767,0.03837650568772377,0.02941808732680636,1.0799979000362698
both_side_breach,4H,3,logistic,step11_individuals,631,204,0.3232963549920761,0.20608855511424215,0.061739290636863675,0.596684795007075,0.6480116636818661,0.4297237695247393,0.027344601690919217,0.01943773272348734,1.0779363629621683
both_side_breach,8H,1,logistic,step11_individuals,631,207,0.32805071315372425,0.2095158441300939,0.04964817986038106,0.6048280357941699,0.6329641782882144,0.4316410041419337,0.021814447338120546,-0.07208235394258074,1.0406653100136658
both_side_breach,8H,2,logistic,step11_individuals,631,187,0.29635499207606975,0.2032838945457164,0.03205799297172607,0.59135482836038,0.6508165919930626,0.39454568421356145,0.08243750043756745,-0.3014850366432438,1.1729249008010953
both_side_breach,8H,3,logistic,step11_individuals,631,213,0.3375594294770206,0.21939157147551916,0.019542268189177592,0.6267490632594748,0.6065772626187749,0.3891877735700478,0.03821742016492153,-0.1693213890834208,0.9672801830427495
both_side_breach,12H,1,tree_depth2,step11_individuals,631,212,0.3359746434231379,0.21495154644638564,0.037282631163475966,0.614573200648287,0.5936866753726302,0.41048153856746733,0.04399732294314329,-0.1784960467214029,0.9602301733523699
both_side_breach,12H,2,tree_depth2,step11_individuals,631,228,0.3613312202852615,0.2154941429140006,0.06693032535487298,0.6181841299004683,0.656730225066388,0.47712878488585114,0.053583366908507235,-0.1800454252689053,1.2106764786873407
both_side_breach,12H,3,tree_depth2,step11_individuals,631,237,0.375594294770206,0.21626136947790411,0.08076843902829489,0.6167779890842492,0.6887810833386879,0.4066343940273379,0.03717410502417929,-0.10830524454845339,1.234111472152378
both_side_breach,24H,1,logistic,compact_deredundant,631,243,0.38510301109350237,0.22450446427616394,0.055356554142886316,0.6354635888726134,0.6288447668745493,0.45814915448018684,0.02647280834342324,0.004976815542352897,0.8150767016048424
both_side_breach,24H,2,logistic,compact_deredundant,631,222,0.3518225039619651,0.21071930384263476,0.07745247437966463,0.6052317426416396,0.7067336284940197,0.5650229820577743,0.0994436633802406,-0.41363171098176427,1.213205149648822
both_side_breach,24H,3,logistic,compact_deredundant,631,233,0.3692551505546751,0.21475206830496665,0.07811642318616485,0.6133068406345668,0.6913645480621994,0.5503235395422001,0.0834418771057857,-0.3424363056119927,1.1593495204848618
fast_1atr_touch,1H,1,logistic,all_step13,631,622,0.9857369255150554,0.015183384044344859,-0.0746245571416968,0.08819181835879253,0.6150410861021793,0.9911979829996114,0.030499243201231874,0.11076647646206705,1.312596485416893
fast_1atr_touch,1H,2,logistic,all_step13,631,621,0.9841521394611727,0.016181131101504383,-0.0361424400348358,0.08874240731805805,0.7064412238325282,0.9930245867021218,0.024720708219740244,0.08218111205121739,1.2658099390659454
fast_1atr_touch,1H,3,logistic,all_step13,631,609,0.96513470681458,0.03217249509886025,0.05068090662050484,0.13572170429355185,0.8628153455739662,0.993416073275529,0.003786254321655691,-0.02831353228628786,1.0810626341481002
up_excursion_ge_1_0_atr,1H,1,logistic,all_step13,631,423,0.6703645007923931,0.2251789463614853,-0.012681901347753044,0.6429118141848283,0.5081605746499364,0.6806890841420749,0.030818404116258833,0.15875273061291187,0.9106222840993041
up_excursion_ge_1_0_atr,1H,2,logistic,all_step13,631,406,0.6434231378763867,0.22203768284637568,0.032219989185971576,0.634922168993316,0.6091406677613574,0.7354444914468965,0.015449171483454089,-0.06711733905350398,1.0631628435326086
up_excursion_ge_1_0_atr,1H,3,logistic,all_step13,631,394,0.624405705229794,0.2295314570164266,0.02283295150461817,0.6510740667571062,0.595493585212791,0.6969102024684606,0.030534228316402234,-0.11248290608075374,0.9809880700162512
up_excursion_ge_1_0_atr,2H,1,logistic,compact_deredundant,631,486,0.7702060221870047,0.1817837659116579,-0.020234667878459067,0.5511876411747464,0.5012345679012346,0.7721393174919631,0.0548650998921206,0.16721805325365388,0.9376214679392746
up_excursion_ge_1_0_atr,2H,2,logistic,compact_deredundant,631,475,0.7527733755942948,0.18196626090565712,0.022548668858098142,0.5481783912960573,0.6030229419703104,0.8106022467975111,0.01393593839331945,-0.03529176216532818,1.0199711441250114
up_excursion_ge_1_0_atr,2H,3,logistic,compact_deredundant,631,467,0.7400950871632329,0.19104149812111273,0.007130849457025135,0.5701761225601705,0.5671776257377135,0.7757221764892105,0.024131408761229975,-0.04029420089342733,0.9153044093269168
up_excursion_ge_1_0_atr,4H,1,tree_depth2,compact_deredundant,631,541,0.8573692551505546,0.12709554584529595,-0.01890971643836825,0.4241282040654005,0.5303758471965496,0.8460391381003314,0.04962903893324721,0.1919162345986326,1.0333766886713063
up_excursion_ge_1_0_atr,4H,2,tree_depth2,compact_deredundant,631,535,0.8478605388272583,0.12624521613052794,0.026580539102885714,0.41627272456624886,0.6057827102803738,0.8952798703323605,0.03403170282398667,-0.0019781883603420362,1.0599695744127153
up_excursion_ge_1_0_atr,4H,3,tree_depth2,compact_deredundant,631,526,0.8335974643423137,0.13883171191363944,-0.0007141124244347541,0.4519722619173434,0.5457903313416621,0.8339985501800422,0.01652195563434749,0.0029373518096598413,0.9108514488136543
up_excursion_ge_1_0_atr,8H,1,logistic,step11_individuals,631,569,0.901743264659271,0.09363027750211715,-0.03722932699491155,0.3409229199154917,0.4802993366970917,0.8907075059684101,0.04328265508287012,0.178873578297875,1.0877237570096507
up_excursion_ge_1_0_atr,8H,2,logistic,step11_individuals,631,557,0.8827258320126783,0.10006953033632247,0.034568712468053264,0.34697498624668177,0.6771313503809016,0.9319195181819059,0.01418770455578507,-0.028069135355722044,1.0816452742968432
up_excursion_ge_1_0_atr,8H,3,logistic,step11_individuals,631,569,0.901743264659271,0.08792050935650107,0.01500058972396967,0.3169804015362396,0.631895232156018,0.9323933715083838,0.01801734214632794,0.03473960323827942,1.0798570305265025
up_excursion_ge_1_0_atr,12H,1,logistic,step11_individuals,631,578,0.9160063391442155,0.08136752873072371,-0.03898494961203269,0.3076541216866418,0.4515570934256055,0.9008087537340367,0.039058015970077936,0.16007575372910574,1.0941500183942459
up_excursion_ge_1_0_atr,12H,2,logistic,step11_individuals,631,575,0.9112519809825673,0.07918896054219704,0.027908391587739168,0.2917666909913305,0.6606211180124224,0.9458811186818491,0.02450941261414362,0.016636194579388617,1.1267760986379272
up_excursion_ge_1_0_atr,12H,3,logistic,step11_individuals,631,587,0.93026941362916,0.06454233067334915,0.024171457413299513,0.2508294886383449,0.6807728047080688,0.9583641972372776,0.028436424071198695,0.05060006062466356,1.1578097802031455
up_excursion_ge_1_0_atr,24H,1,logistic,step11_individuals,631,604,0.9572107765451664,0.04523329214532014,-0.04771368834607581,0.20343843951027857,0.4032376747608536,0.9373118410430247,0.05110238560381968,0.175644816566958,1.2507744135425283
up_excursion_ge_1_0_atr,24H,2,logistic,step11_individuals,631,591,0.936608557844691,0.058111486203517165,0.025453245106284217,0.22867026670966245,0.6653976311336718,0.9634226392857563,0.015263392284093902,0.009493401897163255,1.108368009120724
up_excursion_ge_1_0_atr,24H,3,logistic,step11_individuals,631,604,0.9572107765451664,0.04145939436128213,0.010050663219420497,0.1800255644442165,0.6377851361295069,0.976904886033804,0.02740005804085766,0.06551733089044173,1.18128390507447
down_excursion_ge_1_0_atr,1H,1,logistic,step11_individuals,631,410,0.6497622820919176,0.22270964112808792,0.02312736022945283,0.6363871456849431,0.5948681161019755,0.7323282045457471,0.015535263425613956,-0.047868325276731453,0.9919814993451437
down_excursion_ge_1_0_atr,1H,2,logistic,step11_individuals,631,417,0.6608557844690967,0.22371336675920975,0.0018977818179551909,0.6394935119163486,0.5427284340751698,0.7007635531767438,0.014631109913810529,0.029465594524858536,0.9150472684606504
down_excursion_ge_1_0_atr,1H,3,logistic,step11_individuals,631,403,0.6386687797147385,0.22004608211339982,0.04906075054159387,0.6307909498047279,0.6505158678333551,0.7390709308047425,0.036094759650294676,-0.141096581478755,1.0950391202068366
down_excursion_ge_1_0_atr,2H,1,logistic,step11_individuals,631,459,0.7274167987321711,0.1984389826256356,0.01022739862042199,0.5861497459664445,0.5685387850230531,0.7858281371157614,0.05265461087006036,-0.09272272722489606,0.8772865578243605
down_excursion_ge_1_0_atr,2H,2,logistic,step11_individuals,631,474,0.751188589540412,0.18590507241244372,0.0059687044298811776,0.5584298189417856,0.5509554140127388,0.784583973008036,0.021188467963773296,-0.006178657218626439,0.9397271696613133
down_excursion_ge_1_0_atr,2H,3,logistic,step11_individuals,631,460,0.7290015847860539,0.19081578844010968,0.03851099562922433,0.5672432253771487,0.6573989321128909,0.8043148499687166,0.03683076747125043,-0.1401927157533576,1.0044282337891777
down_excursion_ge_1_0_atr,4H,1,logistic,step11_individuals,631,504,0.7987321711568938,0.1615251537877451,0.009388731264685424,0.5051756263183794,0.5642888388951381,0.841341018063919,0.04708305359883905,-0.09427936314732377,0.8668426135693166
down_excursion_ge_1_0_atr,4H,2,logistic,step11_individuals,631,529,0.838351822503962,0.1346682868457564,0.006439480205305936,0.43958543908352393,0.5480744282590163,0.8606692744347902,0.012109651193426113,0.015178225313622168,1.0021605203119788
down_excursion_ge_1_0_atr,4H,3,logistic,step11_individuals,631,510,0.8082408874801902,0.15177684642819503,0.025080255788826,0.4782758386619546,0.6539620807000486,0.8617199406230108,0.027730051751360046,-0.09588253145229624,0.956980236416652
down_excursion_ge_1_0_atr,8H,1,tree_depth2,step11_individuals,631,534,0.8462757527733756,0.13357290159793644,0.00327288683751914,0.4525997804657234,0.5725896752770377,0.8714438322421226,0.06625395703637416,-0.07188408959415038,0.7393134367496904
down_excursion_ge_1_0_atr,8H,2,tree_depth2,step11_individuals,631,557,0.8827258320126783,0.10431786404130877,-0.006672337707555487,0.3649970800393839,0.54388859236256,0.8790211206461662,0.019954403184443647,0.01635709547482468,0.9290324058162671
down_excursion_ge_1_0_atr,8H,3,tree_depth2,step11_individuals,631,546,0.8652931854199684,0.11627907932492533,0.007515287415425731,0.39448622650194143,0.5182934712346478,0.8703432265543439,0.028660495469364,-0.05800858121286866,0.9012125522084774
down_excursion_ge_1_0_atr,12H,1,logistic,step11_individuals,631,548,0.8684627575277337,0.1163343165554205,0.01138900071573734,0.4016520824785108,0.5623735819189165,0.8981583389414385,0.052030452943802485,-0.0890827200351371,0.8082920225477748
down_excursion_ge_1_0_atr,12H,2,logistic,step11_individuals,631,573,0.9080824088748018,0.08278770828559323,0.008367085890010895,0.3035158419644866,0.5611722934344346,0.9291056586918712,0.0027025543523955765,-0.0035366684182467443,1.0048053705093711
down_excursion_ge_1_0_atr,12H,3,logistic,step11_individuals,631,568,0.9001584786053882,0.08873382863250535,0.013813931579255034,0.31897829835313785,0.61359825620389,0.9214702548855452,0.007499482250841342,-0.024272636093246168,0.9855926967003078
down_excursion_ge_1_0_atr,24H,1,logistic,step11_individuals,631,565,0.8954041204437401,0.09580181717086195,0.017939192533263038,0.35138353322809895,0.5657817109144543,0.923536370901157,0.04950573820833393,-0.08426041430131756,0.7870141890374917
down_excursion_ge_1_0_atr,24H,2,logistic,step11_individuals,631,595,0.9429477020602218,0.05360543676030202,0.0035925724618861565,0.2173382312642509,0.5739028944911297,0.9577921022765028,0.010430434030230473,0.01877400490638701,1.0641199037386389
down_excursion_ge_1_0_atr,24H,3,logistic,step11_individuals,631,580,0.919175911251981,0.07343634264880754,0.01780494492611895,0.2745663694861012,0.6531778228532792,0.9536493239457845,0.01451146496236888,-0.04958567794161098,0.9482850032711583
mean_reversion,1H,1,logistic,step11_individuals,631,183,0.2900158478605388,0.2004866755453467,0.026339555640405354,0.5868557648854089,0.5947014051522248,0.3454220216466193,0.012928380864884386,-0.024181327227316703,1.0290460900004397
mean_reversion,1H,2,logistic,step11_individuals,631,156,0.24722662440570523,0.180706267729537,0.03908571671829486,0.5424956269888819,0.6394062078272604,0.3386799564978426,0.04880803509108807,-0.1338432133295052,1.1541675599693957
mean_reversion,1H,3,logistic,step11_individuals,631,180,0.28526148969889065,0.1948351865624426,0.04445000770377294,0.5733544153188159,0.6286523774328653,0.38607988329033294,0.018038308506021512,0.03056226745765995,0.9984076675150199
mean_reversion,2H,1,logistic,step11_individuals,631,241,0.38193343898573695,0.23405590270489507,0.011816581278856875,0.6597117009001389,0.5662304500478774,0.4271165478254684,0.040342090136660486,-0.16358578726258874,0.9875018721315852
mean_reversion,2H,2,logistic,step11_individuals,631,217,0.3438985736925515,0.22059782577704723,0.03693243371358279,0.6310156371264315,0.6273625859881119,0.4563255508527472,0.07027155465156279,-0.2515217490155801,1.1588649388930121
mean_reversion,2H,3,logistic,step11_individuals,631,248,0.393026941362916,0.22821690051101862,0.043383356096009185,0.6466093968900053,0.6154931356860103,0.4823090708269772,0.018790642114023665,0.016850371814223022,1.0393866761138533
mean_reversion,4H,1,logistic,step11_individuals,631,307,0.4865293185419968,0.25402618264824545,-0.009266971134505253,0.7014252983474281,0.5241183094060401,0.5028488521045072,0.05894016951317187,-0.2095388778194724,0.8621032271351614
mean_reversion,4H,2,logistic,step11_individuals,631,271,0.4294770206022187,0.24983482846688546,0.010778074631578649,0.6927040192031616,0.6004305043050431,0.5216339166656927,0.10610656766695195,-0.40847158820329904,1.022749002985724
mean_reversion,4H,3,logistic,step11_individuals,631,312,0.49445324881141045,0.24199136714571456,0.03199470785238723,0.6767508500044028,0.5990374567960774,0.5653927333762642,0.012248325252363348,-0.049499072963199824,1.0884590008669115
mean_reversion,8H,1,logistic,step11_individuals,631,350,0.554675118858954,0.26110001725530885,-0.02361519161102743,0.7182949032718612,0.5032638535841383,0.5597258018796438,0.12322480934549825,-0.28356874136156984,0.7157262845906264
mean_reversion,8H,2,logistic,step11_individuals,631,327,0.5182250396196514,0.2622965198635318,-0.00886236253156314,0.7191198225083213,0.6006558828263319,0.5733943434715209,0.1285272389216034,-0.4129479202685365,0.8317384007677691
mean_reversion,8H,3,logistic,step11_individuals,631,370,0.5863708399366085,0.2403296841167341,0.00966119248976971,0.673645792686396,0.5511028269648959,0.6344073643822152,0.029125811709895894,-0.10626013068151342,0.97990262315229
mean_reversion,12H,1,logistic,step11_individuals,631,364,0.5768621236133122,0.26613613864382235,-0.032304242008720285,0.7333847847580245,0.505329876116393,0.5811082274737625,0.1426637566497601,-0.2918043678281599,0.6230254398033143
mean_reversion,12H,2,logistic,step11_individuals,631,372,0.589540412044374,0.2527346035802398,-0.021366698818062302,0.7017158095600489,0.5360775522065845,0.5943011228767635,0.105206422122315,-0.2660862181080511,0.7612720986819332
mean_reversion,12H,3,logistic,step11_individuals,631,414,0.6561014263074485,0.22487782847974105,0.0036705724493579783,0.6420761734013367,0.5262027204523698,0.6745482141193541,0.018428366213875304,-0.05410169285757193,0.9618786310815861
mean_reversion,24H,1,boosted_stumps,step11_individuals,631,394,0.624405705229794,0.24854350050188637,-0.0035896295606394624,0.6958058333981506,0.5156889203024267,0.64747537631627,0.11820958284520577,-0.2563135537265428,0.7208868824288515
mean_reversion,24H,2,boosted_stumps,step11_individuals,631,420,0.6656101426307448,0.2233940483613992,0.005021491674500389,0.6391208938179753,0.5589144662604378,0.7415406007695321,0.05157011931210209,-0.14745566360346768,0.907787637033322
mean_reversion,24H,3,boosted_stumps,step11_individuals,631,470,0.7448494453248812,0.19160544613784217,0.0015169997878370367,0.5717074749512817,0.49530857671468215,0.7437845760413876,0.03218997201501739,0.10043210435778298,1.0602921199254487
upside_breakout,1H,1,logistic,compact_deredundant,631,418,0.6624405705229794,0.21760877974443965,0.03335172918969587,0.6246627544960259,0.600804187164454,0.7634660571596722,0.03467810809998927,0.11943874187717912,1.064810464473868
upside_breakout,1H,2,logistic,compact_deredundant,631,399,0.6323296354992076,0.2268671459670126,0.02419594320282048,0.6451023771923351,0.6020655085990839,0.7113587435328462,0.022916361007554533,-0.06199824280908262,0.9648706063413378
upside_breakout,1H,3,logistic,compact_deredundant,631,406,0.6434231378763867,0.22863095681928894,0.0038535328338853425,0.6492740926323538,0.557383689107827,0.7005765703715019,0.03687401394423542,-0.0033132322702379992,0.8705608172224311
upside_breakout,2H,1,logistic,step11_individuals,631,419,0.6640253565768621,0.22018821466529254,0.03182811100870209,0.6313101546732907,0.5954879092178142,0.7405035164253364,0.0676304642829173,0.2347848886510661,1.0798330266693048
upside_breakout,2H,2,logistic,step11_individuals,631,390,0.618066561014263,0.22737175237703586,0.03681500623659428,0.646367014989016,0.6306734759016916,0.711919777581137,0.02643288650875117,-0.08417821416621059,1.0390557710155368
upside_breakout,2H,3,logistic,step11_individuals,631,411,0.6513470681458003,0.22417166209102385,0.01779234417711395,0.6396892772144264,0.5675846051758461,0.7128046426260878,0.025564645486014587,0.05792886920160047,0.9564900618764941
upside_breakout,4H,1,tree_depth2,step11_individuals,631,416,0.659270998415214,0.23083644124125324,-0.0028092749084434043,0.6545526988134738,0.5596153846153846,0.6929495968765648,0.08932139430723056,0.320446504135975,0.9043405031614763
upside_breakout,4H,2,tree_depth2,step11_individuals,631,395,0.6259904912836767,0.22736007797916924,0.0308571326577064,0.6468720949403961,0.5917936065222056,0.6701656508506598,0.016208410492035877,-0.045163669508722484,0.9503423484684246
upside_breakout,4H,3,tree_depth2,step11_individuals,631,411,0.6513470681458003,0.22418399847850437,0.020091928749013555,0.6410600704932511,0.5598318955983189,0.6771634999655262,0.009525776033212781,0.05756638239364878,0.9027891207094274
upside_breakout,8H,1,logistic,step11_individuals,631,430,0.6814580031695721,0.2225660655526037,0.008124810396464621,0.6382367510353536,0.5878861506421381,0.7240282137219309,0.09512199532678306,0.3836295720772457,0.7651042492192046
upside_breakout,8H,2,logistic,step11_individuals,631,388,0.6148969889064976,0.2164153769048786,0.08609953977290141,0.623881060927112,0.6729137499469687,0.7225549626885943,0.04032791109430647,-0.20994276075258259,1.101066403838442
upside_breakout,8H,3,logistic,step11_individuals,631,420,0.6656101426307448,0.2153381947562316,0.04194990221851913,0.6216341315905478,0.6218912209433537,0.7393271150455558,0.02038394369587221,0.036249860075690386,0.9179973238434805
upside_breakout,12H,1,tree_depth2,step11_individuals,631,454,0.7194928684627575,0.2115683211499487,0.017746085164695002,0.6125052918380492,0.5981358421065731,0.7675424380974599,0.09422246882636191,0.48161809588956406,0.7962147514237788
upside_breakout,12H,2,tree_depth2,step11_individuals,631,415,0.6576862123613312,0.20921271237935282,0.07371341274035226,0.6074384864766034,0.6362115127175368,0.7633344849876531,0.03761073207735026,-0.17165971856138304,1.025666864575731
upside_breakout,12H,3,tree_depth2,step11_individuals,631,433,0.6862123613312203,0.19416223759249543,0.10754244547970282,0.5747443240624748,0.6644971656519001,0.7511222440667759,0.02371896724749088,-0.15736932189843644,1.0916853229371144
upside_breakout,24H,1,logistic,step11_individuals,631,516,0.8177496038034865,0.2040876316861284,-0.03521734262647791,0.5992926339185085,0.5379002359285473,0.8206327888057586,0.199857385242832,1.0137903395039332,0.6527571340166051
upside_breakout,24H,2,logistic,step11_individuals,631,432,0.6846275752773375,0.20202429461300853,0.06787862923395582,0.5918302442521608,0.6624906942117997,0.8119845422777333,0.059693776663471705,-0.15701254049231173,0.9652449667519266
upside_breakout,24H,3,logistic,step11_individuals,631,443,0.7020602218700476,0.1851069116664976,0.1205223626134041,0.5481771132510741,0.77152874501705,0.896165046109765,0.10794721818153445,-0.27606335629802575,1.145729875088301
downside_breakdown,1H,1,logistic,step11_individuals,631,395,0.6259904912836767,0.2310922316558912,0.014790329138859137,0.65406912025688,0.561531860115855,0.6952717954324903,0.03143349024073422,-0.10298739869138349,0.9721172018328766
downside_breakdown,1H,2,logistic,step11_individuals,631,430,0.6814580031695721,0.21539717935977418,0.014932569673706042,0.6218153338799381,0.5764780747425663,0.7414091033951248,0.04177974349558193,0.13854155595834805,1.0637177219988418
downside_breakdown,1H,3,logistic,step11_individuals,631,419,0.6640253565768621,0.2149412797761195,0.03742472381062867,0.6202992876864182,0.6305331652181745,0.752524675999762,0.0294472389206385,-0.011485519137225984,1.10703323013528
downside_breakdown,2H,1,logistic,step11_individuals,631,386,0.6117274167987322,0.23811182242455495,-0.0007483085786048616,0.6695272289014048,0.5186528497409326,0.6263252378323173,0.033084858780102956,-0.0899755582717833,0.9054998070581017
downside_breakdown,2H,2,logistic,step11_individuals,631,406,0.6434231378763867,0.22559649307923696,0.017862414214841915,0.6434303740574454,0.5749644225506294,0.6861852232473662,0.009884843601057259,0.024230448550505754,1.0400194458820557
downside_breakdown,2H,3,logistic,step11_individuals,631,395,0.6259904912836767,0.22369430765561552,0.04461809079717227,0.638753558305502,0.6521883715940785,0.7348427462585946,0.04886962697202134,-0.1059386162388925,1.1389531838231775
downside_breakdown,4H,1,tree_depth2,compact_deredundant,631,376,0.595879556259905,0.24627118146982355,-0.005885379660293788,0.6869630358756533,0.5109303295786399,0.6314820536088531,0.07384785719626254,-0.16481276670916006,0.8007302776820804
downside_breakdown,4H,2,tree_depth2,compact_deredundant,631,407,0.6450079239302694,0.2289542687538294,0.00010129051477869577,0.6501603343253294,0.5602184977184977,0.6737485058679744,0.02079981536315897,0.0437724151516794,0.9329552178495986
downside_breakdown,4H,3,tree_depth2,compact_deredundant,631,396,0.6275752773375595,0.2201279456082182,0.05904338905395412,0.6311540514762898,0.6751665592091124,0.7451461064245152,0.06838222195188633,-0.12731394450670658,1.1777559587103654
downside_breakdown,8H,1,tree_depth2,step12_interactions,631,381,0.6038034865293186,0.23850716089447016,0.027635058145674685,0.670276088676889,0.5617217847769029,0.70383516282356,0.08024805803665513,-0.2790558894675944,0.9400002091576694
downside_breakdown,8H,2,tree_depth2,step12_interactions,631,407,0.6450079239302694,0.2309676072153046,-0.006864657314010536,0.6549797151969823,0.5275864338364339,0.6407746691871933,0.04711563967378797,-0.05355873134418776,0.8677356095127515
downside_breakdown,8H,3,tree_depth2,step12_interactions,631,389,0.6164817749603804,0.2321171372785246,0.02524715370568842,0.656897737483805,0.6334105249739744,0.6063239189070552,0.049796835629293316,-0.19379572376003362,0.9983797651104698
downside_breakdown,12H,1,tree_depth2,step12_interactions,631,366,0.5800316957210776,0.2512386185966638,0.020810775754455668,0.6974400955244828,0.5514176719249407,0.7042702344483526,0.11584069936553754,-0.3546157009465265,0.8474688780527534
downside_breakdown,12H,2,tree_depth2,step12_interactions,631,417,0.6608557844690967,0.22277135677875778,0.006314587192943311,0.6375993029874804,0.5608261054707636,0.6819009627161597,0.016698714492404718,-0.04398870125142377,0.9552178472643172
downside_breakdown,12H,3,tree_depth2,step12_interactions,631,383,0.606973058637084,0.23543600932385086,0.02554841983914813,0.6638512020725509,0.6376758190853197,0.5943452095066664,0.06368798455256729,-0.23683906327988125,0.9781365452857208
downside_breakdown,24H,1,tree_depth2,compact_deredundant,631,347,0.5499207606973059,0.2653181018058191,0.02683680586528392,0.7334933909307721,0.5732232008767302,0.6882601425453668,0.16746869046245533,-0.4457440206693932,0.6958404382966011
downside_breakdown,24H,2,tree_depth2,compact_deredundant,631,408,0.6465927099841522,0.2313596891179096,-0.009039085303758077,0.6577302977675268,0.5637694539699287,0.7403742182572115,0.08303086173027024,-0.058423270187297364,0.7184425379682877
downside_breakdown,24H,3,tree_depth2,compact_deredundant,631,375,0.5942947702060222,0.24544467870549413,-1.826313281094727e-05,0.6869884368411602,0.56134375,0.5435725722898933,0.08550151258514646,-0.22149720188292363,0.7891041226688531
trend_continuation,1H,1,tree_depth2,step11_individuals,631,215,0.34072900158478603,0.22563340087974487,-0.00444137677847789,0.6440820556018504,0.5149373881932021,0.37955242317981386,0.0023623540960551947,-0.0561281689582892,0.8943300279434634
trend_continuation,1H,2,tree_depth2,step11_individuals,631,194,0.3074484944532488,0.2156978476413945,-0.007386158453318359,0.6228583624170065,0.5067824199674443,0.32425651962976776,0.024599853082627837,-0.12383593115927032,0.9500997735861428
trend_continuation,1H,3,tree_depth2,step11_individuals,631,215,0.34072900158478603,0.22253483758189804,0.009506079812982793,0.6368989110827364,0.562701252236136,0.4198685230579179,0.021653000757941132,0.05855475139708597,0.9450150079845302
trend_continuation,2H,1,logistic,step12_interactions,631,246,0.3898573692551506,0.2423984006145415,-0.017590405178028456,0.6782676384254099,0.4549889135254989,0.34928316521343783,0.06774509728564596,0.021569598489081004,0.8507019346100712
trend_continuation,2H,2,logistic,step12_interactions,631,207,0.32805071315372425,0.2249630546962275,-0.010002105426123009,0.6424559539688026,0.449867833378908,0.29398487924109,0.048989430811353894,-0.1873081256859892,1.0233864066944365
trend_continuation,2H,3,logistic,step12_interactions,631,227,0.35974643423137875,0.2309878882202748,-0.0027046530434446936,0.6547049482989838,0.4562088367427051,0.3532973452082968,0.005747925644221531,-0.025696590838629775,0.9916606828707811
trend_continuation,4H,1,tree_depth2,step12_interactions,631,249,0.39461172741679873,0.23882909500448388,0.0003995732614545666,0.6706310177867935,0.5395298471372401,0.4174275787906588,0.005540724469492053,0.019477036729904033,0.9936900680895755
trend_continuation,4H,2,tree_depth2,step12_interactions,631,233,0.3692551505546751,0.23361095499364953,-0.0009169109997133607,0.6600400915629157,0.4814846766018936,0.37990004922375387,0.024730649677501382,-0.08776743310823656,1.0302619394252024
trend_continuation,4H,3,tree_depth2,step12_interactions,631,239,0.3787638668779715,0.23512400557021526,0.0010201441601906946,0.6630734320912354,0.498729826658697,0.39795541416439106,0.010035212859273446,-0.03305602956659583,1.0193537157321202
trend_continuation,8H,1,tree_depth2,step12_interactions,631,279,0.4421553090332805,0.24832385567996887,-0.002268895031657614,0.6898758056645318,0.4701348159009449,0.3836931350788211,0.033500126245997464,0.11367643435520092,0.9435451481810609
trend_continuation,8H,2,tree_depth2,step12_interactions,631,284,0.4500792393026941,0.24810332567891674,0.0018556819663696489,0.6893707989315228,0.4883812964240776,0.4694656642223605,0.029717912026195677,0.10654824648000605,0.9676317728564177
trend_continuation,8H,3,tree_depth2,step12_interactions,631,237,0.375594294770206,0.23773044087437914,-0.0026917518374773852,0.668477371568689,0.4134271455803294,0.448215744171314,0.05383867768879511,-0.20182174235699485,1.0432591439805323
trend_continuation,12H,1,tree_depth2,step12_interactions,631,268,0.4247226624405705,0.24545055174757505,-0.00449862733821127,0.6840506518323513,0.4859997532996176,0.39257752942234436,0.0050951622467963475,0.011516738247149239,0.9639773109595412
trend_continuation,12H,2,tree_depth2,step12_interactions,631,285,0.45166402535657685,0.2487819212558836,-0.0004406872027262754,0.6907497174297056,0.47373491532298956,0.43037872963861135,0.03211527964343802,0.11393732817673294,0.9606989966305753
trend_continuation,12H,3,tree_depth2,step12_interactions,631,244,0.3866877971473851,0.23904703490939497,2.216862339010639e-05,0.6711280812855638,0.39730800186385395,0.4850861537814249,0.044294466759062956,-0.1632832752904633,1.0469010373615293
trend_continuation,24H,1,boosted_stumps,step12_interactions,631,319,0.5055467511885895,0.2540161286022699,0.0,0.7012311707058365,0.5171509524957801,0.4736132901604739,0.06361521084629124,,
trend_continuation,24H,2,boosted_stumps,step12_interactions,631,303,0.48019017432646594,0.25012547205717234,-2.220446049250313e-16,0.693403136786853,0.5399058198502777,0.43780145646067553,0.0227574438456542,,
trend_continuation,24H,3,boosted_stumps,step12_interactions,631,255,0.4041204437400951,0.24408263692658397,0.0,0.6812917896400603,0.4416875260742595,0.46654909127455135,0.05723221326473582,,
