feature,12H,1H,24H,2H,4H,8H
adx_14b,133.125,97.011,101.863,111.269,137.709,133.798
adx_24b,132.982,95.242,98.977,103.296,133.713,123.625
adx_48b,94.005,92.563,87.671,87.372,125.351,92.097
aroon_down_14b,117.762,93.276,55.087,91.305,121.868,126.01
aroon_down_24b,120.497,70.553,65.259,64.835,124.644,122.253
aroon_down_48b,124.492,68.19,87.925,79.258,100.452,69.754
aroon_osc_14b,70.414,75.463,53.081,75.385,80.203,76.834
aroon_osc_24b,100.493,69.473,55.626,68.204,106.478,105.205
aroon_osc_48b,122.21,57.038,59.172,74.978,120.696,106.799
aroon_up_14b,65.179,71.714,60.316,69.857,68.063,57.446
aroon_up_24b,70.034,64.783,52.895,66.02,76.607,78.002
aroon_up_48b,95.075,80.366,64.553,78.796,100.93,103.568
atr_12b,149.831,113.307,156.162,121.614,135.405,144.592
atr_24b,139.337,99.4,142.672,109.51,123.739,142.918
atr_288b,99.356,78.782,113.453,76.19,88.021,85.376
atr_48b,131.432,89.445,136.425,99.576,114.558,124.651
atr_6b,134.305,92.421,139.603,102.566,115.759,126.595
atr_96b,119.187,76.29,123.148,90.998,97.584,107.582
atr_pct_12b,147.884,103.204,145.78,111.392,134.152,142.197
atr_pct_24b,136.582,97.737,139.477,106.205,121.782,131.579
atr_pct_288b,91.579,79.162,101.211,72.954,97.712,87.577
atr_pct_48b,126.931,87.57,124.499,95.223,113.014,121.829
atr_pct_6b,132.533,90.684,136.992,101.338,115.703,125.653
atr_pct_96b,113.556,80.722,119.042,87.89,97.665,101.98
atr_slope_12b,123.232,83.199,55.456,78.711,66.994,135.288
atr_slope_24b,120.188,76.998,102.227,87.574,102.139,102.487
atr_slope_288b,126.324,76.648,98.127,73.957,130.65,79.08
atr_slope_48b,132.602,111.005,134.395,127.887,145.973,129.888
atr_slope_6b,104.628,97.521,58.005,88.772,79.378,96.991
atr_slope_96b,147.472,115.376,155.978,126.036,122.937,148.57
bb_keltner_width_ratio_20b,131.984,92.973,100.626,105.952,136.968,124.16
bb_keltner_width_ratio_48b,141.743,95.725,107.219,101.283,145.279,129.936
bb_keltner_width_ratio_96b,131.223,85.822,92.599,84.285,134.168,116.126
body_range_ratio,110.432,94.866,57.127,69.403,78.986,54.689
bollinger_bandwidth_20b,134.565,115.687,143.002,111.903,132.78,131.372
bollinger_bandwidth_48b,131.223,97.381,130.485,99.118,128.569,119.892
bollinger_bandwidth_96b,122.519,94.607,120.481,93.492,116.401,106.303
bollinger_pct_b_20b,91.515,123.288,72.982,116.096,102.429,95.18
bollinger_pct_b_48b,112.055,108.17,67.595,100.564,122.551,118.607
bollinger_pct_b_96b,127.751,95.683,63.489,82.965,132.756,132.991
bollinger_squeeze_pctile_20b,114.867,107.544,131.572,125.229,114.403,115.311
bollinger_squeeze_pctile_48b,127.441,107.87,132.054,111.821,118.447,130.104
bollinger_squeeze_pctile_96b,128.264,86.649,105.001,86.107,119.469,126.2
choppiness_24b,128.464,92.489,97.172,106.759,135.795,118.774
choppiness_288b,128.987,118.204,61.306,112.899,134.215,70.871
choppiness_96b,132.697,92.069,95.562,99.21,136.513,121.997
close_location_value,105.813,133.005,95.204,127.125,114.933,108.045
consecutive_down_bars,117.548,134.865,101.283,124.168,112.785,103.465
consecutive_up_bars,111.879,135.079,105.898,130.128,118.203,112.474
dema_dist_12b,129.843,124.061,110.894,122.123,114.233,108.628
dema_dist_24b,94.932,117.478,87.996,112.292,102.841,97.254
dema_dist_288b,132.403,74.769,88.637,68.839,133.738,132.388
dema_dist_48b,128.131,107.876,66.103,101.624,125.997,79.606
dema_dist_6b,122.146,140.406,117.097,136.467,130.48,123.688
dema_dist_96b,132.935,91.355,84.304,84.153,134.527,135.4
di_spread_14b,115.67,80.062,52.464,74.763,136.154,112.687
di_spread_24b,132.459,74.437,44.958,71.732,145.997,132.672
di_spread_48b,141.601,70.354,51.377,67.527,137.446,129.952
donchian_pos_24b,101.068,111.238,67.491,99.96,108.05,100.935
donchian_pos_288b,111.865,73.565,70.546,66.675,125.087,120.905
donchian_pos_96b,113.006,88.887,52.199,79.853,117.402,116.38
ema_dist_12b,120.046,119.778,80.987,114.554,115.755,92.911
ema_dist_24b,131.793,107.296,65.709,99.244,131.296,133.98
ema_dist_288b,130.462,70.713,66.425,66.795,116.972,130.351
ema_dist_48b,132.935,95.758,59.298,88.279,134.694,145.315
ema_dist_6b,104.379,135.567,100.627,132.646,114.436,106.48
ema_dist_96b,132.602,85.178,66.029,74.336,134.0,136.358
ema_slope_12b,127.37,83.357,60.394,79.93,128.545,74.016
ema_slope_24b,132.935,73.644,53.844,73.539,130.503,134.922
ema_slope_288b,68.257,54.763,71.546,41.153,64.529,81.47
ema_slope_48b,133.506,62.122,63.645,67.938,136.441,136.725
ema_slope_6b,104.379,127.567,100.627,124.646,114.436,106.48
ema_slope_96b,131.746,63.476,74.764,66.196,131.464,128.899
ema_spread_12_48b,133.458,61.291,62.948,68.392,135.867,136.421
ema_spread_24_96b,132.221,60.299,83.779,67.303,132.182,131.149
ema_spread_48_288b,109.487,64.301,61.188,64.304,85.389,110.083
ema_spread_6_24b,133.03,73.888,55.709,74.123,134.91,136.294
ema_spread_atr_12_48b,141.791,64.568,45.454,70.598,145.757,146.623
ema_spread_atr_24_96b,141.125,67.878,65.768,64.734,136.202,135.815
ema_spread_atr_48_288b,121.472,58.335,62.154,57.887,82.346,116.748
ema_spread_atr_6_24b,130.937,77.893,44.121,79.332,135.891,128.404
keltner_width_20b,138.75,100.508,141.968,108.242,131.946,132.54
keltner_width_48b,127.17,87.667,124.546,95.405,113.222,122.141
keltner_width_96b,113.51,80.967,119.09,87.875,98.038,102.2
lower_wick_ratio,90.665,84.597,64.522,79.632,73.459,72.065
macd_hist_12_48b,126.371,77.716,64.763,72.604,124.896,99.95
macd_hist_24_96b,141.363,61.267,79.312,69.798,143.843,143.879
macd_hist_48_288b,133.125,68.991,74.013,63.954,135.34,132.393
macd_hist_6_24b,128.226,96.101,76.36,92.548,87.071,85.753
macd_hist_slope_12_48b,132.792,78.26,81.729,70.113,132.588,129.297
macd_hist_slope_24_96b,128.607,71.41,64.327,77.638,129.597,115.843
macd_hist_slope_48_288b,132.697,53.756,67.718,42.962,134.958,132.489
macd_hist_slope_6_24b,122.709,105.081,85.738,100.774,107.184,93.248
mfi_24b,141.696,79.597,66.204,77.757,140.038,142.14
mfi_288b,79.451,63.483,77.399,61.784,74.067,103.002
mfi_96b,131.223,59.964,64.898,57.447,144.226,138.511
minus_di_14b,108.773,73.238,55.201,70.947,131.87,113.832
minus_di_24b,127.798,72.667,55.149,67.867,136.704,134.283
minus_di_48b,132.221,63.664,47.181,81.024,134.192,129.792
obv,97.195,65.366,108.389,73.143,83.722,91.455
obv_slope_24b,138.696,75.257,49.483,76.335,135.794,113.088
obv_slope_288b,51.238,55.727,75.048,52.47,53.004,86.061
obv_slope_96b,136.508,58.602,56.895,56.624,120.46,74.658
plus_di_14b,115.86,83.065,37.475,77.438,136.25,104.546
plus_di_24b,132.507,72.151,47.982,67.974,145.949,126.218
plus_di_48b,141.553,65.825,58.837,69.972,145.733,126.314
price_efficiency_12b,61.948,56.446,72.245,56.503,114.08,61.132
price_efficiency_24b,132.079,81.859,93.693,97.983,140.062,134.075
price_efficiency_288b,102.971,112.904,76.504,108.714,103.803,88.95
price_efficiency_48b,141.601,85.914,97.097,98.327,140.876,124.94
price_efficiency_6b,140.173,70.263,57.192,81.19,72.207,65.057
price_efficiency_96b,140.792,105.195,66.206,102.052,143.293,132.774
return_12b,126.752,93.921,69.124,86.254,143.604,85.629
return_24b,133.173,86.241,39.825,77.236,135.245,146.687
return_288b,105.587,63.525,97.29,62.341,97.042,107.769
return_3b,108.088,130.07,100.867,126.472,114.987,109.951
return_48b,132.745,72.462,43.188,71.222,132.732,131.053
return_6b,83.1,107.706,80.677,100.907,99.364,88.508
return_96b,131.698,60.872,61.087,68.743,132.469,130.16
roc_12b,126.752,93.921,69.124,86.254,143.604,85.629
roc_24b,133.173,86.241,39.825,77.236,135.245,146.687
roc_288b,105.587,63.525,97.29,62.341,97.042,107.769
roc_3b,100.088,122.07,92.867,118.472,106.987,101.951
roc_48b,132.745,72.462,43.188,71.222,132.732,131.053
roc_6b,83.1,107.706,80.677,100.907,99.364,88.508
roc_96b,131.698,60.872,61.087,68.743,132.469,130.16
rolling_high_dist_12b,117.574,110.876,123.341,104.857,109.933,98.585
rolling_high_dist_24b,107.744,105.006,112.57,101.304,111.718,97.085
rolling_high_dist_288b,84.63,71.81,93.542,70.158,95.463,68.855
rolling_high_dist_3b,109.734,127.652,115.418,121.955,117.608,109.047
rolling_high_dist_48b,104.447,91.85,105.734,90.869,93.263,89.83
rolling_high_dist_6b,107.674,123.432,112.302,118.179,111.979,106.898
rolling_high_dist_96b,96.467,83.604,100.482,83.061,84.823,86.858
rolling_low_dist_12b,122.717,116.694,124.671,113.944,140.78,123.97
rolling_low_dist_24b,132.412,111.275,123.979,111.001,128.278,143.959
rolling_low_dist_288b,112.483,84.845,78.528,88.736,117.382,104.578
rolling_low_dist_3b,109.273,127.194,104.559,122.749,113.277,109.07
rolling_low_dist_48b,131.08,101.59,122.101,105.158,125.095,129.777
rolling_low_dist_6b,114.903,115.88,114.254,120.017,110.609,106.061
rolling_low_dist_96b,129.177,87.693,106.177,91.0,127.408,120.817
rolling_vwap_dist_24b,131.651,108.255,64.478,98.877,125.279,126.553
rolling_vwap_dist_288b,130.271,65.989,65.11,68.564,121.546,125.604
rolling_vwap_dist_96b,140.792,80.143,55.223,74.663,142.048,141.223
rolling_vwap_z_24b,116.759,110.431,68.012,100.251,119.009,99.78
rolling_vwap_z_288b,140.84,68.556,63.882,71.43,132.206,131.675
rolling_vwap_z_96b,141.601,85.441,48.173,74.871,145.087,145.762
rsi_14b,116.716,91.042,56.906,92.872,127.887,106.895
rsi_24b,132.792,87.971,40.826,78.536,134.958,133.741
rsi_48b,141.743,76.515,61.803,78.299,135.269,129.314
rsi_6b,83.683,109.424,80.181,101.711,91.121,89.18
rsi_neutral_dist_14b,116.716,91.042,56.906,92.872,127.887,106.895
rsi_neutral_dist_24b,132.792,87.971,40.826,78.536,134.958,133.741
rsi_neutral_dist_48b,141.743,76.515,61.803,78.299,135.269,129.314
rsi_neutral_dist_6b,83.683,109.424,80.181,101.711,91.121,89.18
rsi_slope_14b,105.063,107.393,75.931,100.233,92.383,107.641
rsi_slope_24b,91.389,93.309,74.576,91.318,87.759,85.939
rsi_slope_48b,64.659,82.196,63.45,79.571,114.152,64.529
rsi_slope_6b,114.817,131.645,102.338,129.439,120.193,116.407
rv_12b,133.995,103.841,141.031,111.385,133.881,130.835
rv_24b,132.47,100.428,139.163,107.394,126.332,126.815
rv_288b,98.074,79.564,107.251,76.814,87.919,85.351
rv_48b,126.345,92.316,127.46,98.959,114.051,120.695
rv_6b,121.129,84.685,127.327,96.502,109.045,117.153
rv_96b,118.448,78.004,121.26,92.114,101.814,106.387
rv_slope_12b,66.371,80.151,55.628,66.677,71.341,117.226
rv_slope_24b,90.153,67.48,88.709,76.374,67.618,67.26
rv_slope_288b,129.653,77.414,101.114,83.439,133.689,113.099
rv_slope_48b,112.15,108.723,122.799,132.114,137.087,104.892
rv_slope_6b,52.606,83.016,52.131,75.379,90.833,60.428
rv_slope_96b,132.923,106.065,154.025,122.382,118.448,146.033
sma_dist_12b,88.379,117.162,79.471,109.246,98.133,91.1
sma_dist_24b,132.031,102.895,61.121,95.868,131.201,134.794
sma_dist_288b,128.892,66.471,66.299,67.632,113.574,126.952
sma_dist_48b,133.173,91.249,48.3,83.893,134.742,145.06
sma_dist_6b,104.686,126.061,101.562,123.698,114.581,106.868
sma_dist_96b,132.697,73.394,47.352,73.398,135.269,135.943
sma_slope_12b,130.224,79.283,65.307,80.986,135.819,114.067
sma_slope_24b,141.648,58.874,56.308,64.628,135.891,145.57
sma_slope_288b,69.591,64.178,96.862,51.649,81.614,66.342
sma_slope_48b,132.554,71.023,62.215,64.183,133.498,130.654
sma_slope_6b,83.106,107.709,80.681,100.911,99.387,88.512
sma_slope_96b,124.279,59.48,66.742,56.561,115.013,118.806
stoch_k_14b,79.151,115.347,73.256,105.905,97.712,84.805
stoch_k_24b,101.068,111.238,67.491,99.96,108.05,100.935
stoch_k_48b,104.202,99.16,62.385,89.043,113.721,103.445
stoch_k_6b,108.83,132.922,101.09,129.711,119.395,110.89
stoch_rsi_14b,119.427,100.037,71.855,92.922,88.317,120.649
stoch_rsi_24b,78.257,101.049,66.037,94.5,89.211,82.706
stoch_rsi_48b,82.543,86.762,58.592,82.715,84.288,72.784
stoch_rsi_6b,98.164,114.589,94.064,107.289,100.755,99.923
tema_dist_12b,128.559,132.781,112.286,129.376,125.912,119.012
tema_dist_24b,131.46,118.364,98.438,114.43,107.45,102.991
tema_dist_288b,133.207,74.984,80.404,78.876,134.199,134.524
tema_dist_48b,85.081,109.988,85.529,105.079,96.853,91.789
tema_dist_6b,119.789,140.008,115.493,135.51,129.063,121.637
tema_dist_96b,130.604,100.845,65.83,94.939,130.435,120.642
true_range,120.613,78.798,127.611,83.122,100.907,111.019
upper_wick_ratio,87.644,82.908,62.038,78.24,70.018,58.314
volume_percentile_24b,86.015,91.039,62.264,90.087,69.222,68.711
volume_percentile_288b,113.787,63.064,127.677,80.858,105.418,106.357
volume_percentile_96b,65.861,73.44,84.481,57.346,93.19,63.608
volume_rel_12b,121.472,115.974,71.916,119.082,98.027,82.572
volume_rel_24b,113.767,104.749,49.278,96.746,77.192,69.617
volume_rel_288b,114.551,62.194,129.069,75.024,98.981,106.088
volume_rel_48b,69.28,79.033,65.928,72.103,81.153,56.237
volume_rel_6b,107.15,98.926,66.228,103.735,78.865,76.25
volume_rel_96b,69.556,69.782,83.408,59.668,94.003,65.406
volume_z_12b,126.561,110.479,71.382,108.149,88.342,84.196
volume_z_24b,86.443,92.132,59.881,90.252,76.444,68.173
volume_z_288b,112.633,62.497,127.209,74.52,96.588,103.866
volume_z_48b,60.569,80.815,62.188,74.752,76.655,54.509
volume_z_6b,111.717,91.612,68.691,92.978,80.035,78.199
volume_z_96b,62.402,73.532,82.317,55.712,86.681,63.465
