interaction,family,why,features,target,horizon,n,base_n,base_rate,conditioned_rate,absolute_lift,relative_lift,auc_edge,best_individual_abs_lift,incremental_abs_lift,best_individual_detail,saturated_target,sample_caveat,thirds,min_n,lifts,chronologically_stable,regime_count,positive_regimes,negative_regimes,regime_class,survives_nonoverlap,nonoverlap_n,nonoverlap_lift,brier_improvement_vs_main2,rank_score
high_atr_pct_and_rising_atr_slope,VOL_LEVEL_X_VOL_SLOPE,high and accelerating volatility is a risk state,atr_pct_12b+atr_slope_96b,realized_over_range_width_ge_1,24H,953,4206,0.884450784593438,0.6726128016789087,-0.21183798291452927,0.7604864096401854,0.29784061241647863,0.15227962769961867,0.0595583552149106,"[{""n"": 1262, ""base_n"": 4206, ""base_rate"": 0.884450784593438, ""conditioned_rate"": 0.7321711568938193, ""absolute_lift"": -0.15227962769961867, ""relative_lift"": 0.8278257757783344, ""feature"": ""atr_pct_12b""}, {""n"": 2103, ""base_n"": 4206, ""base_rate"": 0.884450784593438, ""conditioned_rate"": 0.8026628625772706, ""absolute_lift"": -0.08178792201616736, ""relative_lift"": 0.9075268817204302, ""feature"": ""atr_slope_96b""}]",False,usable,3,167,"-0.1937,-0.3695,-0.1773",True,6,0,6,UNIVERSAL,False,3,0.0,-0.00029120002927891797,74.64818840548128
high_atr_pct_and_rising_atr_slope,VOL_LEVEL_X_VOL_SLOPE,high and accelerating volatility is a risk state,atr_pct_12b+atr_slope_96b,realized_over_range_width_ge_1,12H,953,4206,0.8604374702805516,0.6453305351521511,-0.2151069351284005,0.7500028269825774,0.24998081768896224,0.1575848553835627,0.057522079744837806,"[{""n"": 1262, ""base_n"": 4206, ""base_rate"": 0.8604374702805516, ""conditioned_rate"": 0.7028526148969889, ""absolute_lift"": -0.1575848553835627, ""relative_lift"": 0.8168549594519854, ""feature"": ""atr_pct_12b""}, {""n"": 2103, ""base_n"": 4206, ""base_rate"": 0.8604374702805516, ""conditioned_rate"": 0.7736566809320019, ""absolute_lift"": -0.08678078934854971, ""relative_lift"": 0.8991434097817076, ""feature"": ""atr_slope_96b""}]",False,usable,3,167,"-0.1778,-0.3566,-0.2056",True,6,0,6,UNIVERSAL,False,8,-0.1166666666666667,1.3858364751873076e-06,74.60078612929408
high_atr_pct_and_rising_atr_slope,VOL_LEVEL_X_VOL_SLOPE,high and accelerating volatility is a risk state,atr_pct_12b+atr_slope_96b,realized_over_range_width_ge_1,8H,953,4206,0.8549690917736567,0.6453305351521511,-0.20963855662150555,0.7547998417269043,0.2348980652455369,0.15607844201137455,0.05356011461013099,"[{""n"": 1262, ""base_n"": 4206, ""base_rate"": 0.8549690917736567, ""conditioned_rate"": 0.6988906497622821, ""absolute_lift"": -0.15607844201137455, ""relative_lift"": 0.8174455152670074, ""feature"": ""atr_pct_12b""}, {""n"": 2103, ""base_n"": 4206, ""base_rate"": 0.8549690917736567, ""conditioned_rate"": 0.7746077032810271, ""absolute_lift"": -0.08036138849262953, ""relative_lift"": 0.9060066740823137, ""feature"": ""atr_slope_96b""}]",False,usable,3,167,"-0.1778,-0.3358,-0.1992",True,6,0,6,UNIVERSAL,False,12,0.07575757575757569,0.0006561424011785194,73.33911134892485
high_atr_pct_and_rising_atr_slope,VOL_LEVEL_X_VOL_SLOPE,high and accelerating volatility is a risk state,atr_pct_12b+atr_slope_96b,realized_over_range_width_ge_1,2H,953,4206,0.8609129814550642,0.7355718782791185,-0.1253411031759457,0.8544090914228037,0.12355018328506318,0.09466892440276631,0.030672178773179404,"[{""n"": 1262, ""base_n"": 4206, ""base_rate"": 0.8609129814550642, ""conditioned_rate"": 0.7662440570522979, ""absolute_lift"": -0.09466892440276631, ""relative_lift"": 0.8900365931957925, ""feature"": ""atr_pct_12b""}, {""n"": 2103, ""base_n"": 4206, ""base_rate"": 0.8609129814550642, ""conditioned_rate"": 0.797432239657632, ""absolute_lift"": -0.06348074179743224, ""relative_lift"": 0.9262634631317316, ""feature"": ""atr_slope_96b""}]",False,usable,3,167,"-0.0915,-0.2516,-0.1044",True,6,0,6,UNIVERSAL,True,80,-0.07727272727272727,-0.00012536098600178514,65.32857695137217
high_atr_pct_and_rising_atr_slope,VOL_LEVEL_X_VOL_SLOPE,high and accelerating volatility is a risk state,atr_pct_12b+atr_slope_96b,range_held,2H,953,4206,0.043509272467902996,0.10598111227701994,0.06247183980911694,2.435828187088229,0.19463426825806263,0.045238746549529654,0.017233093259587287,"[{""n"": 1262, ""base_n"": 4206, ""base_rate"": 0.043509272467902996, ""conditioned_rate"": 0.08874801901743265, ""absolute_lift"": 0.045238746549529654, ""relative_lift"": 2.039749551843288, ""feature"": ""atr_pct_12b""}, {""n"": 2103, ""base_n"": 4206, ""base_rate"": 0.043509272467902996, ""conditioned_rate"": 0.06990014265335236, ""absolute_lift"": 0.02639087018544936, ""relative_lift"": 1.6065573770491803, ""feature"": ""atr_slope_96b""}]",False,usable,3,167,"0.0525,0.1252,0.0478",True,6,6,0,UNIVERSAL,True,80,0.06590909090909092,,62.446009698506025
high_atr_pct_and_rising_atr_slope,VOL_LEVEL_X_VOL_SLOPE,high and accelerating volatility is a risk state,atr_pct_12b+atr_slope_96b,realized_over_range_width_ge_1,1H,953,4206,0.8699476937708036,0.7639034627492131,-0.10604423102159055,0.8781027505666003,0.1155886189821197,0.07755466682944068,0.028489564192149874,"[{""n"": 1262, ""base_n"": 4206, ""base_rate"": 0.8699476937708036, ""conditioned_rate"": 0.7923930269413629, ""absolute_lift"": -0.07755466682944068, ""relative_lift"": 0.9108513449891699, ""feature"": ""atr_pct_12b""}, {""n"": 2103, ""base_n"": 4206, ""base_rate"": 0.8699476937708036, ""conditioned_rate"": 0.8231098430813124, ""absolute_lift"": -0.0468378506894912, ""relative_lift"": 0.9461601530472806, ""feature"": ""atr_slope_96b""}]",False,usable,3,167,"-0.0970,-0.1471,-0.0952",True,6,0,6,UNIVERSAL,True,99,-0.13468013468013473,2.3422607384374072e-05,62.260931419486184
high_atr_pct_and_rising_atr_slope,VOL_LEVEL_X_VOL_SLOPE,high and accelerating volatility is a risk state,atr_pct_12b+atr_slope_96b,range_held,12H,953,4206,0.05515929624346172,0.16474291710388247,0.10958362086042076,2.98667547128849,0.2919396334796869,0.0771703392557459,0.032413281604674854,"[{""n"": 1262, ""base_n"": 4206, ""base_rate"": 0.05515929624346172, ""conditioned_rate"": 0.13232963549920762, ""absolute_lift"": 0.0771703392557459, ""relative_lift"": 2.3990450297830486, ""feature"": ""atr_pct_12b""}, {""n"": 2103, ""base_n"": 4206, ""base_rate"": 0.05515929624346172, ""conditioned_rate"": 0.09652876842605801, ""absolute_lift"": 0.04136947218259629, ""relative_lift"": 1.75, ""feature"": ""atr_slope_96b""}]",False,usable,3,167,"0.0900,0.2249,0.0878",True,6,6,0,UNIVERSAL,False,8,0.0,,61.74309703162448
high_atr_pct_and_rising_atr_slope,VOL_LEVEL_X_VOL_SLOPE,high and accelerating volatility is a risk state,atr_pct_12b+atr_slope_96b,range_held,24H,953,4206,0.0475511174512601,0.15424973767051417,0.10669862021925407,3.243871983210913,0.3389515726410385,0.07289262264382707,0.033805997575427,"[{""n"": 1262, ""base_n"": 4206, ""base_rate"": 0.0475511174512601, ""conditioned_rate"": 0.12044374009508717, ""absolute_lift"": 0.07289262264382707, ""relative_lift"": 2.532931854199683, ""feature"": ""atr_pct_12b""}, {""n"": 2103, ""base_n"": 4206, ""base_rate"": 0.0475511174512601, ""conditioned_rate"": 0.0865430337612934, ""absolute_lift"": 0.03899191631003329, ""relative_lift"": 1.82, ""feature"": ""atr_slope_96b""}]",False,usable,3,167,"0.0992,0.2197,0.0749",True,6,6,0,UNIVERSAL,False,3,0.0,,61.508314232344645
ema_spread_high_and_rising_atr,COMPRESSION_X_TREND_BREAKOUT,MA spread with accelerating ATR tests trend transition,ema_spread_atr_12_48b+atr_slope_96b,realized_over_range_width_ge_1,2H,837,4206,0.8609129814550642,0.7514934289127837,-0.10941955254228053,0.8729028892590909,0.08242162881765203,0.06348074179743224,0.04593881074484829,"[{""n"": 1262, ""base_n"": 4206, ""base_rate"": 0.8609129814550642, ""conditioned_rate"": 0.8003169572107766, ""absolute_lift"": -0.06059602424428767, ""relative_lift"": 0.9296142286739922, ""feature"": ""ema_spread_atr_12_48b""}, {""n"": 2103, ""base_n"": 4206, ""base_rate"": 0.8609129814550642, ""conditioned_rate"": 0.797432239657632, ""absolute_lift"": -0.06348074179743224, ""relative_lift"": 0.9262634631317316, ""feature"": ""atr_slope_96b""}]",False,usable,3,261,"-0.1007,-0.1190,-0.1096",True,6,0,6,UNIVERSAL,True,56,-0.11120129870129869,0.00021083899698637332,61.48351706886824
high_atr_pct_and_rising_atr_slope,VOL_LEVEL_X_VOL_SLOPE,high and accelerating volatility is a risk state,atr_pct_12b+atr_slope_96b,range_held,8H,953,4206,0.05254398478364242,0.15424973767051417,0.10170575288687175,2.9356307540370254,0.2698234896699728,0.07265411347309292,0.029051639413778835,"[{""n"": 1262, ""base_n"": 4206, ""base_rate"": 0.05254398478364242, ""conditioned_rate"": 0.12519809825673534, ""absolute_lift"": 0.07265411347309292, ""relative_lift"": 2.382729417501488, ""feature"": ""atr_pct_12b""}, {""n"": 2103, ""base_n"": 4206, ""base_rate"": 0.05254398478364242, ""conditioned_rate"": 0.09082263433190679, ""absolute_lift"": 0.038278649548264376, ""relative_lift"": 1.7285067873303166, ""feature"": ""atr_slope_96b""}]",False,usable,3,167,"0.0847,0.1719,0.0911",True,6,6,0,UNIVERSAL,False,12,-0.09090909090909091,,60.52882149952692
high_vwap_displacement_and_rising_atr,STRUCTURE_X_VOLATILITY,large VWAP displacement with rising ATR tests directional stress,rolling_vwap_z_96b+atr_slope_96b,realized_over_range_width_ge_1,2H,808,4206,0.8609129814550642,0.754950495049505,-0.10596248640555928,0.8769184706374531,0.07131500246661804,0.06348074179743224,0.04248174460812704,"[{""n"": 1262, ""base_n"": 4206, ""base_rate"": 0.8609129814550642, ""conditioned_rate"": 0.8090332805071315, ""absolute_lift"": -0.051879700947932705, ""relative_lift"": 0.9397387400753922, ""feature"": ""rolling_vwap_z_96b""}, {""n"": 2103, ""base_n"": 4206, ""base_rate"": 0.8609129814550642, ""conditioned_rate"": 0.797432239657632, ""absolute_lift"": -0.06348074179743224, ""relative_lift"": 0.9262634631317316, ""feature"": ""atr_slope_96b""}]",False,usable,3,254,"-0.0760,-0.1337,-0.1074",True,6,0,6,UNIVERSAL,True,52,-0.097465034965035,,59.819238134646724
ema_spread_high_and_rising_atr,COMPRESSION_X_TREND_BREAKOUT,MA spread with accelerating ATR tests trend transition,ema_spread_atr_12_48b+atr_slope_96b,realized_over_range_width_ge_1,1H,837,4206,0.8699476937708036,0.7694145758661888,-0.10053311790461483,0.884437744217871,0.08490821509957919,0.06646116445226158,0.034071953452353254,"[{""n"": 1262, ""base_n"": 4206, ""base_rate"": 0.8699476937708036, ""conditioned_rate"": 0.803486529318542, ""absolute_lift"": -0.06646116445226158, ""relative_lift"": 0.9236032638190182, ""feature"": ""ema_spread_atr_12_48b""}, {""n"": 2103, ""base_n"": 4206, ""base_rate"": 0.8699476937708036, ""conditioned_rate"": 0.8231098430813124, ""absolute_lift"": -0.0468378506894912, ""relative_lift"": 0.9461601530472806, ""feature"": ""atr_slope_96b""}]",False,usable,3,261,"-0.1230,-0.0823,-0.0961",True,6,0,6,UNIVERSAL,True,79,-0.14299109235818097,0.0004834756536878787,59.77577789418353
high_atr_pct_and_rising_atr_slope,VOL_LEVEL_X_VOL_SLOPE,high and accelerating volatility is a risk state,atr_pct_12b+atr_slope_96b,realized_over_range_width_ge_1,4H,953,4206,0.855206847360913,0.7040923399790137,-0.15111450738189935,0.823300634404151,0.15654967901092542,0.12303569046709373,0.028078816914805627,"[{""n"": 1262, ""base_n"": 4206, ""base_rate"": 0.855206847360913, ""conditioned_rate"": 0.7321711568938193, ""absolute_lift"": -0.12303569046709373, ""relative_lift"": 0.8561334128149579, ""feature"": ""atr_pct_12b""}, {""n"": 2103, ""base_n"": 4206, ""base_rate"": 0.855206847360913, ""conditioned_rate"": 0.7822158820732287, ""absolute_lift"": -0.07299096528768434, ""relative_lift"": 0.9146510981373366, ""feature"": ""atr_slope_96b""}]",False,usable,3,167,"-0.0965,-0.2804,-0.1552",True,6,0,6,UNIVERSAL,False,19,-0.04007177033492826,-0.00010178751561418231,58.86330555364073
rising_atr_and_high_volume,VOLATILITY_X_VOLUME,ATR acceleration with volume confirms expansion pressure,atr_slope_96b+volume_z_96b,realized_over_range_width_ge_1,24H,745,4206,0.884450784593438,0.7476510067114094,-0.13679977788202857,0.8453279930720935,0.14487975131642994,0.08178792201616736,0.055011855865861214,"[{""n"": 2103, ""base_n"": 4206, ""base_rate"": 0.884450784593438, ""conditioned_rate"": 0.8026628625772706, ""absolute_lift"": -0.08178792201616736, ""relative_lift"": 0.9075268817204302, ""feature"": ""atr_slope_96b""}, {""n"": 1262, ""base_n"": 4206, ""base_rate"": 0.884450784593438, ""conditioned_rate"": 0.8343898573692552, ""absolute_lift"": -0.05006092722418276, ""relative_lift"": 0.9433988548642708, ""feature"": ""volume_z_96b""}]",False,usable,3,240,"-0.1331,-0.1581,-0.1209",True,6,1,5,REGIME-SPECIFIC,False,3,0.0,0.00036437321060835137,58.55305120467006
high_vwap_displacement_and_rising_atr,STRUCTURE_X_VOLATILITY,large VWAP displacement with rising ATR tests directional stress,rolling_vwap_z_96b+atr_slope_96b,realized_over_range_width_ge_1,24H,808,4206,0.884450784593438,0.754950495049505,-0.129500289543933,0.8535811242414564,0.1564781627505642,0.08178792201616736,0.04771236752776564,"[{""n"": 1262, ""base_n"": 4206, ""base_rate"": 0.884450784593438, ""conditioned_rate"": 0.8225039619651348, ""absolute_lift"": -0.0619468226283032, ""relative_lift"": 0.9299601247379992, ""feature"": ""rolling_vwap_z_96b""}, {""n"": 2103, ""base_n"": 4206, ""base_rate"": 0.884450784593438, ""conditioned_rate"": 0.8026628625772706, ""absolute_lift"": -0.08178792201616736, ""relative_lift"": 0.9075268817204302, ""feature"": ""atr_slope_96b""}]",False,usable,3,254,"-0.1550,-0.1073,-0.1291",True,6,0,6,UNIVERSAL,False,1,0.0,-0.000240969815081718,57.77888924150566
rising_rv_and_high_volume,VOLATILITY_X_VOLUME,RV acceleration with volume tests volatility expansion,rv_slope_96b+volume_z_96b,realized_over_range_width_ge_1,24H,745,4206,0.884450784593438,0.7503355704697987,-0.13411521412363925,0.8483632820956918,0.1403048807469357,0.08083689966714214,0.05327831445649711,"[{""n"": 2103, ""base_n"": 4206, ""base_rate"": 0.884450784593438, ""conditioned_rate"": 0.8036138849262958, ""absolute_lift"": -0.08083689966714214, ""relative_lift"": 0.9086021505376345, ""feature"": ""rv_slope_96b""}, {""n"": 1262, ""base_n"": 4206, ""base_rate"": 0.884450784593438, ""conditioned_rate"": 0.8343898573692552, ""absolute_lift"": -0.05006092722418276, ""relative_lift"": 0.9433988548642708, ""feature"": ""volume_z_96b""}]",False,usable,3,240,"-0.1165,-0.1557,-0.1303",True,6,0,6,UNIVERSAL,False,3,0.0,0.0004168468614869081,57.747220055706094
high_vwap_displacement_and_rising_atr,STRUCTURE_X_VOLATILITY,large VWAP displacement with rising ATR tests directional stress,rolling_vwap_z_96b+atr_slope_96b,range_held,2H,808,4206,0.043509272467902996,0.10272277227722772,0.05921349980932472,2.3609397825028404,0.1320650793456749,0.0333528511454092,0.02586064866391552,"[{""n"": 1262, ""base_n"": 4206, ""base_rate"": 0.043509272467902996, ""conditioned_rate"": 0.0768621236133122, ""absolute_lift"": 0.0333528511454092, ""relative_lift"": 1.7665688082928475, ""feature"": ""rolling_vwap_z_96b""}, {""n"": 2103, ""base_n"": 4206, ""base_rate"": 0.043509272467902996, ""conditioned_rate"": 0.06990014265335236, ""absolute_lift"": 0.02639087018544936, ""relative_lift"": 1.6065573770491803, ""feature"": ""atr_slope_96b""}]",False,usable,3,254,"0.0574,0.0779,0.0436",True,6,6,0,UNIVERSAL,True,52,0.07648601398601398,,57.7396782178862
ema_spread_high_and_rising_atr,COMPRESSION_X_TREND_BREAKOUT,MA spread with accelerating ATR tests trend transition,ema_spread_atr_12_48b+atr_slope_96b,realized_over_range_width_ge_1,24H,837,4206,0.884450784593438,0.7574671445639187,-0.12698364002951923,0.8564265618375919,0.16130857560069028,0.08178792201616736,0.04519571801335187,"[{""n"": 1262, ""base_n"": 4206, ""base_rate"": 0.884450784593438, ""conditioned_rate"": 0.8129952456418383, ""absolute_lift"": -0.07145553895159962, ""relative_lift"": 0.9192091406369817, ""feature"": ""ema_spread_atr_12_48b""}, {""n"": 2103, ""base_n"": 4206, ""base_rate"": 0.884450784593438, ""conditioned_rate"": 0.8026628625772706, ""absolute_lift"": -0.08178792201616736, ""relative_lift"": 0.9075268817204302, ""feature"": ""atr_slope_96b""}]",False,usable,3,261,"-0.1545,-0.0997,-0.1289",True,6,0,6,UNIVERSAL,False,2,0.0,-0.0003375419609899094,57.62336350826971
ema_spread_high_and_rising_atr,COMPRESSION_X_TREND_BREAKOUT,MA spread with accelerating ATR tests trend transition,ema_spread_atr_12_48b+atr_slope_96b,range_held,2H,837,4206,0.043509272467902996,0.0991636798088411,0.0556544073409381,2.2791390015081183,0.13678656468475658,0.030975672064585125,0.024678735276352975,"[{""n"": 1262, ""base_n"": 4206, ""base_rate"": 0.043509272467902996, ""conditioned_rate"": 0.07448494453248812, ""absolute_lift"": 0.030975672064585125, ""relative_lift"": 1.7119326595827598, ""feature"": ""ema_spread_atr_12_48b""}, {""n"": 2103, ""base_n"": 4206, ""base_rate"": 0.043509272467902996, ""conditioned_rate"": 0.06990014265335236, ""absolute_lift"": 0.02639087018544936, ""relative_lift"": 1.6065573770491803, ""feature"": ""atr_slope_96b""}]",False,usable,3,261,"0.0598,0.0626,0.0465",True,6,5,1,REGIME-SPECIFIC,True,56,0.08198051948051949,,57.59575287780134
high_vwap_displacement_and_rising_atr,STRUCTURE_X_VOLATILITY,large VWAP displacement with rising ATR tests directional stress,rolling_vwap_z_96b+atr_slope_96b,realized_over_range_width_ge_1,1H,808,4206,0.8699476937708036,0.7896039603960396,-0.08034373337476397,0.907645328621411,0.06291341427038988,0.0468378506894912,0.03350588268527277,"[{""n"": 1262, ""base_n"": 4206, ""base_rate"": 0.8699476937708036, ""conditioned_rate"": 0.8272583201267829, ""absolute_lift"": -0.0426893736440207, ""relative_lift"": 0.9509288041686933, ""feature"": ""rolling_vwap_z_96b""}, {""n"": 2103, ""base_n"": 4206, ""base_rate"": 0.8699476937708036, ""conditioned_rate"": 0.8231098430813124, ""absolute_lift"": -0.0468378506894912, ""relative_lift"": 0.9461601530472806, ""feature"": ""atr_slope_96b""}]",False,usable,3,254,"-0.0918,-0.0649,-0.0858",True,6,0,6,UNIVERSAL,True,69,-0.11272141706924321,,55.354791761424686
high_vwap_displacement_and_rising_atr,STRUCTURE_X_VOLATILITY,large VWAP displacement with rising ATR tests directional stress,rolling_vwap_z_96b+atr_slope_96b,realized_over_range_width_ge_1,12H,808,4206,0.8604374702805516,0.7326732673267327,-0.12776420295381896,0.8515125068737877,0.1264533248476124,0.08678078934854971,0.04098341360526925,"[{""n"": 1262, ""base_n"": 4206, ""base_rate"": 0.8604374702805516, ""conditioned_rate"": 0.8090332805071315, ""absolute_lift"": -0.051404189773420095, ""relative_lift"": 0.9402580762124882, ""feature"": ""rolling_vwap_z_96b""}, {""n"": 2103, ""base_n"": 4206, ""base_rate"": 0.8604374702805516, ""conditioned_rate"": 0.7736566809320019, ""absolute_lift"": -0.08678078934854971, ""relative_lift"": 0.8991434097817076, ""feature"": ""atr_slope_96b""}]",False,usable,3,254,"-0.1493,-0.1019,-0.1326",True,6,0,6,UNIVERSAL,False,2,-0.3666666666666667,-0.00024825163566555286,54.62734277642259
high_atr_pct_and_rising_atr_slope,VOL_LEVEL_X_VOL_SLOPE,high and accelerating volatility is a risk state,atr_pct_12b+atr_slope_96b,range_held,1H,953,4206,0.04303376129339039,0.08604407135362015,0.043010310060229755,1.9994550503498694,0.1263738375484712,0.03145118323909773,0.011559126821132026,"[{""n"": 1262, ""base_n"": 4206, ""base_rate"": 0.04303376129339039, ""conditioned_rate"": 0.07448494453248812, ""absolute_lift"": 0.03145118323909773, ""relative_lift"": 1.7308490425615748, ""feature"": ""atr_pct_12b""}, {""n"": 2103, ""base_n"": 4206, ""base_rate"": 0.04303376129339039, ""conditioned_rate"": 0.061816452686638136, ""absolute_lift"": 0.018782691393247744, ""relative_lift"": 1.4364640883977902, ""feature"": ""atr_slope_96b""}]",False,usable,3,167,"0.0396,0.0628,0.0377",True,6,6,0,UNIVERSAL,True,99,0.059829059829059825,,54.19587435679583
ema_spread_high_and_rising_atr,COMPRESSION_X_TREND_BREAKOUT,MA spread with accelerating ATR tests trend transition,ema_spread_atr_12_48b+atr_slope_96b,realized_over_range_width_ge_1,12H,837,4206,0.8604374702805516,0.7359617682198327,-0.1244757020607189,0.8553344009761306,0.1285965656366903,0.08678078934854971,0.03769491271216918,"[{""n"": 1262, ""base_n"": 4206, ""base_rate"": 0.8604374702805516, ""conditioned_rate"": 0.8003169572107766, ""absolute_lift"": -0.06012051306977506, ""relative_lift"": 0.9301279696127456, ""feature"": ""ema_spread_atr_12_48b""}, {""n"": 2103, ""base_n"": 4206, ""base_rate"": 0.8604374702805516, ""conditioned_rate"": 0.7736566809320019, ""absolute_lift"": -0.08678078934854971, ""relative_lift"": 0.8991434097817076, ""feature"": ""atr_slope_96b""}]",False,usable,3,261,"-0.1590,-0.1137,-0.1034",True,6,0,6,UNIVERSAL,False,5,-0.06666666666666665,-0.0003636790426549963,54.09493089813303
ema_spread_high_and_rising_atr,COMPRESSION_X_TREND_BREAKOUT,MA spread with accelerating ATR tests trend transition,ema_spread_atr_12_48b+atr_slope_96b,range_held,1H,837,4206,0.04303376129339039,0.09199522102747909,0.0489614597340887,2.137745301887166,0.11353419580659552,0.03541314837380454,0.013548311360284157,"[{""n"": 1262, ""base_n"": 4206, ""base_rate"": 0.04303376129339039, ""conditioned_rate"": 0.07844690966719493, ""absolute_lift"": 0.03541314837380454, ""relative_lift"": 1.822915480995701, ""feature"": ""ema_spread_atr_12_48b""}, {""n"": 2103, ""base_n"": 4206, ""base_rate"": 0.04303376129339039, ""conditioned_rate"": 0.061816452686638136, ""absolute_lift"": 0.018782691393247744, ""relative_lift"": 1.4364640883977902, ""feature"": ""atr_slope_96b""}]",False,usable,3,261,"0.0685,0.0432,0.0367",True,6,6,0,UNIVERSAL,True,79,0.08795845504706264,,54.04197574144102
rising_atr_and_high_efficiency,VOLATILITY_X_PATH_EFFICIENCY,volatility acceleration with efficient path tests trend onset,atr_slope_96b+price_efficiency_96b,realized_over_range_width_ge_1,2H,779,4206,0.8609129814550642,0.7830551989730423,-0.07785778248202191,0.9095637025353813,0.05216413277722309,0.06348074179743224,0.01437704068458967,"[{""n"": 2103, ""base_n"": 4206, ""base_rate"": 0.8609129814550642, ""conditioned_rate"": 0.797432239657632, ""absolute_lift"": -0.06348074179743224, ""relative_lift"": 0.9262634631317316, ""feature"": ""atr_slope_96b""}, {""n"": 1262, ""base_n"": 4206, ""base_rate"": 0.8609129814550642, ""conditioned_rate"": 0.8296354992076069, ""absolute_lift"": -0.0312774822474573, ""relative_lift"": 0.963669403387792, ""feature"": ""price_efficiency_96b""}]",False,usable,3,235,"-0.0516,-0.0921,-0.0902",True,6,0,6,UNIVERSAL,True,46,-0.07238142292490124,,52.66622777478765
high_adx_and_rising_atr,COMPRESSION_X_TREND_BREAKOUT,trend strength plus ATR acceleration tests avoidance state,adx_48b+atr_slope_96b,realized_over_range_width_ge_1,1H,791,4206,0.8699476937708036,0.7989886219974716,-0.07095907177333205,0.9184329445535298,0.05025423775389426,0.0468378506894912,0.02412122108384085,"[{""n"": 1262, ""base_n"": 4206, ""base_rate"": 0.8699476937708036, ""conditioned_rate"": 0.8367670364500792, ""absolute_lift"": -0.033180657320724394, ""relative_lift"": 0.9618590203085633, ""feature"": ""adx_48b""}, {""n"": 2103, ""base_n"": 4206, ""base_rate"": 0.8699476937708036, ""conditioned_rate"": 0.8231098430813124, ""absolute_lift"": -0.0468378506894912, ""relative_lift"": 0.9461601530472806, ""feature"": ""atr_slope_96b""}]",False,usable,3,229,"-0.0822,-0.0688,-0.0658",True,6,0,6,UNIVERSAL,True,68,-0.13126361655773422,,52.465125319818654
high_adx_and_rising_atr,COMPRESSION_X_TREND_BREAKOUT,trend strength plus ATR acceleration tests avoidance state,adx_48b+atr_slope_96b,realized_over_range_width_ge_1,2H,791,4206,0.8609129814550642,0.7850821744627055,-0.07583080699235878,0.9119181512814524,0.04981081393674602,0.06348074179743224,0.01235006519492654,"[{""n"": 1262, ""base_n"": 4206, ""base_rate"": 0.8609129814550642, ""conditioned_rate"": 0.8375594294770206, ""absolute_lift"": -0.023353551978043674, ""relative_lift"": 0.9728735046617919, ""feature"": ""adx_48b""}, {""n"": 2103, ""base_n"": 4206, ""base_rate"": 0.8609129814550642, ""conditioned_rate"": 0.797432239657632, ""absolute_lift"": -0.06348074179743224, ""relative_lift"": 0.9262634631317316, ""feature"": ""atr_slope_96b""}]",False,usable,3,229,"-0.0612,-0.0842,-0.0810",True,6,0,6,UNIVERSAL,True,43,-0.11535412262156453,,52.07256716961686
rising_atr_and_high_efficiency,VOLATILITY_X_PATH_EFFICIENCY,volatility acceleration with efficient path tests trend onset,atr_slope_96b+price_efficiency_96b,range_held,2H,779,4206,0.043509272467902996,0.08600770218228498,0.04249842971438199,1.9767671878616975,0.09589192742821673,0.02639087018544936,0.016107559528932627,"[{""n"": 2103, ""base_n"": 4206, ""base_rate"": 0.043509272467902996, ""conditioned_rate"": 0.06990014265335236, ""absolute_lift"": 0.02639087018544936, ""relative_lift"": 1.6065573770491803, ""feature"": ""atr_slope_96b""}, {""n"": 1262, ""base_n"": 4206, ""base_rate"": 0.043509272467902996, ""conditioned_rate"": 0.06497622820919176, ""absolute_lift"": 0.021466955741288762, ""relative_lift"": 1.4933880647424074, ""feature"": ""price_efficiency_96b""}]",False,usable,3,235,"0.0296,0.0536,0.0460",True,6,6,0,UNIVERSAL,True,46,0.03384387351778656,,52.05977052229778
high_adx_and_rising_atr,COMPRESSION_X_TREND_BREAKOUT,trend strength plus ATR acceleration tests avoidance state,adx_48b+atr_slope_96b,range_held,2H,791,4206,0.043509272467902996,0.08343868520859671,0.03992941274069371,1.9177219124992226,0.09940315861392623,0.02639087018544936,0.013538542555244351,"[{""n"": 1262, ""base_n"": 4206, ""base_rate"": 0.043509272467902996, ""conditioned_rate"": 0.060221870047543584, ""absolute_lift"": 0.016712597579640588, ""relative_lift"": 1.3841157673222313, ""feature"": ""adx_48b""}, {""n"": 2103, ""base_n"": 4206, ""base_rate"": 0.043509272467902996, ""conditioned_rate"": 0.06990014265335236, ""absolute_lift"": 0.02639087018544936, ""relative_lift"": 1.6065573770491803, ""feature"": ""atr_slope_96b""}]",False,usable,3,229,"0.0555,0.0395,0.0277",True,6,6,0,UNIVERSAL,True,43,0.06619978858350953,,51.82686562241689
high_atr_pct_and_rising_atr_slope,VOL_LEVEL_X_VOL_SLOPE,high and accelerating volatility is a risk state,atr_pct_12b+atr_slope_96b,range_held,4H,953,4206,0.0432715168806467,0.11122770199370409,0.0679561851130574,2.5704599702501065,0.2046757914054137,0.05260803937925821,0.015348145733799189,"[{""n"": 1262, ""base_n"": 4206, ""base_rate"": 0.0432715168806467, ""conditioned_rate"": 0.09587955625990491, ""absolute_lift"": 0.05260803937925821, ""relative_lift"": 2.215766008951429, ""feature"": ""atr_pct_12b""}, {""n"": 2103, ""base_n"": 4206, ""base_rate"": 0.0432715168806467, ""conditioned_rate"": 0.07227769852591535, ""absolute_lift"": 0.029006181645268657, ""relative_lift"": 1.6703296703296702, ""feature"": ""atr_slope_96b""}]",False,usable,3,167,"0.0484,0.1474,0.0545",True,6,6,0,UNIVERSAL,False,19,0.025717703349282292,,51.75665718470392
rising_rv_and_high_volume,VOLATILITY_X_VOLUME,RV acceleration with volume tests volatility expansion,rv_slope_96b+volume_z_96b,range_held,24H,745,4206,0.0475511174512601,0.11543624161073826,0.06788512415947816,2.4276241610738256,0.17134423364952567,0.03661436043747028,0.03127076372200788,"[{""n"": 2103, ""base_n"": 4206, ""base_rate"": 0.0475511174512601, ""conditioned_rate"": 0.08416547788873038, ""absolute_lift"": 0.03661436043747028, ""relative_lift"": 1.77, ""feature"": ""rv_slope_96b""}, {""n"": 1262, ""base_n"": 4206, ""base_rate"": 0.0475511174512601, ""conditioned_rate"": 0.07131537242472266, ""absolute_lift"": 0.02376425497346256, ""relative_lift"": 1.4997622820919176, ""feature"": ""volume_z_96b""}]",False,usable,3,240,"0.0752,0.0688,0.0606",True,6,5,1,REGIME-SPECIFIC,False,3,0.0,,50.355414688860066
ema_spread_high_and_rising_atr,COMPRESSION_X_TREND_BREAKOUT,MA spread with accelerating ATR tests trend transition,ema_spread_atr_12_48b+atr_slope_96b,realized_over_range_width_ge_1,4H,837,4206,0.855206847360913,0.7431302270011948,-0.11207662035971822,0.8689479384951418,0.09361409092506845,0.07299096528768434,0.039085655072033876,"[{""n"": 1262, ""base_n"": 4206, ""base_rate"": 0.855206847360913, ""conditioned_rate"": 0.7892234548335975, ""absolute_lift"": -0.06598339252731555, ""relative_lift"": 0.9228451073200197, ""feature"": ""ema_spread_atr_12_48b""}, {""n"": 2103, ""base_n"": 4206, ""base_rate"": 0.855206847360913, ""conditioned_rate"": 0.7822158820732287, ""absolute_lift"": -0.07299096528768434, ""relative_lift"": 0.9146510981373366, ""feature"": ""atr_slope_96b""}]",False,usable,3,261,"-0.0949,-0.1081,-0.1314",True,6,0,6,UNIVERSAL,False,17,-0.006016042780748743,-3.24834493471704e-06,50.06387478496048
falling_atr_and_low_efficiency,VOLATILITY_X_PATH_EFFICIENCY,cooling volatility with inefficient path tests oscillation,atr_slope_96b+price_efficiency_96b,realized_over_range_width_ge_1,1H,728,4206,0.8699476937708036,0.9271978021978022,0.057250108426998625,1.0658086788860224,0.053308987930389296,0.0468378506894912,0.010412257737507424,"[{""n"": 2103, ""base_n"": 4206, ""base_rate"": 0.8699476937708036, ""conditioned_rate"": 0.9167855444602948, ""absolute_lift"": 0.0468378506894912, ""relative_lift"": 1.0538398469527193, ""feature"": ""atr_slope_96b""}, {""n"": 1262, ""base_n"": 4206, ""base_rate"": 0.8699476937708036, ""conditioned_rate"": 0.8961965134706814, ""absolute_lift"": 0.0262488196998778, ""relative_lift"": 1.0301728711827511, ""feature"": ""price_efficiency_96b""}]",False,usable,3,217,"0.0772,0.0408,0.0567",True,4,4,0,UNIVERSAL,True,55,0.09360269360269358,,49.96771266467157
rising_atr_and_high_volume,VOLATILITY_X_VOLUME,ATR acceleration with volume confirms expansion pressure,atr_slope_96b+volume_z_96b,range_held,24H,745,4206,0.0475511174512601,0.11409395973154363,0.06654284228028352,2.3993959731543626,0.1715788816774838,0.03899191631003329,0.02755092597025023,"[{""n"": 2103, ""base_n"": 4206, ""base_rate"": 0.0475511174512601, ""conditioned_rate"": 0.0865430337612934, ""absolute_lift"": 0.03899191631003329, ""relative_lift"": 1.82, ""feature"": ""atr_slope_96b""}, {""n"": 1262, ""base_n"": 4206, ""base_rate"": 0.0475511174512601, ""conditioned_rate"": 0.07131537242472266, ""absolute_lift"": 0.02376425497346256, ""relative_lift"": 1.4997622820919176, ""feature"": ""volume_z_96b""}]",False,usable,3,240,"0.0794,0.0658,0.0560",True,6,5,1,REGIME-SPECIFIC,False,3,0.0,,49.91552568545275
high_vwap_displacement_and_rising_atr,STRUCTURE_X_VOLATILITY,large VWAP displacement with rising ATR tests directional stress,rolling_vwap_z_96b+atr_slope_96b,range_held,1H,808,4206,0.04303376129339039,0.08044554455445545,0.037411783261065056,1.8693588972156885,0.07622868123949078,0.021942466915801366,0.01546931634526369,"[{""n"": 1262, ""base_n"": 4206, ""base_rate"": 0.04303376129339039, ""conditioned_rate"": 0.06497622820919176, ""absolute_lift"": 0.021942466915801366, ""relative_lift"": 1.5098895903196716, ""feature"": ""rolling_vwap_z_96b""}, {""n"": 2103, ""base_n"": 4206, ""base_rate"": 0.04303376129339039, ""conditioned_rate"": 0.061816452686638136, ""absolute_lift"": 0.018782691393247744, ""relative_lift"": 1.4364640883977902, ""feature"": ""atr_slope_96b""}]",False,usable,3,254,"0.0438,0.0331,0.0367",True,6,6,0,UNIVERSAL,True,69,0.06465997770345597,,49.825253798108164
ema_spread_high_and_rising_atr,COMPRESSION_X_TREND_BREAKOUT,MA spread with accelerating ATR tests trend transition,ema_spread_atr_12_48b+atr_slope_96b,realized_over_range_width_ge_1,8H,837,4206,0.8549690917736567,0.7467144563918757,-0.10825463538178093,0.873381814122422,0.10760270975036013,0.08036138849262953,0.027893246889151402,"[{""n"": 1262, ""base_n"": 4206, ""base_rate"": 0.8549690917736567, ""conditioned_rate"": 0.805863708399366, ""absolute_lift"": -0.0491053833742906, ""relative_lift"": 0.9425647267874676, ""feature"": ""ema_spread_atr_12_48b""}, {""n"": 2103, ""base_n"": 4206, ""base_rate"": 0.8549690917736567, ""conditioned_rate"": 0.7746077032810271, ""absolute_lift"": -0.08036138849262953, ""relative_lift"": 0.9060066740823137, ""feature"": ""atr_slope_96b""}]",False,usable,3,261,"-0.1446,-0.1070,-0.0769",True,6,0,6,UNIVERSAL,False,9,0.15909090909090906,-0.00030197689857736076,49.70944201754369
ema_spread_low_and_falling_atr,VOLATILITY_X_PATH_EFFICIENCY,flat MA spread with falling ATR tests stable range,ema_spread_atr_12_48b+atr_slope_96b,realized_over_range_width_ge_1,1H,768,4206,0.8699476937708036,0.9244791666666666,0.05453147289586302,1.0626836225744738,0.0556047970669602,0.0468378506894912,0.00769362220637182,"[{""n"": 1262, ""base_n"": 4206, ""base_rate"": 0.8699476937708036, ""conditioned_rate"": 0.893026941362916, ""absolute_lift"": 0.02307924759211244, ""relative_lift"": 1.0265294658027944, ""feature"": ""ema_spread_atr_12_48b""}, {""n"": 2103, ""base_n"": 4206, ""base_rate"": 0.8699476937708036, ""conditioned_rate"": 0.9167855444602948, ""absolute_lift"": 0.0468378506894912, ""relative_lift"": 1.0538398469527193, ""feature"": ""atr_slope_96b""}]",False,usable,3,244,"0.0782,0.0423,0.0416",True,4,4,0,UNIVERSAL,True,72,0.09259259259259256,,49.60765028937013
rising_atr_and_high_efficiency,VOLATILITY_X_PATH_EFFICIENCY,volatility acceleration with efficient path tests trend onset,atr_slope_96b+price_efficiency_96b,realized_over_range_width_ge_1,1H,779,4206,0.8699476937708036,0.8112965340179717,-0.05865115975283186,0.9325808204644955,0.04480075424449892,0.0468378506894912,0.01181330906334066,"[{""n"": 2103, ""base_n"": 4206, ""base_rate"": 0.8699476937708036, ""conditioned_rate"": 0.8231098430813124, ""absolute_lift"": -0.0468378506894912, ""relative_lift"": 0.9461601530472806, ""feature"": ""atr_slope_96b""}, {""n"": 1262, ""base_n"": 4206, ""base_rate"": 0.8699476937708036, ""conditioned_rate"": 0.8423137876386688, ""absolute_lift"": -0.02763390613213479, ""relative_lift"": 0.9682349797234876, ""feature"": ""price_efficiency_96b""}]",False,usable,3,235,"-0.0713,-0.0461,-0.0587",True,6,0,6,UNIVERSAL,True,66,-0.09427609427609429,,49.56726423496699
low_adx_and_falling_atr,VOLATILITY_X_PATH_EFFICIENCY,weak trend plus falling ATR tests range,adx_48b+atr_slope_96b,realized_over_range_width_ge_1,1H,796,4206,0.8699476937708036,0.9246231155778895,0.054675421807085844,1.062849091041433,0.052702934288896275,0.0468378506894912,0.007837571117594644,"[{""n"": 1262, ""base_n"": 4206, ""base_rate"": 0.8699476937708036, ""conditioned_rate"": 0.8922345483359746, ""absolute_lift"": 0.022286854565170988, ""relative_lift"": 1.0256186144578052, ""feature"": ""adx_48b""}, {""n"": 2103, ""base_n"": 4206, ""base_rate"": 0.8699476937708036, ""conditioned_rate"": 0.9167855444602948, ""absolute_lift"": 0.0468378506894912, ""relative_lift"": 1.0538398469527193, ""feature"": ""atr_slope_96b""}]",False,usable,3,254,"0.0696,0.0564,0.0385",True,4,4,0,UNIVERSAL,True,68,0.05991285403050106,,49.404291049369576
rising_rv_and_high_volume,VOLATILITY_X_VOLUME,RV acceleration with volume tests volatility expansion,rv_slope_96b+volume_z_96b,oscillatory_path,1H,745,4206,0.4419876367094627,0.4993288590604027,0.057341222350940024,1.129734901133972,0.02545946400621768,0.0286938212937069,0.028647401057233124,"[{""n"": 2103, ""base_n"": 4206, ""base_rate"": 0.4419876367094627, ""conditioned_rate"": 0.4522111269614836, ""absolute_lift"": 0.010223490252020906, ""relative_lift"": 1.0231307154384077, ""feature"": ""rv_slope_96b""}, {""n"": 1262, ""base_n"": 4206, ""base_rate"": 0.4419876367094627, ""conditioned_rate"": 0.4706814580031696, ""absolute_lift"": 0.0286938212937069, ""relative_lift"": 1.0649199636155628, ""feature"": ""volume_z_96b""}]",False,usable,3,240,"0.0968,0.0460,0.0311",True,6,6,0,UNIVERSAL,True,66,0.051800051800051816,,49.209495887188865
high_vwap_displacement_and_rising_atr,STRUCTURE_X_VOLATILITY,large VWAP displacement with rising ATR tests directional stress,rolling_vwap_z_96b+atr_slope_96b,realized_over_range_width_ge_1,8H,808,4206,0.8549690917736567,0.7487623762376238,-0.10620671553603289,0.8757771286027379,0.10173188789000531,0.08036138849262953,0.025845327043403366,"[{""n"": 1262, ""base_n"": 4206, ""base_rate"": 0.8549690917736567, ""conditioned_rate"": 0.8153724247226625, ""absolute_lift"": -0.03959666705099418, ""relative_lift"": 0.9536864344781754, ""feature"": ""rolling_vwap_z_96b""}, {""n"": 2103, ""base_n"": 4206, ""base_rate"": 0.8549690917736567, ""conditioned_rate"": 0.7746077032810271, ""absolute_lift"": -0.08036138849262953, ""relative_lift"": 0.9060066740823137, ""feature"": ""atr_slope_96b""}]",False,usable,3,254,"-0.1265,-0.0916,-0.1016",True,6,0,6,UNIVERSAL,False,8,0.15909090909090906,-0.0002609902490261218,48.846586959386194
low_rv_and_falling_rv_slope,VOL_LEVEL_X_VOL_SLOPE,quiet and decelerating realized variance tests stable range,rv_12b+rv_slope_96b,realized_over_range_width_ge_1,1H,874,4206,0.8699476937708036,0.9347826086956522,0.06483491492484861,1.0745273714604846,0.05322205195873242,0.056359754723649624,0.008475160201198984,"[{""n"": 1262, ""base_n"": 4206, ""base_rate"": 0.8699476937708036, ""conditioned_rate"": 0.9263074484944532, ""absolute_lift"": 0.056359754723649624, ""relative_lift"": 1.0647852222923395, ""feature"": ""rv_12b""}, {""n"": 2103, ""base_n"": 4206, ""base_rate"": 0.8699476937708036, ""conditioned_rate"": 0.9158345221112696, ""absolute_lift"": 0.04588682834046598, ""relative_lift"": 1.0527466520907351, ""feature"": ""rv_slope_96b""}]",False,usable,3,197,"0.0694,0.0580,0.0732",True,3,3,0,UNIVERSAL,True,63,0.1322751322751322,,48.71596676377634
donchian_edge_and_rising_rv,STRUCTURE_X_VOLATILITY,channel-edge position with rising variance tests breakout risk,donchian_pos_96b+rv_slope_96b,realized_over_range_width_ge_1,24H,677,4206,0.884450784593438,0.7828655834564254,-0.10158520113701253,0.8851431838757327,0.1096951192530643,0.08083689966714214,0.02074830146987039,"[{""n"": 1265, ""base_n"": 4206, ""base_rate"": 0.884450784593438, ""conditioned_rate"": 0.8632411067193676, ""absolute_lift"": -0.021209677874070354, ""relative_lift"": 0.9760193803391559, ""feature"": ""donchian_pos_96b""}, {""n"": 2103, ""base_n"": 4206, ""base_rate"": 0.884450784593438, ""conditioned_rate"": 0.8036138849262958, ""absolute_lift"": -0.08083689966714214, ""relative_lift"": 0.9086021505376345, ""feature"": ""rv_slope_96b""}]",False,usable,3,213,"-0.0939,-0.0990,-0.1116",True,5,0,5,UNIVERSAL,False,4,0.0,-8.049830158045335e-05,48.5934984736441
bb_compressed_and_falling_atr_slope,COMPRESSION_X_TREND_BREAKOUT,Bollinger compression with falling ATR tests range persistence,bollinger_bandwidth_20b+atr_slope_96b,realized_over_range_width_ge_1,1H,877,4206,0.8699476937708036,0.9327251995438997,0.06277750577309604,1.0721623911674343,0.05585511270948951,0.055567361696708284,0.007210144076387759,"[{""n"": 1262, ""base_n"": 4206, ""base_rate"": 0.8699476937708036, ""conditioned_rate"": 0.9255150554675119, ""absolute_lift"": 0.055567361696708284, ""relative_lift"": 1.0638743709473504, ""feature"": ""bollinger_bandwidth_20b""}, {""n"": 2103, ""base_n"": 4206, ""base_rate"": 0.8699476937708036, ""conditioned_rate"": 0.9167855444602948, ""absolute_lift"": 0.0468378506894912, ""relative_lift"": 1.0538398469527193, ""feature"": ""atr_slope_96b""}]",False,usable,3,191,"0.0882,0.0528,0.0585",True,3,3,0,UNIVERSAL,True,71,0.10589462702138752,,48.5785212356417
donchian_edge_and_rising_rv,STRUCTURE_X_VOLATILITY,channel-edge position with rising variance tests breakout risk,donchian_pos_96b+rv_slope_96b,realized_over_range_width_ge_1,12H,677,4206,0.8604374702805516,0.7533234859675036,-0.10711398431304797,0.87551218070719,0.09324509627166483,0.07964812173086067,0.027465862582187306,"[{""n"": 1265, ""base_n"": 4206, ""base_rate"": 0.8604374702805516, ""conditioned_rate"": 0.850592885375494, ""absolute_lift"": -0.009844584905057574, ""relative_lift"": 0.9885586283197921, ""feature"": ""donchian_pos_96b""}, {""n"": 2103, ""base_n"": 4206, ""base_rate"": 0.8604374702805516, ""conditioned_rate"": 0.780789348549691, ""absolute_lift"": -0.07964812173086067, ""relative_lift"": 0.9074329925393755, ""feature"": ""rv_slope_96b""}]",False,usable,3,213,"-0.1085,-0.0993,-0.1127",True,5,0,5,UNIVERSAL,False,6,-0.5333333333333334,0.00016097298905214108,48.57494402149478
ema_spread_high_and_rising_atr,COMPRESSION_X_TREND_BREAKOUT,MA spread with accelerating ATR tests trend transition,ema_spread_atr_12_48b+atr_slope_96b,range_held,24H,837,4206,0.0475511174512601,0.10513739545997611,0.057586278008716005,2.2110394265232975,0.17709311033449826,0.03899191631003329,0.018594361698682713,"[{""n"": 1262, ""base_n"": 4206, ""base_rate"": 0.0475511174512601, ""conditioned_rate"": 0.07448494453248812, ""absolute_lift"": 0.026933827081228018, ""relative_lift"": 1.5664183835182253, ""feature"": ""ema_spread_atr_12_48b""}, {""n"": 2103, ""base_n"": 4206, ""base_rate"": 0.0475511174512601, ""conditioned_rate"": 0.0865430337612934, ""absolute_lift"": 0.03899191631003329, ""relative_lift"": 1.82, ""feature"": ""atr_slope_96b""}]",False,usable,3,261,"0.0771,0.0472,0.0510",True,6,5,1,REGIME-SPECIFIC,False,2,0.0,,48.565351123700395
low_atr_pct_and_falling_atr_slope,VOL_LEVEL_X_VOL_SLOPE,low volatility plus falling ATR tests stable compression,atr_pct_12b+atr_slope_96b,realized_over_range_width_ge_1,1H,886,4206,0.8699476937708036,0.9322799097065463,0.062332215935742674,1.0716505329941879,0.050808329665201546,0.057944540777532416,0.004387675158210258,"[{""n"": 1262, ""base_n"": 4206, ""base_rate"": 0.8699476937708036, ""conditioned_rate"": 0.927892234548336, ""absolute_lift"": 0.057944540777532416, ""relative_lift"": 1.066606924982318, ""feature"": ""atr_pct_12b""}, {""n"": 2103, ""base_n"": 4206, ""base_rate"": 0.8699476937708036, ""conditioned_rate"": 0.9167855444602948, ""absolute_lift"": 0.0468378506894912, ""relative_lift"": 1.0538398469527193, ""feature"": ""atr_slope_96b""}]",False,usable,3,186,"0.0691,0.0609,0.0567",True,3,3,0,UNIVERSAL,True,71,0.11997913406364114,,47.89554629816207
ema_spread_high_and_rising_atr,COMPRESSION_X_TREND_BREAKOUT,MA spread with accelerating ATR tests trend transition,ema_spread_atr_12_48b+atr_slope_96b,range_held,12H,837,4206,0.05515929624346172,0.11827956989247312,0.0631202736490114,2.1443270300333706,0.1565509865852177,0.04136947218259629,0.021750801466415115,"[{""n"": 1262, ""base_n"": 4206, ""base_rate"": 0.05515929624346172, ""conditioned_rate"": 0.0832012678288431, ""absolute_lift"": 0.02804197158538138, ""relative_lift"": 1.508381605552216, ""feature"": ""ema_spread_atr_12_48b""}, {""n"": 2103, ""base_n"": 4206, ""base_rate"": 0.05515929624346172, ""conditioned_rate"": 0.09652876842605801, ""absolute_lift"": 0.04136947218259629, ""relative_lift"": 1.75, ""feature"": ""atr_slope_96b""}]",False,usable,3,261,"0.0786,0.0618,0.0511",True,6,6,0,UNIVERSAL,False,5,0.0,,47.838575882011995
high_adx_and_rising_atr,COMPRESSION_X_TREND_BREAKOUT,trend strength plus ATR acceleration tests avoidance state,adx_48b+atr_slope_96b,range_held,1H,791,4206,0.04303376129339039,0.07458912768647281,0.03155536639308242,1.7332700057972634,0.06207130846573561,0.018782691393247744,0.012772674999834678,"[{""n"": 1262, ""base_n"": 4206, ""base_rate"": 0.04303376129339039, ""conditioned_rate"": 0.05705229793977813, ""absolute_lift"": 0.01401853664638774, ""relative_lift"": 1.325756713451419, ""feature"": ""adx_48b""}, {""n"": 2103, ""base_n"": 4206, ""base_rate"": 0.04303376129339039, ""conditioned_rate"": 0.061816452686638136, ""absolute_lift"": 0.018782691393247744, ""relative_lift"": 1.4364640883977902, ""feature"": ""atr_slope_96b""}]",False,usable,3,229,"0.0454,0.0325,0.0204",True,6,6,0,UNIVERSAL,True,68,0.036953242835595784,,47.77416264441551
rising_atr_and_high_efficiency,VOLATILITY_X_PATH_EFFICIENCY,volatility acceleration with efficient path tests trend onset,atr_slope_96b+price_efficiency_96b,range_held,1H,779,4206,0.04303376129339039,0.07317073170731707,0.030136970413926677,1.7003099312761083,0.0653670086819258,0.018782691393247744,0.011354279020678933,"[{""n"": 2103, ""base_n"": 4206, ""base_rate"": 0.04303376129339039, ""conditioned_rate"": 0.061816452686638136, ""absolute_lift"": 0.018782691393247744, ""relative_lift"": 1.4364640883977902, ""feature"": ""atr_slope_96b""}, {""n"": 1262, ""base_n"": 4206, ""base_rate"": 0.04303376129339039, ""conditioned_rate"": 0.058637083993660855, ""absolute_lift"": 0.015603322700270462, ""relative_lift"": 1.3625832888250695, ""feature"": ""price_efficiency_96b""}]",False,usable,3,235,"0.0435,0.0189,0.0288",True,6,6,0,UNIVERSAL,True,66,0.06993006993006994,,47.754139465879575
low_adx_and_falling_atr,VOLATILITY_X_PATH_EFFICIENCY,weak trend plus falling ATR tests range,adx_48b+atr_slope_96b,range_held,1H,796,4206,0.04303376129339039,0.017587939698492462,-0.02544582159489793,0.4087009633804381,0.07430149960536703,0.018782691393247737,0.006663130201650193,"[{""n"": 1262, ""base_n"": 4206, ""base_rate"": 0.04303376129339039, ""conditioned_rate"": 0.03169572107765452, ""absolute_lift"": -0.011338040215735874, ""relative_lift"": 0.7365315074730105, ""feature"": ""adx_48b""}, {""n"": 2103, ""base_n"": 4206, ""base_rate"": 0.04303376129339039, ""conditioned_rate"": 0.024251069900142655, ""absolute_lift"": -0.018782691393247737, ""relative_lift"": 0.5635359116022101, ""feature"": ""atr_slope_96b""}]",False,usable,3,254,"-0.0349,-0.0260,-0.0155",True,4,0,4,UNIVERSAL,True,68,-0.0365761689291101,,47.530668975949126
low_atr_pct_and_falling_atr_slope,VOL_LEVEL_X_VOL_SLOPE,low volatility plus falling ATR tests stable compression,atr_pct_12b+atr_slope_96b,oscillatory_path,24H,886,4206,0.4455539705183072,0.5665914221218962,0.12103745160358897,1.271656094687671,0.06492290456568262,0.08059499937075781,0.04044245223283116,"[{""n"": 1262, ""base_n"": 4206, ""base_rate"": 0.4455539705183072, ""conditioned_rate"": 0.526148969889065, ""absolute_lift"": 0.08059499937075781, ""relative_lift"": 1.1808871757488832, ""feature"": ""atr_pct_12b""}, {""n"": 2103, ""base_n"": 4206, ""base_rate"": 0.4455539705183072, ""conditioned_rate"": 0.4845458868283405, ""absolute_lift"": 0.03899191631003329, ""relative_lift"": 1.087513340448239, ""feature"": ""atr_slope_96b""}]",False,usable,3,186,"0.1338,0.0764,0.1455",True,3,3,0,UNIVERSAL,False,2,0.6,0.0011728511058070323,47.422863178634586
ema_spread_low_and_falling_atr,VOLATILITY_X_PATH_EFFICIENCY,flat MA spread with falling ATR tests stable range,ema_spread_atr_12_48b+atr_slope_96b,range_held,1H,768,4206,0.04303376129339039,0.018229166666666668,-0.024804594626723724,0.4236015193370166,0.0737140111869874,0.018782691393247737,0.006021903233475987,"[{""n"": 1262, ""base_n"": 4206, ""base_rate"": 0.04303376129339039, ""conditioned_rate"": 0.0277337559429477, ""absolute_lift"": -0.01530000535044269, ""relative_lift"": 0.6444650690388842, ""feature"": ""ema_spread_atr_12_48b""}, {""n"": 2103, ""base_n"": 4206, ""base_rate"": 0.04303376129339039, ""conditioned_rate"": 0.024251069900142655, ""absolute_lift"": -0.018782691393247737, ""relative_lift"": 0.5635359116022101, ""feature"": ""atr_slope_96b""}]",False,usable,3,244,"-0.0397,-0.0244,-0.0096",True,4,0,4,UNIVERSAL,True,72,-0.03739316239316239,,47.35542450884392
high_vwap_displacement_and_rising_atr,STRUCTURE_X_VOLATILITY,large VWAP displacement with rising ATR tests directional stress,rolling_vwap_z_96b+atr_slope_96b,realized_over_range_width_ge_1,4H,808,4206,0.855206847360913,0.7512376237623762,-0.10396922359853678,0.8784279804127202,0.07909734119794226,0.07299096528768434,0.030978258310852436,"[{""n"": 1262, ""base_n"": 4206, ""base_rate"": 0.855206847360913, ""conditioned_rate"": 0.8066561014263075, ""absolute_lift"": -0.04855074593460551, ""relative_lift"": 0.9432292361965664, ""feature"": ""rolling_vwap_z_96b""}, {""n"": 2103, ""base_n"": 4206, ""base_rate"": 0.855206847360913, ""conditioned_rate"": 0.7822158820732287, ""absolute_lift"": -0.07299096528768434, ""relative_lift"": 0.9146510981373366, ""feature"": ""atr_slope_96b""}]",False,usable,3,254,"-0.0495,-0.1154,-0.1415",True,6,1,5,REGIME-SPECIFIC,False,13,0.01660839160839156,-6.72728752746099e-05,47.255445642418145
high_vwap_displacement_and_rising_atr,STRUCTURE_X_VOLATILITY,large VWAP displacement with rising ATR tests directional stress,rolling_vwap_z_96b+atr_slope_96b,range_held,24H,808,4206,0.0475511174512601,0.10148514851485149,0.05393403106359139,2.134232673267327,0.16784947578632048,0.03899191631003329,0.014942114753558097,"[{""n"": 1262, ""base_n"": 4206, ""base_rate"": 0.0475511174512601, ""conditioned_rate"": 0.06814580031695722, ""absolute_lift"": 0.020594682865697114, ""relative_lift"": 1.4331061806656102, ""feature"": ""rolling_vwap_z_96b""}, {""n"": 2103, ""base_n"": 4206, ""base_rate"": 0.0475511174512601, ""conditioned_rate"": 0.0865430337612934, ""absolute_lift"": 0.03899191631003329, ""relative_lift"": 1.82, ""feature"": ""atr_slope_96b""}]",False,usable,3,254,"0.0803,0.0326,0.0515",True,6,5,1,REGIME-SPECIFIC,False,1,0.0,,47.09541097082125
high_vwap_displacement_and_rising_atr,STRUCTURE_X_VOLATILITY,large VWAP displacement with rising ATR tests directional stress,rolling_vwap_z_96b+atr_slope_96b,range_held,12H,808,4206,0.05515929624346172,0.11757425742574257,0.06241496118228085,2.1315402014339364,0.14786630338580076,0.04136947218259629,0.02104548899968456,"[{""n"": 1262, ""base_n"": 4206, ""base_rate"": 0.05515929624346172, ""conditioned_rate"": 0.07923930269413629, ""absolute_lift"": 0.024080006450674568, ""relative_lift"": 1.4365539100497295, ""feature"": ""rolling_vwap_z_96b""}, {""n"": 2103, ""base_n"": 4206, ""base_rate"": 0.05515929624346172, ""conditioned_rate"": 0.09652876842605801, ""absolute_lift"": 0.04136947218259629, ""relative_lift"": 1.75, ""feature"": ""atr_slope_96b""}]",False,usable,3,254,"0.0703,0.0542,0.0631",True,6,6,0,UNIVERSAL,False,2,0.0,,47.00273873271253
rising_atr_and_high_volume,VOLATILITY_X_VOLUME,ATR acceleration with volume confirms expansion pressure,atr_slope_96b+volume_z_96b,realized_over_range_width_ge_1,12H,745,4206,0.8604374702805516,0.7597315436241611,-0.10070592665639055,0.8829596221285497,0.09610149537294416,0.08678078934854971,0.01392513730784084,"[{""n"": 2103, ""base_n"": 4206, ""base_rate"": 0.8604374702805516, ""conditioned_rate"": 0.7736566809320019, ""absolute_lift"": -0.08678078934854971, ""relative_lift"": 0.8991434097817076, ""feature"": ""atr_slope_96b""}, {""n"": 1262, ""base_n"": 4206, ""base_rate"": 0.8604374702805516, ""conditioned_rate"": 0.8423137876386688, ""absolute_lift"": -0.0181236826418828, ""relative_lift"": 0.9789366650478698, ""feature"": ""volume_z_96b""}]",False,usable,3,240,"-0.1196,-0.1008,-0.0830",True,6,2,4,REGIME-SPECIFIC,False,6,-0.20000000000000007,-5.954975542638019e-05,46.863021911059114
high_vwap_displacement_and_rising_atr,STRUCTURE_X_VOLATILITY,large VWAP displacement with rising ATR tests directional stress,rolling_vwap_z_96b+atr_slope_96b,oscillatory_path,2H,808,4206,0.43319067998097954,0.4777227722772277,0.04453209229624816,1.1028002086707025,0.01694796631771267,0.02005813142948004,0.02447396086676812,"[{""n"": 1262, ""base_n"": 4206, ""base_rate"": 0.43319067998097954, ""conditioned_rate"": 0.4532488114104596, ""absolute_lift"": 0.02005813142948004, ""relative_lift"": 1.0463032386346833, ""feature"": ""rolling_vwap_z_96b""}, {""n"": 2103, ""base_n"": 4206, ""base_rate"": 0.43319067998097954, ""conditioned_rate"": 0.43128863528292916, ""absolute_lift"": -0.001902044698050387, ""relative_lift"": 0.995609220636663, ""feature"": ""atr_slope_96b""}]",False,usable,3,254,"0.0248,0.0454,0.0601",True,6,5,1,REGIME-SPECIFIC,True,52,0.08173076923076927,,46.657605250308244
keltner_compressed_and_falling_atr_slope,COMPRESSION_X_TREND_BREAKOUT,channel compression with falling ATR tests quiet containment,keltner_width_20b+atr_slope_96b,oscillatory_path,24H,899,4206,0.4455539705183072,0.5628476084538376,0.11729363793553044,1.2632534904785704,0.06521305359427831,0.07742542726299234,0.039868210672538096,"[{""n"": 1262, ""base_n"": 4206, ""base_rate"": 0.4455539705183072, ""conditioned_rate"": 0.5229793977812995, ""absolute_lift"": 0.07742542726299234, ""relative_lift"": 1.1737733975817213, ""feature"": ""keltner_width_20b""}, {""n"": 2103, ""base_n"": 4206, ""base_rate"": 0.4455539705183072, ""conditioned_rate"": 0.4845458868283405, ""absolute_lift"": 0.03899191631003329, ""relative_lift"": 1.087513340448239, ""feature"": ""atr_slope_96b""}]",False,usable,3,179,"0.1313,0.0711,0.1454",True,3,3,0,UNIVERSAL,False,2,0.09999999999999998,,46.48173769360896
high_adx_and_rising_atr,COMPRESSION_X_TREND_BREAKOUT,trend strength plus ATR acceleration tests avoidance state,adx_48b+atr_slope_96b,realized_over_range_width_ge_1,12H,791,4206,0.8604374702805516,0.7597977243994943,-0.10063974588105729,0.8830365373927254,0.09123413105072464,0.08678078934854971,0.013858956532507571,"[{""n"": 1262, ""base_n"": 4206, ""base_rate"": 0.8604374702805516, ""conditioned_rate"": 0.8343898573692552, ""absolute_lift"": -0.026047612911296425, ""relative_lift"": 0.9697274772299219, ""feature"": ""adx_48b""}, {""n"": 2103, ""base_n"": 4206, ""base_rate"": 0.8604374702805516, ""conditioned_rate"": 0.7736566809320019, ""absolute_lift"": -0.08678078934854971, ""relative_lift"": 0.8991434097817076, ""feature"": ""atr_slope_96b""}]",False,usable,3,229,"-0.0397,-0.1198,-0.1285",True,6,0,6,UNIVERSAL,False,3,-0.20000000000000007,-0.00019401260435272794,46.40661147064436
keltner_compressed_and_falling_atr_slope,COMPRESSION_X_TREND_BREAKOUT,channel compression with falling ATR tests quiet containment,keltner_width_20b+atr_slope_96b,realized_over_range_width_ge_1,1H,899,4206,0.8699476937708036,0.9243604004449388,0.054412706674135225,1.0625471014680001,0.04653447735742622,0.05319018261588415,0.0012225240582510732,"[{""n"": 1262, ""base_n"": 4206, ""base_rate"": 0.8699476937708036, ""conditioned_rate"": 0.9231378763866878, ""absolute_lift"": 0.05319018261588415, ""relative_lift"": 1.0611418169123827, ""feature"": ""keltner_width_20b""}, {""n"": 2103, ""base_n"": 4206, ""base_rate"": 0.8699476937708036, ""conditioned_rate"": 0.9167855444602948, ""absolute_lift"": 0.0468378506894912, ""relative_lift"": 1.0538398469527193, ""feature"": ""atr_slope_96b""}]",False,usable,3,179,"0.0628,0.0525,0.0486",True,3,3,0,UNIVERSAL,True,68,0.10403050108932466,,46.350084914150415
rising_rv_and_high_volume,VOLATILITY_X_VOLUME,RV acceleration with volume tests volatility expansion,rv_slope_96b+volume_z_96b,realized_over_range_width_ge_1,12H,745,4206,0.8604374702805516,0.763758389261745,-0.09667908101880662,0.8876396201256975,0.09178300404876216,0.07964812173086067,0.017030959287945957,"[{""n"": 2103, ""base_n"": 4206, ""base_rate"": 0.8604374702805516, ""conditioned_rate"": 0.780789348549691, ""absolute_lift"": -0.07964812173086067, ""relative_lift"": 0.9074329925393755, ""feature"": ""rv_slope_96b""}, {""n"": 1262, ""base_n"": 4206, ""base_rate"": 0.8604374702805516, ""conditioned_rate"": 0.8423137876386688, ""absolute_lift"": -0.0181236826418828, ""relative_lift"": 0.9789366650478698, ""feature"": ""volume_z_96b""}]",False,usable,3,240,"-0.1029,-0.0907,-0.0964",True,6,1,5,REGIME-SPECIFIC,False,6,-0.20000000000000007,5.93089885410486e-05,46.330330384609866
high_adx_and_rising_atr,COMPRESSION_X_TREND_BREAKOUT,trend strength plus ATR acceleration tests avoidance state,adx_48b+atr_slope_96b,realized_over_range_width_ge_1,4H,791,4206,0.855206847360913,0.7560050568900126,-0.09920179047090039,0.8840025769472875,0.07734209268533848,0.07299096528768434,0.026210825183216047,"[{""n"": 1262, ""base_n"": 4206, ""base_rate"": 0.855206847360913, ""conditioned_rate"": 0.8153724247226625, ""absolute_lift"": -0.039834422638250544, ""relative_lift"": 0.9534213006348397, ""feature"": ""adx_48b""}, {""n"": 2103, ""base_n"": 4206, ""base_rate"": 0.855206847360913, ""conditioned_rate"": 0.7822158820732287, ""absolute_lift"": -0.07299096528768434, ""relative_lift"": 0.9146510981373366, ""feature"": ""atr_slope_96b""}]",False,usable,3,229,"-0.0662,-0.1017,-0.1236",True,6,1,5,REGIME-SPECIFIC,False,14,-0.04383116883116889,,46.18844828599241
falling_atr_and_low_efficiency,VOLATILITY_X_PATH_EFFICIENCY,cooling volatility with inefficient path tests oscillation,atr_slope_96b+price_efficiency_96b,range_held,1H,728,4206,0.04303376129339039,0.020604395604395604,-0.022429365688994788,0.4787960658126404,0.06292097045399953,0.018782691393247737,0.003646674295747051,"[{""n"": 2103, ""base_n"": 4206, ""base_rate"": 0.04303376129339039, ""conditioned_rate"": 0.024251069900142655, ""absolute_lift"": -0.018782691393247737, ""relative_lift"": 0.5635359116022101, ""feature"": ""atr_slope_96b""}, {""n"": 1262, ""base_n"": 4206, ""base_rate"": 0.04303376129339039, ""conditioned_rate"": 0.03328050713153724, ""absolute_lift"": -0.009753254161853152, ""relative_lift"": 0.773358082846661, ""feature"": ""price_efficiency_96b""}]",False,usable,3,217,"-0.0338,-0.0230,-0.0105",True,4,0,4,UNIVERSAL,True,55,-0.05128205128205128,,46.0169354626591
high_adx_and_rising_atr,COMPRESSION_X_TREND_BREAKOUT,trend strength plus ATR acceleration tests avoidance state,adx_48b+atr_slope_96b,realized_over_range_width_ge_1,8H,791,4206,0.8549690917736567,0.7585335018963337,-0.09643558987732292,0.8872057588920967,0.08909352832837941,0.08036138849262953,0.0160742013846934,"[{""n"": 1262, ""base_n"": 4206, ""base_rate"": 0.8549690917736567, ""conditioned_rate"": 0.8335974643423137, ""absolute_lift"": -0.02137162743134291, ""relative_lift"": 0.9750030408853648, ""feature"": ""adx_48b""}, {""n"": 2103, ""base_n"": 4206, ""base_rate"": 0.8549690917736567, ""conditioned_rate"": 0.7746077032810271, ""absolute_lift"": -0.08036138849262953, ""relative_lift"": 0.9060066740823137, ""feature"": ""atr_slope_96b""}]",False,usable,3,229,"-0.0806,-0.0994,-0.1041",True,6,0,6,UNIVERSAL,False,8,0.03409090909090906,-4.3212926394975426e-05,45.968403991766586
high_vwap_displacement_and_rising_atr,STRUCTURE_X_VOLATILITY,large VWAP displacement with rising ATR tests directional stress,rolling_vwap_z_96b+atr_slope_96b,range_held,4H,808,4206,0.0432715168806467,0.10272277227722772,0.05945125539658102,2.3739119791099985,0.12926698053437613,0.031213427651841423,0.028237827744739596,"[{""n"": 1262, ""base_n"": 4206, ""base_rate"": 0.0432715168806467, ""conditioned_rate"": 0.07448494453248812, ""absolute_lift"": 0.031213427651841423, ""relative_lift"": 1.7213388829870606, ""feature"": ""rolling_vwap_z_96b""}, {""n"": 2103, ""base_n"": 4206, ""base_rate"": 0.0432715168806467, ""conditioned_rate"": 0.07227769852591535, ""absolute_lift"": 0.029006181645268657, ""relative_lift"": 1.6703296703296702, ""feature"": ""atr_slope_96b""}]",False,usable,3,254,"0.0345,0.0747,0.0674",True,6,6,0,UNIVERSAL,False,13,-0.07954545454545454,,45.73453530991898
rising_rv_and_high_volume,VOLATILITY_X_VOLUME,RV acceleration with volume tests volatility expansion,rv_slope_96b+volume_z_96b,range_held,2H,745,4206,0.043509272467902996,0.0697986577181208,0.026289385250217803,1.6042248872263174,0.055126329615639014,0.02639087018544936,-0.00010148493523155777,"[{""n"": 2103, ""base_n"": 4206, ""base_rate"": 0.043509272467902996, ""conditioned_rate"": 0.06990014265335236, ""absolute_lift"": 0.02639087018544936, ""relative_lift"": 1.6065573770491803, ""feature"": ""rv_slope_96b""}, {""n"": 1262, ""base_n"": 4206, ""base_rate"": 0.043509272467902996, ""conditioned_rate"": 0.04833597464342314, ""absolute_lift"": 0.004826702175520142, ""relative_lift"": 1.1109350237717908, ""feature"": ""volume_z_96b""}]",False,usable,3,240,"0.0259,0.0399,0.0137",True,6,6,0,UNIVERSAL,True,51,0.07987967914438504,,45.55671380445873
bb_compressed_and_low_efficiency,VOLATILITY_X_PATH_EFFICIENCY,compression plus low efficiency tests stable range harvesting,bollinger_bandwidth_20b+price_efficiency_96b,realized_over_range_width_ge_1,1H,424,4206,0.8699476937708036,0.9268867924528302,0.05693909868202662,1.0654511749266478,0.030739110645010004,0.055567361696708284,0.0013717369853183392,"[{""n"": 1262, ""base_n"": 4206, ""base_rate"": 0.8699476937708036, ""conditioned_rate"": 0.9255150554675119, ""absolute_lift"": 0.055567361696708284, ""relative_lift"": 1.0638743709473504, ""feature"": ""bollinger_bandwidth_20b""}, {""n"": 1262, ""base_n"": 4206, ""base_rate"": 0.8699476937708036, ""conditioned_rate"": 0.8961965134706814, ""absolute_lift"": 0.0262488196998778, ""relative_lift"": 1.0301728711827511, ""feature"": ""price_efficiency_96b""}]",False,usable,3,94,"0.0873,0.0475,0.0476",True,3,3,0,UNIVERSAL,True,32,0.14814814814814814,,45.40155965226946
ema_spread_high_and_rising_atr,COMPRESSION_X_TREND_BREAKOUT,MA spread with accelerating ATR tests trend transition,ema_spread_atr_12_48b+atr_slope_96b,range_held,4H,837,4206,0.0432715168806467,0.1003584229390681,0.057086906058421406,2.3192721257237388,0.13162645009066476,0.03200582067878278,0.02508108537963863,"[{""n"": 1262, ""base_n"": 4206, ""base_rate"": 0.0432715168806467, ""conditioned_rate"": 0.07527733755942947, ""absolute_lift"": 0.03200582067878278, ""relative_lift"": 1.7396509987635185, ""feature"": ""ema_spread_atr_12_48b""}, {""n"": 2103, ""base_n"": 4206, ""base_rate"": 0.0432715168806467, ""conditioned_rate"": 0.07227769852591535, ""absolute_lift"": 0.029006181645268657, ""relative_lift"": 1.6703296703296702, ""feature"": ""atr_slope_96b""}]",False,usable,3,261,"0.0388,0.0669,0.0657",True,6,5,1,REGIME-SPECIFIC,False,17,-0.07954545454545454,,45.38703156463484
rising_atr_and_high_volume,VOLATILITY_X_VOLUME,ATR acceleration with volume confirms expansion pressure,atr_slope_96b+volume_z_96b,range_held,2H,745,4206,0.043509272467902996,0.0697986577181208,0.026289385250217803,1.6042248872263174,0.0527981863845729,0.02639087018544936,-0.00010148493523155777,"[{""n"": 2103, ""base_n"": 4206, ""base_rate"": 0.043509272467902996, ""conditioned_rate"": 0.06990014265335236, ""absolute_lift"": 0.02639087018544936, ""relative_lift"": 1.6065573770491803, ""feature"": ""atr_slope_96b""}, {""n"": 1262, ""base_n"": 4206, ""base_rate"": 0.043509272467902996, ""conditioned_rate"": 0.04833597464342314, ""absolute_lift"": 0.004826702175520142, ""relative_lift"": 1.1109350237717908, ""feature"": ""volume_z_96b""}]",False,usable,3,240,"0.0217,0.0446,0.0133",True,6,6,0,UNIVERSAL,True,53,0.07322041166380788,,45.37046234597344
donchian_center_and_falling_rv,STRUCTURE_X_VOLATILITY,channel-center position with falling variance tests range persistence,donchian_pos_96b+rv_slope_96b,realized_over_range_width_ge_1,1H,817,4206,0.8699476937708036,0.9082007343941249,0.038253040623321244,1.043971655879117,0.0421297214601446,0.04588682834046598,-0.0076337877171447355,"[{""n"": 1441, ""base_n"": 4206, ""base_rate"": 0.8699476937708036, ""conditioned_rate"": 0.8743927827897293, ""absolute_lift"": 0.0044450890189257075, ""relative_lift"": 1.005109604923094, ""feature"": ""donchian_pos_96b""}, {""n"": 2103, ""base_n"": 4206, ""base_rate"": 0.8699476937708036, ""conditioned_rate"": 0.9158345221112696, ""absolute_lift"": 0.04588682834046598, ""relative_lift"": 1.0527466520907351, ""feature"": ""rv_slope_96b""}]",False,usable,3,263,"0.0473,0.0219,0.0449",True,4,4,0,UNIVERSAL,True,56,0.11243386243386244,,45.35003957423854
rising_atr_and_high_efficiency,VOLATILITY_X_PATH_EFFICIENCY,volatility acceleration with efficient path tests trend onset,atr_slope_96b+price_efficiency_96b,realized_over_range_width_ge_1,4H,779,4206,0.855206847360913,0.7586649550706034,-0.09654189229030963,0.887112816521256,0.0731441043051293,0.07299096528768434,0.023550927002625288,"[{""n"": 2103, ""base_n"": 4206, ""base_rate"": 0.855206847360913, ""conditioned_rate"": 0.7822158820732287, ""absolute_lift"": -0.07299096528768434, ""relative_lift"": 0.9146510981373366, ""feature"": ""atr_slope_96b""}, {""n"": 1262, ""base_n"": 4206, ""base_rate"": 0.855206847360913, ""conditioned_rate"": 0.8201267828843106, ""absolute_lift"": -0.03508006447660239, ""relative_lift"": 0.9589806085102615, ""feature"": ""price_efficiency_96b""}]",False,usable,3,235,"-0.0331,-0.1063,-0.1444",True,6,2,4,REGIME-SPECIFIC,False,13,0.01660839160839156,,45.320629579457524
low_rv_and_falling_rv_slope,VOL_LEVEL_X_VOL_SLOPE,quiet and decelerating realized variance tests stable range,rv_12b+rv_slope_96b,range_held,1H,874,4206,0.04303376129339039,0.013729977116704805,-0.02930378417668559,0.31905129145226746,0.06318177138739234,0.022431542592914955,0.006872241583770634,"[{""n"": 1262, ""base_n"": 4206, ""base_rate"": 0.04303376129339039, ""conditioned_rate"": 0.020602218700475437, ""absolute_lift"": -0.022431542592914955, ""relative_lift"": 0.47874547985745686, ""feature"": ""rv_12b""}, {""n"": 2103, ""base_n"": 4206, ""base_rate"": 0.04303376129339039, ""conditioned_rate"": 0.024251069900142655, ""absolute_lift"": -0.018782691393247737, ""relative_lift"": 0.5635359116022101, ""feature"": ""rv_slope_96b""}]",False,usable,3,197,"-0.0253,-0.0364,-0.0191",True,3,0,3,UNIVERSAL,True,63,-0.05128205128205128,,45.12077513889531
donchian_center_and_falling_rv,STRUCTURE_X_VOLATILITY,channel-center position with falling variance tests range persistence,donchian_pos_96b+rv_slope_96b,range_held,1H,817,4206,0.04303376129339039,0.02447980416156671,-0.018553957131823683,0.5688511397986165,0.06123674547887853,0.018782691393247737,-0.00022873426142405381,"[{""n"": 1441, ""base_n"": 4206, ""base_rate"": 0.04303376129339039, ""conditioned_rate"": 0.040249826509368494, ""absolute_lift"": -0.002783934784021898, ""relative_lift"": 0.9353081231956016, ""feature"": ""donchian_pos_96b""}, {""n"": 2103, ""base_n"": 4206, ""base_rate"": 0.04303376129339039, ""conditioned_rate"": 0.024251069900142655, ""absolute_lift"": -0.018782691393247737, ""relative_lift"": 0.5635359116022101, ""feature"": ""rv_slope_96b""}]",False,usable,3,263,"-0.0327,-0.0069,-0.0153",True,4,0,4,UNIVERSAL,True,56,-0.05128205128205128,,45.1071157532152
high_adx_and_rising_atr,COMPRESSION_X_TREND_BREAKOUT,trend strength plus ATR acceleration tests avoidance state,adx_48b+atr_slope_96b,realized_over_range_width_ge_1,24H,791,4206,0.884450784593438,0.7989886219974716,-0.0854621625959664,0.9033726193874638,0.10532988185317932,0.08178792201616736,0.0036742405797990374,"[{""n"": 1262, ""base_n"": 4206, ""base_rate"": 0.884450784593438, ""conditioned_rate"": 0.8645007923930269, ""absolute_lift"": -0.01994999220041105, ""relative_lift"": 0.9774436378508256, ""feature"": ""adx_48b""}, {""n"": 2103, ""base_n"": 4206, ""base_rate"": 0.884450784593438, ""conditioned_rate"": 0.8026628625772706, ""absolute_lift"": -0.08178792201616736, ""relative_lift"": 0.9075268817204302, ""feature"": ""atr_slope_96b""}]",False,usable,3,229,"-0.0576,-0.0834,-0.1094",True,6,0,6,UNIVERSAL,False,2,0.0,-0.00011908630737074433,44.92815478320594
low_atr_and_mid_donchian,STRUCTURE_X_VOLATILITY,quiet price centered in channel tests containment,atr_pct_12b+donchian_pos_96b,trend_efficiency_high,1H,503,4206,0.15953399904897764,0.11928429423459244,-0.040249704814385195,0.747704532862438,0.02633385118371323,0.016903254199532314,0.02334645061485288,"[{""n"": 1262, ""base_n"": 4206, ""base_rate"": 0.15953399904897764, ""conditioned_rate"": 0.14263074484944532, ""absolute_lift"": -0.016903254199532314, ""relative_lift"": 0.8940460698014413, ""feature"": ""atr_pct_12b""}, {""n"": 1441, ""base_n"": 4206, ""base_rate"": 0.15953399904897764, ""conditioned_rate"": 0.14712005551700208, ""absolute_lift"": -0.012413943531975558, ""relative_lift"": 0.922186219827885, ""feature"": ""donchian_pos_96b""}]",False,usable,3,111,"-0.0524,-0.0259,-0.0564",True,3,0,3,UNIVERSAL,True,37,-0.057134057134057115,,44.80438872161152
high_adx_and_rising_atr,COMPRESSION_X_TREND_BREAKOUT,trend strength plus ATR acceleration tests avoidance state,adx_48b+atr_slope_96b,range_held,12H,791,4206,0.05515929624346172,0.11504424778761062,0.0598849515441489,2.0856728715288373,0.12655319924335773,0.04136947218259629,0.01851547936155261,"[{""n"": 1262, ""base_n"": 4206, ""base_rate"": 0.05515929624346172, ""conditioned_rate"": 0.07527733755942947, ""absolute_lift"": 0.020118041315967755, ""relative_lift"": 1.364726214547243, ""feature"": ""adx_48b""}, {""n"": 2103, ""base_n"": 4206, ""base_rate"": 0.05515929624346172, ""conditioned_rate"": 0.09652876842605801, ""absolute_lift"": 0.04136947218259629, ""relative_lift"": 1.75, ""feature"": ""atr_slope_96b""}]",False,usable,3,229,"0.0133,0.0759,0.0803",True,6,6,0,UNIVERSAL,False,3,0.0,,44.7916884736907
high_adx_and_rising_atr,COMPRESSION_X_TREND_BREAKOUT,trend strength plus ATR acceleration tests avoidance state,adx_48b+atr_slope_96b,range_held,8H,791,4206,0.05254398478364242,0.1125158027812895,0.05997181799764709,2.141364101801374,0.12296962023879143,0.038278649548264376,0.02169316844938271,"[{""n"": 1262, ""base_n"": 4206, ""base_rate"": 0.05254398478364242, ""conditioned_rate"": 0.07369255150554675, ""absolute_lift"": 0.021148566721904336, ""relative_lift"": 1.402492631820496, ""feature"": ""adx_48b""}, {""n"": 2103, ""base_n"": 4206, ""base_rate"": 0.05254398478364242, ""conditioned_rate"": 0.09082263433190679, ""absolute_lift"": 0.038278649548264376, ""relative_lift"": 1.7285067873303166, ""feature"": ""atr_slope_96b""}]",False,usable,3,229,"0.0454,0.0500,0.0817",True,6,6,0,UNIVERSAL,False,8,-0.09090909090909091,,44.769641254771585
low_atr_and_donchian_edge,STRUCTURE_X_VOLATILITY,quiet price at channel edge tests pre-breakout,atr_pct_12b+donchian_pos_96b,oscillatory_path,24H,304,4206,0.4455539705183072,0.5657894736842105,0.12023550316590331,1.2698562040105599,0.038585473144281845,0.08059499937075781,0.0396405037951455,"[{""n"": 1262, ""base_n"": 4206, ""base_rate"": 0.4455539705183072, ""conditioned_rate"": 0.526148969889065, ""absolute_lift"": 0.08059499937075781, ""relative_lift"": 1.1808871757488832, ""feature"": ""atr_pct_12b""}, {""n"": 1265, ""base_n"": 4206, ""base_rate"": 0.4455539705183072, ""conditioned_rate"": 0.466403162055336, ""absolute_lift"": 0.0208491915370288, ""relative_lift"": 1.046793863182894, ""feature"": ""donchian_pos_96b""}]",False,usable,3,41,"0.0373,0.0867,0.2098",True,3,3,0,UNIVERSAL,False,2,0.09999999999999998,,44.68633853506259
rising_atr_and_high_volume,VOLATILITY_X_VOLUME,ATR acceleration with volume confirms expansion pressure,atr_slope_96b+volume_z_96b,oscillatory_path,1H,745,4206,0.4419876367094627,0.4791946308724832,0.037206994163020535,1.084181074475344,0.01769910794524865,0.0286938212937069,0.008513172869313634,"[{""n"": 2103, ""base_n"": 4206, ""base_rate"": 0.4419876367094627, ""conditioned_rate"": 0.4503090822634332, ""absolute_lift"": 0.008321445553970519, ""relative_lift"": 1.0188273265196341, ""feature"": ""atr_slope_96b""}, {""n"": 1262, ""base_n"": 4206, ""base_rate"": 0.4419876367094627, ""conditioned_rate"": 0.4706814580031696, ""absolute_lift"": 0.0286938212937069, ""relative_lift"": 1.0649199636155628, ""feature"": ""volume_z_96b""}]",False,usable,3,240,"0.0760,0.0379,0.0003",True,6,5,1,REGIME-SPECIFIC,True,65,0.043874643874643904,,44.56182176472745
