target,horizon,strategy_relevance,n,eligibility_count,positive_count,base_rate,saturation_flag
mean_reversion,12H,GENERIC_PROBABILITY,4206,4206,2790,0.6633380884450785,USABLE
mean_reversion,1H,GENERIC_PROBABILITY,4206,4206,1240,0.29481692819781263,USABLE
mean_reversion,24H,GENERIC_PROBABILITY,4206,4206,3036,0.7218259629101283,USABLE
mean_reversion,2H,GENERIC_PROBABILITY,4206,4206,1698,0.4037089871611983,USABLE
mean_reversion,4H,GENERIC_PROBABILITY,4206,4206,2163,0.514265335235378,USABLE
mean_reversion,8H,GENERIC_PROBABILITY,4206,4206,2566,0.6100808368996672,USABLE
upside_breakout,12H,GENERIC_PROBABILITY,4206,4206,2749,0.6535901093675701,USABLE
upside_breakout,1H,GENERIC_PROBABILITY,4206,4206,2683,0.6378982406086543,USABLE
upside_breakout,24H,GENERIC_PROBABILITY,4206,4206,2868,0.68188302425107,USABLE
upside_breakout,2H,GENERIC_PROBABILITY,4206,4206,2639,0.6274369947693771,USABLE
upside_breakout,4H,GENERIC_PROBABILITY,4206,4206,2620,0.6229196386115073,USABLE
upside_breakout,8H,GENERIC_PROBABILITY,4206,4206,2671,0.6350451735615787,USABLE
downside_breakdown,12H,GENERIC_PROBABILITY,4206,4206,2720,0.6466951973371374,USABLE
downside_breakdown,1H,GENERIC_PROBABILITY,4206,4206,2756,0.6552543984783642,USABLE
downside_breakdown,24H,GENERIC_PROBABILITY,4206,4206,2744,0.6524013314312886,USABLE
downside_breakdown,2H,GENERIC_PROBABILITY,4206,4206,2656,0.6314788397527342,USABLE
downside_breakdown,4H,GENERIC_PROBABILITY,4206,4206,2672,0.635282929148835,USABLE
downside_breakdown,8H,GENERIC_PROBABILITY,4206,4206,2704,0.6428911079410367,USABLE
range_continuation,12H,BOTH,4206,4206,232,0.05515929624346172,USABLE
range_continuation,1H,BOTH,4206,4206,181,0.04303376129339039,USABLE
range_continuation,24H,BOTH,4206,4206,200,0.0475511174512601,USABLE
range_continuation,2H,BOTH,4206,4206,183,0.043509272467902996,USABLE
range_continuation,4H,BOTH,4206,4206,182,0.0432715168806467,USABLE
range_continuation,8H,BOTH,4206,4206,221,0.05254398478364242,USABLE
trend_continuation,12H,GENERIC_PROBABILITY,4206,4206,1706,0.4056110318592487,USABLE
trend_continuation,1H,GENERIC_PROBABILITY,4206,4206,1357,0.3226343319067998,USABLE
trend_continuation,24H,GENERIC_PROBABILITY,4206,4206,1831,0.43533048026628623,USABLE
trend_continuation,2H,GENERIC_PROBABILITY,4206,4206,1487,0.3535425582501189,USABLE
trend_continuation,4H,GENERIC_PROBABILITY,4206,4206,1581,0.37589158345221113,USABLE
trend_continuation,8H,GENERIC_PROBABILITY,4206,4206,1697,0.403471231573942,USABLE
path_inside_70,12H,BOTH,4206,4206,232,0.05515929624346172,USABLE
path_inside_70,1H,BOTH,4206,4206,181,0.04303376129339039,USABLE
path_inside_70,24H,BOTH,4206,4206,200,0.0475511174512601,USABLE
path_inside_70,2H,BOTH,4206,4206,183,0.043509272467902996,USABLE
path_inside_70,4H,BOTH,4206,4206,182,0.0432715168806467,USABLE
path_inside_70,8H,BOTH,4206,4206,221,0.05254398478364242,USABLE
range_breached,12H,BOTH,4206,4206,3974,0.9448407037565383,USABLE
range_breached,1H,BOTH,4206,4206,4025,0.9569662387066096,USABLE
range_breached,24H,BOTH,4206,4206,4006,0.9524488825487399,USABLE
range_breached,2H,BOTH,4206,4206,4023,0.956490727532097,USABLE
range_breached,4H,BOTH,4206,4206,4024,0.9567284831193533,USABLE
range_breached,8H,BOTH,4206,4206,3985,0.9474560152163576,USABLE
upper_breach_only,12H,IRON_FLY,4206,4206,1254,0.29814550641940085,USABLE
upper_breach_only,1H,IRON_FLY,4206,4206,1272,0.3024251069900143,USABLE
upper_breach_only,24H,IRON_FLY,4206,4206,1266,0.30099857346647646,USABLE
upper_breach_only,2H,IRON_FLY,4206,4206,1370,0.3257251545411317,USABLE
upper_breach_only,4H,IRON_FLY,4206,4206,1352,0.3214455539705183,USABLE
upper_breach_only,8H,IRON_FLY,4206,4206,1282,0.3048026628625773,USABLE
lower_breach_only,12H,IRON_FLY,4206,4206,1226,0.2914883499762244,USABLE
lower_breach_only,1H,IRON_FLY,4206,4206,1350,0.3209700427960057,USABLE
lower_breach_only,24H,IRON_FLY,4206,4206,1139,0.2708036138849263,USABLE
lower_breach_only,2H,IRON_FLY,4206,4206,1391,0.330718021873514,USABLE
lower_breach_only,4H,IRON_FLY,4206,4206,1409,0.33499762244412745,USABLE
lower_breach_only,8H,IRON_FLY,4206,4206,1317,0.3131241084165478,USABLE
both_side_breach,12H,IRON_FLY,4206,4206,1494,0.35520684736091296,USABLE
both_side_breach,1H,IRON_FLY,4206,4206,1403,0.3335710889205896,USABLE
both_side_breach,24H,IRON_FLY,4206,4206,1601,0.3806466951973371,USABLE
both_side_breach,2H,IRON_FLY,4206,4206,1262,0.30004755111745124,USABLE
both_side_breach,4H,IRON_FLY,4206,4206,1263,0.30028530670470754,USABLE
both_side_breach,8H,IRON_FLY,4206,4206,1386,0.32952924393723254,USABLE
max_abs_excursion_atr,12H,GENERIC_PROBABILITY,4206,4206,55402,13.17225548334673,SATURATED_HIGH
max_abs_excursion_atr,1H,GENERIC_PROBABILITY,4206,4206,13501,3.2099544194268317,SATURATED_HIGH
max_abs_excursion_atr,24H,GENERIC_PROBABILITY,4206,4206,83615,19.87997463676831,SATURATED_HIGH
max_abs_excursion_atr,2H,GENERIC_PROBABILITY,4206,4206,19792,4.705771927562836,SATURATED_HIGH
max_abs_excursion_atr,4H,GENERIC_PROBABILITY,4206,4206,29500,7.013945511339748,SATURATED_HIGH
max_abs_excursion_atr,8H,GENERIC_PROBABILITY,4206,4206,43689,10.387436039168586,SATURATED_HIGH
max_abs_excursion_ge_1_5_atr,12H,BOTH,4206,4206,4205,0.9997622444127438,SATURATED_HIGH
max_abs_excursion_ge_1_5_atr,1H,BOTH,4206,4206,3581,0.8514027579648121,USABLE
max_abs_excursion_ge_1_5_atr,24H,BOTH,4206,4206,4206,1.0,SATURATED_HIGH
max_abs_excursion_ge_1_5_atr,2H,BOTH,4206,4206,4071,0.9679029957203994,USABLE
max_abs_excursion_ge_1_5_atr,4H,BOTH,4206,4206,4183,0.994531621493105,SATURATED_HIGH
max_abs_excursion_ge_1_5_atr,8H,BOTH,4206,4206,4203,0.9992867332382311,SATURATED_HIGH
realized_path_range,12H,GENERIC_PROBABILITY,4206,4206,118,0.02808469851313206,USABLE
realized_path_range,1H,GENERIC_PROBABILITY,4206,4206,31,0.007494468716135754,SATURATED_LOW
realized_path_range,24H,GENERIC_PROBABILITY,4206,4206,170,0.040578526577567296,USABLE
realized_path_range,2H,GENERIC_PROBABILITY,4206,4206,45,0.010788813885110658,SATURATED_LOW
realized_path_range,4H,GENERIC_PROBABILITY,4206,4206,65,0.015614364224038101,SATURATED_LOW
realized_path_range,8H,GENERIC_PROBABILITY,4206,4206,95,0.02262787759150408,USABLE
realized_over_range_width,12H,GENERIC_PROBABILITY,4206,4206,9506,2.2601072919067984,SATURATED_HIGH
realized_over_range_width,1H,GENERIC_PROBABILITY,4206,4206,7949,1.890034520422065,SATURATED_HIGH
realized_over_range_width,24H,GENERIC_PROBABILITY,4206,4206,10063,2.392701495302357,SATURATED_HIGH
realized_over_range_width,2H,GENERIC_PROBABILITY,4206,4206,8251,1.961762024463781,SATURATED_HIGH
realized_over_range_width,4H,GENERIC_PROBABILITY,4206,4206,8688,2.0658077607955594,SATURATED_HIGH
realized_over_range_width,8H,GENERIC_PROBABILITY,4206,4206,9156,2.177081668025648,SATURATED_HIGH
realized_over_range_width_ge_1,12H,BOTH,4206,4206,3619,0.8604374702805516,USABLE
realized_over_range_width_ge_1,1H,BOTH,4206,4206,3659,0.8699476937708036,USABLE
realized_over_range_width_ge_1,24H,BOTH,4206,4206,3720,0.884450784593438,USABLE
realized_over_range_width_ge_1,2H,BOTH,4206,4206,3621,0.8609129814550642,USABLE
realized_over_range_width_ge_1,4H,BOTH,4206,4206,3597,0.855206847360913,USABLE
realized_over_range_width_ge_1,8H,BOTH,4206,4206,3596,0.8549690917736567,USABLE
oscillatory_path,12H,GRID,4206,4206,1878,0.44650499286733236,USABLE
oscillatory_path,1H,GRID,4206,4206,1859,0.4419876367094627,USABLE
oscillatory_path,24H,GRID,4206,4206,1874,0.4455539705183072,USABLE
oscillatory_path,2H,GRID,4206,4206,1822,0.43319067998097954,USABLE
oscillatory_path,4H,GRID,4206,4206,1848,0.43937232524964337,USABLE
oscillatory_path,8H,GRID,4206,4206,1875,0.4457917261055635,USABLE
trend_efficiency_high,12H,GRID,4206,4206,795,0.1890156918687589,USABLE
trend_efficiency_high,1H,GRID,4206,4206,671,0.15953399904897764,USABLE
trend_efficiency_high,24H,GRID,4206,4206,837,0.19900142653352354,USABLE
trend_efficiency_high,2H,GRID,4206,4206,713,0.16951973371374227,USABLE
trend_efficiency_high,4H,GRID,4206,4206,739,0.1757013789824061,USABLE
trend_efficiency_high,8H,GRID,4206,4206,751,0.1785544460294817,USABLE
one_sided_runaway,12H,GRID,4206,4206,795,0.1890156918687589,USABLE
one_sided_runaway,1H,GRID,4206,4206,633,0.15049928673323823,USABLE
one_sided_runaway,24H,GRID,4206,4206,837,0.19900142653352354,USABLE
one_sided_runaway,2H,GRID,4206,4206,710,0.16880646695197338,USABLE
one_sided_runaway,4H,GRID,4206,4206,739,0.1757013789824061,USABLE
one_sided_runaway,8H,GRID,4206,4206,751,0.1785544460294817,USABLE
fast_1atr_touch,12H,DEFENSIVE_LONG_OPTION,4206,4206,4206,1.0,SATURATED_HIGH
fast_1atr_touch,1H,DEFENSIVE_LONG_OPTION,4206,4206,4106,0.9762244412743699,USABLE
fast_1atr_touch,24H,DEFENSIVE_LONG_OPTION,4206,4206,4206,1.0,SATURATED_HIGH
fast_1atr_touch,2H,DEFENSIVE_LONG_OPTION,4206,4206,4181,0.9940561103185925,SATURATED_HIGH
fast_1atr_touch,4H,DEFENSIVE_LONG_OPTION,4206,4206,4204,0.9995244888254874,SATURATED_HIGH
fast_1atr_touch,8H,DEFENSIVE_LONG_OPTION,4206,4206,4206,1.0,SATURATED_HIGH
up_excursion_ge_1_0_atr,12H,DEFENSIVE_LONG_OPTION,4206,4206,3800,0.9034712315739419,USABLE
up_excursion_ge_1_0_atr,1H,DEFENSIVE_LONG_OPTION,4206,4206,2695,0.64075130765573,USABLE
up_excursion_ge_1_0_atr,24H,DEFENSIVE_LONG_OPTION,4206,4206,3936,0.9358059914407989,USABLE
up_excursion_ge_1_0_atr,2H,DEFENSIVE_LONG_OPTION,4206,4206,3141,0.7467902995720399,USABLE
up_excursion_ge_1_0_atr,4H,DEFENSIVE_LONG_OPTION,4206,4206,3497,0.8314312886352829,USABLE
up_excursion_ge_1_0_atr,8H,DEFENSIVE_LONG_OPTION,4206,4206,3718,0.8839752734189253,USABLE
down_excursion_ge_1_0_atr,12H,DEFENSIVE_LONG_OPTION,4206,4206,3817,0.9075130765572991,USABLE
down_excursion_ge_1_0_atr,1H,DEFENSIVE_LONG_OPTION,4206,4206,2755,0.655016642891108,USABLE
down_excursion_ge_1_0_atr,24H,DEFENSIVE_LONG_OPTION,4206,4206,3947,0.9384213029006182,USABLE
down_excursion_ge_1_0_atr,2H,DEFENSIVE_LONG_OPTION,4206,4206,3168,0.7532097004279601,USABLE
down_excursion_ge_1_0_atr,4H,DEFENSIVE_LONG_OPTION,4206,4206,3492,0.8302425106990015,USABLE
down_excursion_ge_1_0_atr,8H,DEFENSIVE_LONG_OPTION,4206,4206,3719,0.8842130290061816,USABLE
