target,horizon,regime,n,positives,base_rate,brier,brier_skill_vs_train_base,log_loss,auc,pr_auc,ece,calibration_intercept,calibration_slope
range_continuation,1H,LOW_VOL_RANGE,579,24,0.04145077720207254,0.03912721455871588,0.015283424561446268,0.16560456963711234,0.6870870870870871,0.09348148782837729,0.004206572318342421,0.0015882182129764322,1.0446740012248263
range_continuation,1H,NORMAL_RANGE,176,8,0.045454545454545456,0.04397943563267554,-0.013459543891576997,0.19075418733285565,0.4114583333333333,0.07731971434796749,0.006617736137488704,-0.047393459219761014,1.009258263326041
range_continuation,2H,LOW_VOL_RANGE,579,21,0.03626943005181347,0.03535515847764491,-0.010507424536568832,0.16000077331553933,0.5386584741423451,0.047743918017426515,2.0448530124943243e-05,-0.04074912848566323,0.9489325171815732
range_continuation,2H,NORMAL_RANGE,176,11,0.0625,0.05739919722147004,0.02732020612568664,0.2247583456024304,0.6942148760330579,0.18459734848609502,0.023532867294428668,0.058073846839025174,0.8531392043821047
range_continuation,4H,LOW_VOL_RANGE,579,17,0.02936096718480138,0.029233473937495962,-0.018806906136492385,0.15677295230292174,0.5363198660247017,0.03614089020893962,0.008239983655463683,-0.07802890120829792,0.7619909979823636
range_continuation,4H,NORMAL_RANGE,176,8,0.045454545454545456,0.04240679726371931,0.02272665381005945,0.17104856810602262,0.7455357142857143,0.20843234694731877,0.01916052430772851,0.044328887747733185,0.8146930476953674
range_continuation,8H,LOW_VOL_RANGE,579,25,0.04317789291882556,0.040479926751786945,0.02149637859416975,0.1739155253913488,0.6071480144404332,0.17745638969219843,0.01400521054263975,0.03780291601465481,0.8931752303008333
range_continuation,8H,NORMAL_RANGE,176,16,0.09090909090909091,0.08106775692279343,0.03795861191716543,0.31241490118787296,0.74921875,0.21481155129137036,0.05457106067965723,0.13360515006091161,0.7345337049950728
range_continuation,12H,LOW_VOL_RANGE,579,25,0.04317789291882556,0.03777554087081533,0.0860708520479525,0.14849993488300814,0.9048375451263538,0.45141270657383126,0.0014556409507674867,0.06663913259649112,1.098174707034254
range_continuation,12H,NORMAL_RANGE,176,17,0.09659090909090909,0.0862394611821073,0.0381631386625102,0.306840038979402,0.7439881613022568,0.250032510397323,0.04658985883412481,0.11811236890912344,0.8446271682048071
range_continuation,24H,LOW_VOL_RANGE,579,33,0.05699481865284974,0.05208857126098924,0.0370615556737488,0.20532306951504894,0.7706737706737706,0.21779351254615364,0.030480758816368806,0.11318965550980441,0.8206739921098251
range_continuation,24H,NORMAL_RANGE,176,16,0.09090909090909091,0.0829822448332838,0.02836964672054343,0.30685836329541066,0.8,0.2864656946917102,0.0630210878736035,0.17016191560247337,0.7341475306242764
path_inside_70,1H,LOW_VOL_RANGE,579,24,0.04145077720207254,0.03912721455871588,0.015283424561446268,0.16560456963711234,0.6870870870870871,0.09348148782837729,0.004206572318342421,0.0015882182129764322,1.0446740012248263
path_inside_70,1H,NORMAL_RANGE,176,8,0.045454545454545456,0.04397943563267554,-0.013459543891576997,0.19075418733285565,0.4114583333333333,0.07731971434796749,0.006617736137488704,-0.047393459219761014,1.009258263326041
path_inside_70,2H,LOW_VOL_RANGE,579,21,0.03626943005181347,0.03535515847764491,-0.010507424536568832,0.16000077331553933,0.5386584741423451,0.047743918017426515,2.0448530124943243e-05,-0.04074912848566323,0.9489325171815732
path_inside_70,2H,NORMAL_RANGE,176,11,0.0625,0.05739919722147004,0.02732020612568664,0.2247583456024304,0.6942148760330579,0.18459734848609502,0.023532867294428668,0.058073846839025174,0.8531392043821047
path_inside_70,4H,LOW_VOL_RANGE,579,17,0.02936096718480138,0.029233473937495962,-0.018806906136492385,0.15677295230292174,0.5363198660247017,0.03614089020893962,0.008239983655463683,-0.07802890120829792,0.7619909979823636
path_inside_70,4H,NORMAL_RANGE,176,8,0.045454545454545456,0.04240679726371931,0.02272665381005945,0.17104856810602262,0.7455357142857143,0.20843234694731877,0.01916052430772851,0.044328887747733185,0.8146930476953674
path_inside_70,8H,LOW_VOL_RANGE,579,25,0.04317789291882556,0.040479926751786945,0.02149637859416975,0.1739155253913488,0.6071480144404332,0.17745638969219843,0.01400521054263975,0.03780291601465481,0.8931752303008333
path_inside_70,8H,NORMAL_RANGE,176,16,0.09090909090909091,0.08106775692279343,0.03795861191716543,0.31241490118787296,0.74921875,0.21481155129137036,0.05457106067965723,0.13360515006091161,0.7345337049950728
path_inside_70,12H,LOW_VOL_RANGE,579,25,0.04317789291882556,0.03777554087081533,0.0860708520479525,0.14849993488300814,0.9048375451263538,0.45141270657383126,0.0014556409507674867,0.06663913259649112,1.098174707034254
path_inside_70,12H,NORMAL_RANGE,176,17,0.09659090909090909,0.0862394611821073,0.0381631386625102,0.306840038979402,0.7439881613022568,0.250032510397323,0.04658985883412481,0.11811236890912344,0.8446271682048071
path_inside_70,24H,LOW_VOL_RANGE,579,33,0.05699481865284974,0.05208857126098924,0.0370615556737488,0.20532306951504894,0.7706737706737706,0.21779351254615364,0.030480758816368806,0.11318965550980441,0.8206739921098251
path_inside_70,24H,NORMAL_RANGE,176,16,0.09090909090909091,0.0829822448332838,0.02836964672054343,0.30685836329541066,0.8,0.2864656946917102,0.0630210878736035,0.17016191560247337,0.7341475306242764
range_breached,1H,LOW_VOL_RANGE,579,555,0.9585492227979274,0.03912721455871587,0.01528342456144649,0.16560456963711234,0.6870870870870871,0.9784789222021565,0.0042065723183424275,-0.001588218212976442,1.0446740012248263
range_breached,1H,NORMAL_RANGE,176,168,0.9545454545454546,0.04397943563267554,-0.013459543891576997,0.1907541873328557,0.4114583333333333,0.9502233254190916,0.00661773613748865,0.047393459219761076,1.009258263326041
range_breached,2H,LOW_VOL_RANGE,579,558,0.9637305699481865,0.035355158477644914,-0.010507424536568832,0.16000077331553944,0.561699948796723,0.968744492925856,2.044853012495018e-05,0.04074912848566362,0.9489325171815712
range_breached,2H,NORMAL_RANGE,176,165,0.9375,0.05739919722147005,0.02732020612568653,0.22475834560243044,0.6644628099173554,0.9676128985944394,0.023532867294428716,-0.058073846839025244,0.8531392043821034
range_breached,4H,LOW_VOL_RANGE,579,562,0.9706390328151986,0.02923347393749597,-0.018806906136492607,0.1567729523029218,0.5153862256646431,0.972534592071076,0.008239983655463634,0.07802890120829821,0.7619909979823634
range_breached,4H,NORMAL_RANGE,176,168,0.9545454545454546,0.04240679726371931,0.02272665381005945,0.17104856810602265,0.7306547619047619,0.9852392508860939,0.01916052430772841,-0.04432888774773306,0.8146930476953671
range_breached,8H,LOW_VOL_RANGE,579,554,0.9568221070811744,0.040479926751786945,0.02149637859416975,0.17391552539134886,0.5293862815884477,0.9697821193944816,0.014005210542639701,-0.03780291601465507,0.8931752303008329
range_breached,8H,NORMAL_RANGE,176,160,0.9090909090909091,0.08106775692279343,0.03795861191716543,0.3124149011878731,0.50703125,0.9644797478352366,0.054571060679657224,-0.13360515006091153,0.7345337049950725
range_breached,12H,LOW_VOL_RANGE,579,554,0.9568221070811744,0.03777554087081534,0.08607085204795217,0.14849993488300817,0.9048375451263538,0.9951895797443099,0.001455640950767445,-0.06663913259649099,1.0981747070342538
range_breached,12H,NORMAL_RANGE,176,159,0.9034090909090909,0.08623946118210729,0.03816313866251031,0.306840038979402,0.7439881613022568,0.9596603966377724,0.04658985883412485,-0.1181123689091236,0.8446271682048071
range_breached,24H,LOW_VOL_RANGE,579,546,0.9430051813471503,0.05208857126098924,0.03706155567374869,0.20532306951504897,0.7706737706737706,0.975944564252739,0.03048075881636869,-0.11318965550980427,0.820673992109825
range_breached,24H,NORMAL_RANGE,176,160,0.9090909090909091,0.0829822448332838,0.02836964672054343,0.3068583632954108,0.8,0.9728699384616899,0.06302108787360378,-0.1701619156024733,0.7341475306242764
realized_over_range_width_ge_1,1H,LOW_VOL_RANGE,579,514,0.8877374784110535,0.09678118297288543,0.03252866933993814,0.33942286567014573,0.6372642921281053,0.924180394089993,0.004958096172985042,0.02301496139582221,0.9933897846390682
realized_over_range_width_ge_1,1H,NORMAL_RANGE,176,147,0.8352272727272727,0.13459560388879319,0.029734255608286464,0.4331271012213365,0.6645554773633592,0.9053818180177826,0.05058162974964646,-0.06850147920825743,0.8812132091355421
realized_over_range_width_ge_1,2H,LOW_VOL_RANGE,579,518,0.8946459412780656,0.08986186473092804,0.05811036137740777,0.3172615480028599,0.7026710551300716,0.9425868300152885,0.023874231385255486,0.02812645882468481,1.1095925062742704
realized_over_range_width_ge_1,2H,NORMAL_RANGE,176,148,0.8409090909090909,0.11888349326602254,0.11395524545965507,0.38331283670431354,0.7888513513513513,0.9516930555650313,0.013380121114545021,-0.17014798665523623,1.100852566426239
realized_over_range_width_ge_1,4H,LOW_VOL_RANGE,579,508,0.8773747841105354,0.09904290599949502,0.08272330185878407,0.33383930012663465,0.7488632582898969,0.9471001133607072,0.009612999323494287,-0.037403960321068144,1.0675085538776117
realized_over_range_width_ge_1,4H,NORMAL_RANGE,176,150,0.8522727272727273,0.11154395495896469,0.11426302030744795,0.35522431779973174,0.8453846153846154,0.9713517067654645,0.08263805487651613,-0.10452423139622867,1.1695775756470612
realized_over_range_width_ge_1,8H,LOW_VOL_RANGE,579,500,0.8635578583765112,0.1118640748439595,0.05064604324962951,0.3791215508393261,0.5629620253164557,0.9032990256018927,0.025222413662213082,-0.1165052170983828,0.9695432492424232
realized_over_range_width_ge_1,8H,NORMAL_RANGE,176,143,0.8125,0.14427225616676148,0.07046505880686849,0.45836849948575775,0.520449247721975,0.9441894820321488,0.06193574859860036,-0.22917324979538187,0.902739078598547
realized_over_range_width_ge_1,12H,LOW_VOL_RANGE,579,511,0.8825561312607945,0.08713998697214043,0.1597314020705497,0.29926945524973886,0.8418614020950846,0.9652969763258207,0.05440139043103057,-0.15629076555521484,1.1914861019637244
realized_over_range_width_ge_1,12H,NORMAL_RANGE,176,141,0.8011363636363636,0.14894441609799577,0.09622375054602417,0.4575515838577573,0.7702127659574468,0.9269316403207234,0.07398809512622416,-0.21782851678281112,0.9459157266825934
realized_over_range_width_ge_1,24H,LOW_VOL_RANGE,579,511,0.8825561312607945,0.09781026101427319,0.05905968590452193,0.3526443590461991,0.7121848739495799,0.9289581234905748,0.05869791689140355,-0.12459679385184556,0.755851446409434
realized_over_range_width_ge_1,24H,NORMAL_RANGE,176,137,0.7784090909090909,0.1722473863367718,0.08003954114265799,0.5455265320675663,0.7930001871607711,0.9290620381970526,0.13983926652981515,-0.4340463626428533,0.6915505148822273
oscillatory_path,1H,LOW_VOL_RANGE,579,253,0.4369602763385147,0.24489743397056804,0.004592932424774876,0.6828652139663317,0.5266131574480467,0.4823551160825659,0.013160909585309619,-0.048861604107551124,1.014016451992141
oscillatory_path,1H,NORMAL_RANGE,176,83,0.4715909090909091,0.24828991556033617,0.008729304309765706,0.6897378484227221,0.47298872910998835,0.4951139246846457,0.02301405240792121,0.08646870847568183,0.9865114427084004
oscillatory_path,2H,LOW_VOL_RANGE,579,228,0.39378238341968913,0.24649826245259726,-0.02761771331732521,0.6861243178677139,0.48735442595091716,0.37573337221929226,0.07583386298969491,-0.29785014314967556,0.9648303632224833
oscillatory_path,2H,NORMAL_RANGE,176,80,0.45454545454545453,0.24815999684124596,0.0019722308509453335,0.6894561352109538,0.4895833333333333,0.4741844872988768,0.017867488758469774,-0.06939174447657917,0.9913956567642936
oscillatory_path,4H,LOW_VOL_RANGE,579,256,0.4421416234887737,0.24667805920637273,-9.06092978312234e-05,0.6864710086429906,0.5454237616099071,0.45368079931805694,0.009249759235662966,0.03198259230493399,0.9809825307426606
oscillatory_path,4H,NORMAL_RANGE,176,67,0.3806818181818182,0.24446550685143267,-0.019595580356497333,0.6820738751660819,0.3757359989045598,0.3067297564243081,0.056706119652888444,-0.2373855758188468,0.9065502030199664
oscillatory_path,8H,LOW_VOL_RANGE,579,253,0.4369602763385147,0.24668586483108848,-0.00261598311479605,0.6865155922979125,0.49524721743980216,0.4284989648534418,0.015021868765048806,0.04168810331364257,0.9655401191718548
oscillatory_path,8H,NORMAL_RANGE,176,108,0.6136363636363636,0.2702215832647997,-0.012468014222780432,0.7338641682448752,0.4455337690631808,0.5468510652565571,0.17044674222495015,0.613472950215602,0.7479628596564667
oscillatory_path,12H,LOW_VOL_RANGE,579,296,0.5112262521588946,0.2634172640612051,-0.02759946092157306,0.7206209567098534,0.4467099608442365,0.4928620202338448,0.10656423077052701,0.29404646806835777,0.7460770344605643
oscillatory_path,12H,NORMAL_RANGE,176,106,0.6022727272727273,0.26971223607265465,-0.0028595281817955787,0.7333087712284955,0.534366576819407,0.6594593340746735,0.17954007775149608,0.6456873643386364,0.8185909651764925
oscillatory_path,24H,LOW_VOL_RANGE,579,339,0.5854922279792746,0.305147236991234,-0.15418158410321903,0.808864392175485,0.37984267453294,0.6795804478758087,0.2505710266213077,0.6967693601816054,0.5295949680117085
oscillatory_path,24H,NORMAL_RANGE,176,106,0.6022727272727273,0.3113217727094982,-0.16837123716401337,0.8219056930550915,0.6039083557951482,0.572613769919159,0.27081060418483444,0.7558896890066155,0.5107794201939734
trend_efficiency_high,1H,LOW_VOL_RANGE,579,94,0.16234887737478412,0.1360633717532892,-0.0005028768084638369,0.4438579123541659,0.5157051985084449,0.1738988926504679,0.013963548476956744,0.0275657109847867,0.9553791758604947
trend_efficiency_high,1H,NORMAL_RANGE,176,22,0.125,0.11089899166171086,8.25566829208979e-05,0.3825356580464964,0.3659976387249115,0.13456978061125213,0.02533327352897291,-0.06907903751978914,1.0753844213264465
trend_efficiency_high,2H,LOW_VOL_RANGE,579,88,0.15198618307426598,0.12881729897376143,0.007357000076087528,0.42591044944620365,0.5053925199037216,0.19228693667613753,0.015113256721274143,0.032745097465130275,0.9532635396914093
trend_efficiency_high,2H,NORMAL_RANGE,176,34,0.19318181818181818,0.15884542475051538,-0.018283110628601884,0.5022206817607041,0.4884009942004971,0.2421307386462317,0.054955583561024285,0.0917124056551431,0.8309395187744718
trend_efficiency_high,4H,LOW_VOL_RANGE,579,94,0.16234887737478412,0.13881777403453374,-0.018328890023534106,0.4542994341150024,0.4647291072603641,0.15624626658615423,0.03771767197186682,-0.07620850470336933,0.9284158713768409
trend_efficiency_high,4H,NORMAL_RANGE,176,37,0.21022727272727273,0.17076783091852302,-0.023059661168035595,0.5293781440428471,0.5129301963834338,0.19997874463935097,0.10077814135796496,0.046845437183896985,0.8044992408163953
trend_efficiency_high,8H,LOW_VOL_RANGE,579,104,0.17962003454231434,0.14987715941111932,-0.016643101454419273,0.4803148015266043,0.45293522267206476,0.16701977448158917,0.024708317112220577,-0.05081821672219968,0.9280386085473786
trend_efficiency_high,8H,NORMAL_RANGE,176,24,0.13636363636363635,0.12122413135217966,-0.0067262438717272666,0.41223671129462774,0.4037828947368421,0.12278989368739217,0.021991712462629025,-0.11306621431092402,1.005479586304055
trend_efficiency_high,12H,LOW_VOL_RANGE,579,100,0.17271157167530224,0.14594600419069506,-0.018090570169157827,0.469488174017295,0.5152609603340292,0.16330202626237164,0.05570920208646445,-0.13336095750538365,1.1087069447766205
trend_efficiency_high,12H,NORMAL_RANGE,176,16,0.09090909090909091,0.09784519282223879,-0.048098084018044496,0.358214733724639,0.519140625,0.08702373047882402,0.11461096046011496,-0.36252076047953663,1.3874698177007583
trend_efficiency_high,24H,LOW_VOL_RANGE,579,90,0.15544041450777202,0.13655477822218756,-0.019712550172015897,0.4469288138806657,0.5885253351511021,0.20853199795150823,0.08402087978609318,-0.2352224492674594,1.2635108987860095
trend_efficiency_high,24H,NORMAL_RANGE,176,6,0.03409090909090909,0.07834368047875177,-0.2484647686667325,0.3160762997779163,0.4764705882352941,0.041773713573538616,0.20380212439137965,-0.8124207045505478,1.7912185029104755
one_sided_runaway,1H,LOW_VOL_RANGE,579,88,0.15198618307426598,0.12898191751308333,-0.000649033398493648,0.42654419958012363,0.5085632290316608,0.1652177370436264,0.0137318721634479,0.026860650337862273,0.9547454254103315
one_sided_runaway,1H,NORMAL_RANGE,176,22,0.125,0.11004871106884159,0.0022883496422804184,0.3794934853482966,0.3659976387249115,0.13456978061125213,0.014347345266894324,-0.03764197388086606,1.0437890515366879
one_sided_runaway,2H,LOW_VOL_RANGE,579,88,0.15198618307426598,0.12889615322653541,0.006749363348304005,0.42623150582795427,0.5053925199037216,0.19228693667613753,0.017486579091151283,0.036834218582912547,0.9451003703731446
one_sided_runaway,2H,NORMAL_RANGE,176,34,0.19318181818181818,0.1591126599569691,-0.019996229515875985,0.5033531915404871,0.4884009942004971,0.2421307386462317,0.05733616087822482,0.09472286435097906,0.8235131020820646
one_sided_runaway,4H,LOW_VOL_RANGE,579,94,0.16234887737478412,0.13881777403453374,-0.018328890023534106,0.4542994341150024,0.4647291072603641,0.15624626658615423,0.03771767197186682,-0.07620850470336933,0.9284158713768409
one_sided_runaway,4H,NORMAL_RANGE,176,37,0.21022727272727273,0.17076783091852302,-0.023059661168035595,0.5293781440428471,0.5129301963834338,0.19997874463935097,0.10077814135796496,0.046845437183896985,0.8044992408163953
one_sided_runaway,8H,LOW_VOL_RANGE,579,104,0.17962003454231434,0.14987715941111932,-0.016643101454419273,0.4803148015266043,0.45293522267206476,0.16701977448158917,0.024708317112220577,-0.05081821672219968,0.9280386085473786
one_sided_runaway,8H,NORMAL_RANGE,176,24,0.13636363636363635,0.12122413135217966,-0.0067262438717272666,0.41223671129462774,0.4037828947368421,0.12278989368739217,0.021991712462629025,-0.11306621431092402,1.005479586304055
one_sided_runaway,12H,LOW_VOL_RANGE,579,100,0.17271157167530224,0.14594600419069506,-0.018090570169157827,0.469488174017295,0.5152609603340292,0.16330202626237164,0.05570920208646445,-0.13336095750538365,1.1087069447766205
one_sided_runaway,12H,NORMAL_RANGE,176,16,0.09090909090909091,0.09784519282223879,-0.048098084018044496,0.358214733724639,0.519140625,0.08702373047882402,0.11461096046011496,-0.36252076047953663,1.3874698177007583
one_sided_runaway,24H,LOW_VOL_RANGE,579,90,0.15544041450777202,0.13655477822218756,-0.019712550172015897,0.4469288138806657,0.5885253351511021,0.20853199795150823,0.08402087978609318,-0.2352224492674594,1.2635108987860095
one_sided_runaway,24H,NORMAL_RANGE,176,6,0.03409090909090909,0.07834368047875177,-0.2484647686667325,0.3160762997779163,0.4764705882352941,0.041773713573538616,0.20380212439137965,-0.8124207045505478,1.7912185029104755
upper_breach_only,1H,LOW_VOL_RANGE,579,170,0.29360967184801384,0.2069198372699375,0.005091742541660782,0.6037321250935644,0.5350783834316123,0.31181367834576434,0.01568114008944851,0.026825176076874305,0.9461137393162123
upper_breach_only,1H,NORMAL_RANGE,176,47,0.26704545454545453,0.19151269155815653,0.034171245362068725,0.5694648748221985,0.6222991918192314,0.35775561095769937,0.01516424777218374,-0.008061467130721804,1.0917280657951265
upper_breach_only,2H,LOW_VOL_RANGE,579,180,0.31088082901554404,0.2136563149476822,0.004955641057355464,0.6184521841803602,0.5308827624617098,0.34266529742756,0.01135411595447181,-0.026968460722858346,1.015849870166043
upper_breach_only,2H,NORMAL_RANGE,176,57,0.32386363636363635,0.218829030097084,0.0010466086339727676,0.6293781975464032,0.5422379478107032,0.3576384203680774,0.006879390307350047,0.013718854178164515,0.9734061166437926
upper_breach_only,4H,LOW_VOL_RANGE,579,196,0.3385146804835924,0.22229839536357293,0.009194446652664223,0.6365012018428601,0.5563489103213087,0.3962839507083632,0.014044055819181894,0.04724528218086493,0.982593581613131
upper_breach_only,4H,NORMAL_RANGE,176,57,0.32386363636363635,0.21073318107691524,0.03781666686129048,0.6111182740075244,0.6895179124281291,0.5364436945273049,0.009158398084987402,0.08588591869474377,1.1372107876080944
upper_breach_only,8H,LOW_VOL_RANGE,579,192,0.3316062176165803,0.22176210530533802,0.007118884734115816,0.6355808609065344,0.5503741386735572,0.3138137375088367,0.011159994381038207,0.03210414661373439,0.9760365796847984
upper_breach_only,8H,NORMAL_RANGE,176,52,0.29545454545454547,0.20876198480442668,-0.0027569309476718207,0.6083640620102119,0.540787841191067,0.32617650927809005,0.02505586928361747,-0.07367613504296558,1.0561320613415348
upper_breach_only,12H,LOW_VOL_RANGE,579,184,0.3177892918825561,0.2174197814528572,0.0008001721376568183,0.6266663499148188,0.5248073747936158,0.29929036271062426,0.024699344132080803,0.06496704375631633,0.942482516709011
upper_breach_only,12H,NORMAL_RANGE,176,50,0.2840909090909091,0.20341747481568306,-1.8977442769463337e-05,0.596859611661171,0.5825396825396826,0.2988129410214423,0.00910611756872265,-0.024172604315845492,1.0227260689370221
upper_breach_only,24H,LOW_VOL_RANGE,579,159,0.27461139896373055,0.20108115059456555,-0.007983321897494067,0.5922417983749155,0.5417340521114106,0.29748683830746864,0.043488544867150036,-0.12980097034204566,1.0986572322736714
upper_breach_only,24H,NORMAL_RANGE,176,50,0.2840909090909091,0.20375512336804197,-0.0015507408559498614,0.5977200121745797,0.6057142857142858,0.28109080288798116,0.03537281167703388,-0.09664079606296022,1.0963456424698972
lower_breach_only,1H,LOW_VOL_RANGE,579,175,0.3022452504317789,0.21027759651833158,0.004680890931601067,0.6108010269011831,0.5420933521923621,0.3300190264004464,0.024764821990902547,-0.08047262194300212,1.043004027231084
lower_breach_only,1H,NORMAL_RANGE,176,51,0.2897727272727273,0.20966431224715773,-0.013774302710105601,0.6098953687537557,0.5215686274509804,0.2927915931654184,0.05087144665217383,-0.19470489453235534,1.0337970636632208
lower_breach_only,2H,LOW_VOL_RANGE,579,171,0.29533678756476683,0.21039053509886946,-0.0013119841709561264,0.6126096188112754,0.509302258915262,0.33453789122953936,0.02987405473015863,-0.10075162411459991,0.9397408474930957
lower_breach_only,2H,NORMAL_RANGE,176,54,0.3068181818181818,0.21495923800371736,-0.0054827752225061754,0.6210994308068372,0.5258044930176078,0.3287159616575791,0.027350322473471435,-0.13744272623776158,0.9453000069001838
lower_breach_only,4H,LOW_VOL_RANGE,579,167,0.28842832469775476,0.2091318325944384,-0.0010987047100756708,0.609417934987354,0.4760333701528981,0.31196498527499805,0.029395097002300852,-0.13905360458027993,0.9650249046878254
lower_breach_only,4H,NORMAL_RANGE,176,59,0.3352272727272727,0.2240645655720563,-0.004599415497406056,0.6401033088922697,0.48225409242358397,0.4147704147446547,0.04517701281929298,-0.04808558677564054,0.8959294226231241
lower_breach_only,8H,LOW_VOL_RANGE,579,145,0.2504317789291883,0.1954442327707013,-0.010623907569095481,0.5808447148930488,0.491339583664389,0.25206988239020894,0.060276779096684246,-0.2524488806563249,0.9600845690674994
lower_breach_only,8H,NORMAL_RANGE,176,60,0.3409090909090909,0.20837168630327954,0.07357278332525075,0.6036161607346592,0.7147988505747126,0.49655724120121747,0.02242348762075938,0.14935800113241668,1.211289212151408
lower_breach_only,12H,LOW_VOL_RANGE,579,131,0.22625215889464595,0.17258987238325021,0.05386042540725322,0.5283579746815842,0.5713944929116684,0.2679648752429916,0.008291594018620221,-0.013288723336270722,1.0317979165828008
lower_breach_only,12H,NORMAL_RANGE,176,54,0.3068181818181818,0.21341160966014286,-0.0033095816800061684,0.6190657953182129,0.5549483910139648,0.4051020477545646,0.05531594648136035,0.03658988656416918,0.8196825681644596
lower_breach_only,24H,LOW_VOL_RANGE,579,111,0.19170984455958548,0.15497114859592875,0.061796569723737926,0.4884356307591103,0.5580580580580581,0.249160576562552,0.05039250397311362,-0.14236340883990783,1.1352878890305862
lower_breach_only,24H,NORMAL_RANGE,176,34,0.19318181818181818,0.16515447513894035,0.0038247457174434007,0.5106496094876323,0.5586164043082021,0.25285769337231473,0.0919470102235841,-0.3492930221095793,1.1402888089129695
both_side_breach,1H,LOW_VOL_RANGE,579,210,0.3626943005181347,0.22076320110888792,0.05310602680961651,0.6321250417505647,0.6192799070847851,0.48821662470889926,0.00699209765222921,0.0489775162894647,1.06068174988905
both_side_breach,1H,NORMAL_RANGE,176,70,0.3977272727272727,0.23473078020377303,0.045408110051924466,0.6633182614493204,0.6192722371967655,0.524753504330526,0.0719486409311085,0.21675582390229806,0.9172874169024818
both_side_breach,2H,LOW_VOL_RANGE,579,207,0.35751295336787564,0.22586863873134289,0.03872222128583447,0.6430336392415569,0.5822684535868267,0.4252302580110055,0.039952451166525155,0.0620951173239035,0.9139863240701527
both_side_breach,2H,NORMAL_RANGE,176,54,0.3068181818181818,0.19773844580251357,0.07234856946918167,0.5784844791600527,0.6920157862780814,0.4533510532844125,0.023523011865119233,0.1225383183178231,1.1538986176536619
both_side_breach,4H,LOW_VOL_RANGE,579,199,0.3436960276338515,0.22233045983250213,0.02673177510265623,0.6351026838299769,0.5850039672044433,0.40358249121005596,0.040169147672270276,-0.04739875116355327,0.8834162019158248
both_side_breach,4H,NORMAL_RANGE,176,52,0.29545454545454547,0.19353434633849673,0.0703927506082842,0.5677596733562836,0.6882754342431762,0.4143216110163308,0.03559650227417586,0.014010253512487882,1.1420375414783845
both_side_breach,8H,LOW_VOL_RANGE,579,217,0.3747841105354059,0.22906753899061164,0.029535816520262714,0.6475658860140812,0.5901672734679329,0.41217098441246175,0.047415690447067865,-0.01810395252372357,0.9508369416119183
both_side_breach,8H,NORMAL_RANGE,176,48,0.2727272727272727,0.18646460926668107,0.07700018412992893,0.5542002200090967,0.6873372395833334,0.4026224913865857,0.05703327976406359,-0.11753742200917239,1.2955302227159302
both_side_breach,12H,LOW_VOL_RANGE,579,239,0.41278065630397237,0.2340632657173337,0.04942901042573167,0.6594510629560262,0.5289564361309377,0.5351883634489257,0.028088446949945382,-0.019265272475291566,1.1657025458099513
both_side_breach,12H,NORMAL_RANGE,176,55,0.3125,0.20072468260883872,0.07205358641239878,0.5845521284618771,0.6133734034560481,0.48621316626746697,0.07706075448517151,-0.21888591433435167,1.4115135369263587
both_side_breach,24H,LOW_VOL_RANGE,579,276,0.47668393782383417,0.22432534294989676,0.13504507973839075,0.6378855602404615,0.6921485626823551,0.6121882732432092,0.07634924300957943,0.16317242375057542,1.258176620678911
both_side_breach,24H,NORMAL_RANGE,176,76,0.4318181818181818,0.20404018393543513,0.17835745077797216,0.5902360657116439,0.8078947368421052,0.7682579449886461,0.14015902620713408,0.4538391852332792,1.4918685104552638
fast_1atr_touch,1H,LOW_VOL_RANGE,579,560,0.9671848013816926,0.03146955246834705,0.01371294611379037,0.14132064530151067,0.637593984962406,0.9747546913090576,0.0035371094924786517,0.003556177486950293,1.0368683411894817
fast_1atr_touch,1H,NORMAL_RANGE,176,172,0.9772727272727273,0.022252848864706135,-0.0015160328747911844,0.10968480228074498,0.623546511627907,0.9856040242402725,0.016673823031053137,0.04573347617060342,1.1664499911164858
up_excursion_ge_1_0_atr,1H,LOW_VOL_RANGE,579,380,0.6563039723661486,0.22431770463141337,0.006098429941950867,0.6406163461143665,0.5502248082517852,0.6930937054476299,0.014673128324545094,0.06497136372449341,0.9843438302743128
up_excursion_ge_1_0_atr,1H,NORMAL_RANGE,176,105,0.5965909090909091,0.2386679947685052,0.017930449669686155,0.6699954481496195,0.574916163648558,0.66744685983424,0.03340443989304549,-0.11370504631315335,0.9556193058696136
up_excursion_ge_1_0_atr,2H,LOW_VOL_RANGE,579,443,0.7651122625215889,0.17863962386689083,0.007996079890070229,0.5424774621073634,0.5518855397689549,0.7952432582816003,0.03510312999336855,0.03224724255097541,0.9711021596726654
up_excursion_ge_1_0_atr,2H,NORMAL_RANGE,176,128,0.7272727272727273,0.19955865115503268,-0.004326357438336759,0.5905038641025476,0.5208333333333334,0.728971600232002,0.025025199869540615,-0.009849306274837035,0.8762566327256328
up_excursion_ge_1_0_atr,4H,LOW_VOL_RANGE,579,494,0.853195164075993,0.12516019647813112,0.006817031404508955,0.41667700530828794,0.5430816861157418,0.854158864458527,0.009930211692738364,0.02823608400862522,1.0025243237844557
up_excursion_ge_1_0_atr,4H,NORMAL_RANGE,176,149,0.8465909090909091,0.13199160463884047,-0.01283574972191226,0.4361885863081319,0.5150385284613472,0.8003085042777524,0.043179036861220835,0.06347914120527037,0.9553560148022517
up_excursion_ge_1_0_atr,8H,LOW_VOL_RANGE,579,530,0.9153713298791019,0.07760771464827454,0.019832113095743176,0.29032691336536803,0.5619946091644205,0.9277159840056918,0.017650921040767743,0.04732600658172006,1.0703188035975475
up_excursion_ge_1_0_atr,8H,NORMAL_RANGE,176,161,0.9147727272727273,0.07779575361614093,0.022982345700102602,0.2894726809397235,0.6472049689440994,0.9388169927536155,0.022498106569462946,0.043475551936670416,1.1068526466234692
up_excursion_ge_1_0_atr,12H,LOW_VOL_RANGE,579,543,0.9378238341968912,0.058528090066307145,0.032338795807659526,0.23467346044435314,0.5432780847145487,0.9397407859861552,0.01674248288782776,0.04468802222568675,1.0820341050309905
up_excursion_ge_1_0_atr,12H,NORMAL_RANGE,176,165,0.9375,0.058493467074996565,0.03694546436272961,0.23299583556794856,0.6672176308539944,0.9544699628774925,0.02095568211153165,0.039122715697311204,1.1199848693827035
up_excursion_ge_1_0_atr,24H,LOW_VOL_RANGE,579,561,0.9689119170984456,0.030482828441516358,0.05026843916520285,0.14294274615097036,0.563973063973064,0.973373442010973,0.023755361868301517,0.06193132344900182,1.186417282693909
up_excursion_ge_1_0_atr,24H,NORMAL_RANGE,176,171,0.9715909090909091,0.028218362584192382,0.0537713262255034,0.13542613014250918,0.8409356725146199,0.9949294303263291,0.032552537587892894,0.08181238400094394,1.2694064269628607
down_excursion_ge_1_0_atr,1H,LOW_VOL_RANGE,579,353,0.6096718480138169,0.23860227745580484,0.008323511767273417,0.6711833331881014,0.5536864799819499,0.6489121564942348,0.05039682781532615,-0.13084370068916362,0.8544174502463354
down_excursion_ge_1_0_atr,1H,NORMAL_RANGE,176,125,0.7102272727272727,0.19706876821970756,0.05359803531579754,0.5818806179004666,0.6743529411764706,0.8194462929093242,0.08668186824160401,0.1462780800025381,1.2589579756892293
down_excursion_ge_1_0_atr,2H,LOW_VOL_RANGE,579,433,0.7478411053540587,0.18661243168169955,0.010860082607692778,0.5595696063359282,0.5758328324211459,0.78917464979806,0.014002645131971275,-0.01354085561228971,0.9795300478800275
down_excursion_ge_1_0_atr,2H,NORMAL_RANGE,176,136,0.7727272727272727,0.1677444464753678,0.04616249973390385,0.5146613242841468,0.6941176470588235,0.8744688511972271,0.028084691052538635,-0.001927812267722662,1.1903106174674445
down_excursion_ge_1_0_atr,4H,LOW_VOL_RANGE,579,483,0.8341968911917098,0.13661690950433178,0.012367889971293788,0.4428778456042557,0.5934049344375432,0.8748710676292614,0.012536454164355885,-0.020219161343451423,0.9985777972542957
down_excursion_ge_1_0_atr,4H,NORMAL_RANGE,176,149,0.8465909090909091,0.12573051780323308,0.03388695734899738,0.4139116928366016,0.6900323141933881,0.9100539200186786,0.046199245288209526,-0.023429913342528096,1.1023908436375724
down_excursion_ge_1_0_atr,8H,LOW_VOL_RANGE,579,512,0.8842832469775475,0.10127481535525024,0.010437142390444465,0.35462444615859334,0.5419776119402985,0.8983931236253009,0.00723903173399968,0.012187290125457722,1.00879249013126
down_excursion_ge_1_0_atr,8H,NORMAL_RANGE,176,157,0.8920454545454546,0.09162705399160016,0.048662833182374965,0.3226928588626068,0.7237680187730473,0.940526019580116,0.03305668927747064,-0.04286072568526001,1.082099743932657
down_excursion_ge_1_0_atr,12H,LOW_VOL_RANGE,579,527,0.9101899827288429,0.08125240217367545,0.006028440091314091,0.2997900568145385,0.5488979710991096,0.9204483495037632,0.000995179169603455,-0.004526304196528605,0.9979588728870353
down_excursion_ge_1_0_atr,12H,NORMAL_RANGE,176,165,0.9375,0.05773502117478129,0.02615176382630746,0.22993480068600122,0.6986225895316804,0.9618879608234231,0.027269072956285445,0.036122927713975975,1.173776573767903
down_excursion_ge_1_0_atr,24H,LOW_VOL_RANGE,579,548,0.9464594127806563,0.05045745574944375,0.004851208426450815,0.20708840389954505,0.600247233341182,0.9609473912979949,0.010950290476013036,0.018462558214734984,1.0715337301889232
down_excursion_ge_1_0_atr,24H,NORMAL_RANGE,176,168,0.9545454545454546,0.04274227555761522,0.019019893383473208,0.1805114985247809,0.796875,0.9836741505605305,0.020303366684889412,0.02591677355191158,1.157768525094456
mean_reversion,1H,LOW_VOL_RANGE,579,215,0.37132987910189985,0.24288049294492964,-0.009153894418419961,0.6845362830074957,0.568323536928188,0.4217609072810197,0.11357834781219293,0.24284629519270212,0.7088511968624139
mean_reversion,1H,NORMAL_RANGE,176,68,0.38636363636363635,0.2498965491535516,-0.011303707105363436,0.7040348461018159,0.6206427015250545,0.48332092244965436,0.15403747372357865,0.3620159514558745,0.6713146619924145
mean_reversion,2H,LOW_VOL_RANGE,579,280,0.4835924006908463,0.2613719073974689,-0.016257627649095552,0.717544851425696,0.5532130912565695,0.5089707138188638,0.12025776499461624,0.36058466857490623,0.7436197147943999
mean_reversion,2H,NORMAL_RANGE,176,91,0.5170454545454546,0.2717211368622488,-0.028985354680310715,0.7407907519703417,0.626115061409179,0.5837018306699386,0.1885905721050203,0.5970542668162173,0.7460097736667219
mean_reversion,4H,LOW_VOL_RANGE,579,358,0.6183074265975821,0.26541152282819674,-0.07277906500679654,0.7246832418066947,0.5119441846356075,0.6210674261017086,0.16664922694653928,0.6151760059862038,0.7820209056902009
mean_reversion,4H,NORMAL_RANGE,176,109,0.6193181818181818,0.2641204830095129,-0.06766130289451477,0.7214465333543264,0.6279611118718335,0.679959731519047,0.19952137086254929,0.7432710291966464,0.9433138058459067
mean_reversion,8H,LOW_VOL_RANGE,579,406,0.7012089810017271,0.24070123468963076,-0.10863866758317231,0.6745006870342919,0.5004983057604145,0.6887638147827188,0.1724780585717745,0.6896933743230557,1.015244909240683
mean_reversion,8H,NORMAL_RANGE,176,122,0.6931818181818182,0.2395814992753829,-0.09425431110438298,0.6722426149270091,0.6510321797207043,0.7640749050275067,0.19007876574545973,0.7364089901803362,1.1848314249818641
mean_reversion,12H,LOW_VOL_RANGE,579,439,0.7582037996545768,0.20975438164771587,-0.08783442126378072,0.6115473361738226,0.5262284412626098,0.7761326572585817,0.16154134241498036,0.620343408596209,1.2177387182923727
mean_reversion,12H,NORMAL_RANGE,176,134,0.7613636363636364,0.21178085483604844,-0.10416341040456789,0.6158970207202288,0.6654228855721394,0.8695417466569625,0.18310922049234238,0.7037019926181999,1.2972953393763351
mean_reversion,24H,LOW_VOL_RANGE,579,453,0.7823834196891192,0.17579893705690644,-0.007155001175314757,0.5380995641228067,0.5982164756999194,0.7913029384005441,0.08505967058604746,0.2418984156047287,1.2429870128646279
mean_reversion,24H,NORMAL_RANGE,176,146,0.8295454545454546,0.15952709954668662,-0.03526619235416173,0.5041004028400499,0.6579908675799087,0.9089930843340426,0.14622161373700537,0.4616579341666329,1.4382065290304367
upside_breakout,1H,LOW_VOL_RANGE,579,381,0.6580310880829016,0.22176499255684926,0.016537463529556762,0.634431609038967,0.5726424348471593,0.7244465671101099,0.015113780644598496,0.05035970531915511,1.0262137523856378
upside_breakout,1H,NORMAL_RANGE,176,117,0.6647727272727273,0.22501886462286008,-0.006098172438682825,0.6415378696179243,0.5541069100391134,0.7300352671718414,0.042061705446414084,0.1825941903434765,0.9625859574884749
upside_breakout,2H,LOW_VOL_RANGE,579,389,0.6718480138169257,0.22088126803524968,0.010268688082979982,0.6340204274087821,0.5450412664050873,0.6938690841379282,0.029183989126655284,0.11129517796336795,0.9806289959615434
upside_breakout,2H,NORMAL_RANGE,176,111,0.6306818181818182,0.22255457140559257,0.04499321310979121,0.6360291015348221,0.6410256410256411,0.752179822507287,0.021821774787849885,-0.0027092790987132136,1.1243913015140015
upside_breakout,4H,LOW_VOL_RANGE,579,396,0.6839378238341969,0.21897668655757674,0.01245131103131425,0.6298669913047884,0.5213473533145664,0.6889711748469749,0.04439158438331576,0.1418951856642316,0.9403797433201825
upside_breakout,4H,NORMAL_RANGE,176,109,0.6193181818181818,0.23179453525789936,0.017251461942151436,0.6561487879937531,0.6256333013829933,0.6080310238245387,0.019040119572403626,-0.019762920480394477,0.909087079319544
upside_breakout,8H,LOW_VOL_RANGE,579,410,0.7081174438687392,0.20823183402549011,0.025872206211706605,0.607857478266817,0.534781353730697,0.7178608464528208,0.04154909746562737,0.1726844055827058,0.9608097917773075
upside_breakout,8H,NORMAL_RANGE,176,100,0.5681818181818182,0.22948072190024177,0.07641466686796916,0.6500750336897444,0.7644736842105263,0.8035877031557463,0.09038849900541378,-0.310650473038037,1.1371953640801842
upside_breakout,12H,LOW_VOL_RANGE,579,423,0.7305699481865285,0.1849167984290302,0.09750961589138651,0.555729654564406,0.5777262532581682,0.8198597423908608,0.03255360820357979,-0.08837349836026999,1.1446667798319639
upside_breakout,12H,NORMAL_RANGE,176,105,0.5965909090909091,0.23522779296832752,0.030486792403576324,0.6641790445276746,0.6119382964453387,0.6884955748937936,0.10431148468229186,-0.33775283725592,0.9201962259296621
upside_breakout,24H,LOW_VOL_RANGE,579,435,0.7512953367875648,0.17295410271239536,0.1068852528214963,0.5278985306751087,0.6563378033205619,0.8356917950897058,0.03537533602758471,-0.04447164978789937,1.1878468947135599
upside_breakout,24H,NORMAL_RANGE,176,126,0.7159090909090909,0.18872924851584855,0.0820587873780817,0.5608101977650617,0.7649206349206349,0.9008554633437773,0.07156051133884726,0.04588232714172505,1.2373315236031428
downside_breakdown,1H,LOW_VOL_RANGE,579,386,0.6666666666666666,0.2199130457410572,0.013462434202945128,0.6307876174406989,0.5652500738274853,0.7230139614010147,0.022987166996296406,-0.0483565304938541,0.9467451884391014
downside_breakdown,1H,NORMAL_RANGE,176,121,0.6875,0.20894203502707515,0.03742392886411783,0.6068476735787832,0.62854996243426,0.8020731322483919,0.011372597870958404,0.006024527723746242,1.0823135215439137
downside_breakdown,2H,LOW_VOL_RANGE,579,378,0.6528497409326425,0.2231540444591143,0.01863126466148879,0.637920894262364,0.5612940588064966,0.7097821607593351,0.0038673118694233224,-0.01727406474815309,1.0158224197274257
downside_breakdown,2H,NORMAL_RANGE,176,108,0.6136363636363636,0.23335970914678172,0.01629412913192685,0.659336205643328,0.6064814814814815,0.6761356089965046,0.03233063758043187,-0.12400666261527932,0.9942904868418547
downside_breakdown,4H,LOW_VOL_RANGE,579,366,0.6321243523316062,0.22824081466194387,0.0187071646350766,0.6482396748612611,0.5568126427050463,0.7167494454654039,0.02306979469516717,-0.09590514462254653,1.0111925163257132
downside_breakdown,4H,NORMAL_RANGE,176,111,0.6306818181818182,0.2297554906446292,0.013896541344932456,0.6522258255358641,0.5801801801801801,0.7100688148603177,0.0534323239742922,-0.07576403143244932,0.9841944106300419
downside_breakdown,8H,LOW_VOL_RANGE,579,363,0.6269430051813472,0.23274808381020978,0.00924096267225738,0.6582653509852627,0.4674523007856341,0.6880136684250256,0.02330536867224448,-0.08191727040510695,0.9788881801916022
downside_breakdown,8H,NORMAL_RANGE,176,108,0.6136363636363636,0.23057878862578277,0.035851976718109024,0.6536994353276483,0.51130174291939,0.7121820921850348,0.029669112928332818,-0.14342969569489733,1.0678042897184121
downside_breakdown,12H,LOW_VOL_RANGE,579,370,0.6390328151986183,0.22893970484797924,0.009925197099653671,0.650405191404153,0.493805767489978,0.6815910977423956,0.021274174329845547,-0.0794821616056129,0.9912498421165727
downside_breakdown,12H,NORMAL_RANGE,176,109,0.6193181818181818,0.22969207395485994,0.03350152492861069,0.6518322710743787,0.48418458167876216,0.7442184594339026,0.03434161734752215,-0.15774794383685956,1.0536497138778589
downside_breakdown,24H,LOW_VOL_RANGE,579,389,0.6718480138169257,0.21726438006314458,0.01454689624567862,0.6260952639223248,0.49787579488567174,0.6872854896090383,0.015800197865476776,-0.004280192434051684,1.0448764739247471
downside_breakdown,24H,NORMAL_RANGE,176,110,0.625,0.218562474272892,0.07546622317609553,0.628497699669703,0.5873278236914601,0.8040541632344462,0.06071477947378617,-0.20286979453877102,1.1921004513534272
trend_continuation,1H,LOW_VOL_RANGE,579,153,0.26424870466321243,0.19187267601053312,0.04271548207232967,0.5714332383686986,0.5246709012243395,0.3564653384053383,0.018398766409408913,-0.027823127323366593,1.057159559416522
trend_continuation,1H,NORMAL_RANGE,176,59,0.3352272727272727,0.2264101381556124,-0.01577927716070726,0.6460592156581346,0.4706649282920469,0.39247834041908414,0.07194014797708609,0.059799515588165306,0.8320484270691165
trend_continuation,2H,LOW_VOL_RANGE,579,173,0.2987910189982729,0.21100346854360721,0.019239570112947746,0.6131937404735677,0.5139525612916085,0.33200988912252405,0.03953952403067734,-0.1263562355979777,1.0760580411203342
trend_continuation,2H,NORMAL_RANGE,176,56,0.3181818181818182,0.2175333496763204,0.01137647476237269,0.6268776553729309,0.5001488095238096,0.36250879913516104,0.019914535946501166,-0.0663266587471293,1.0297884987013315
trend_continuation,4H,LOW_VOL_RANGE,579,201,0.3471502590673575,0.22744452480134705,0.0050692075360107,0.6474206212504668,0.4279791518597489,0.44132085404394844,0.02225746810745899,-0.07636585435028936,1.0311766538044567
trend_continuation,4H,NORMAL_RANGE,176,57,0.32386363636363635,0.22203700353801248,0.006767629198385694,0.6364469142383489,0.34498009730207874,0.39831047652964047,0.04366069021550345,-0.15574311834743182,1.0501046797017655
trend_continuation,8H,LOW_VOL_RANGE,579,194,0.33506044905008636,0.23332057088721553,-0.012995356000648384,0.6596343498033349,0.48836524300441825,0.3523454861561226,0.10234509334816266,-0.38575228326553856,1.0912711660498393
trend_continuation,8H,NORMAL_RANGE,176,44,0.25,0.22281338716748633,-0.026636280711151983,0.6385152895823754,0.38980716253443526,0.2779928818866551,0.1895457990193309,-0.7335466927058665,1.1574231146447065
trend_continuation,12H,LOW_VOL_RANGE,579,180,0.31088082901554404,0.2396413573677186,-0.05805345994847899,0.6724064845855255,0.5529518240044556,0.27142270332214785,0.15939309228668774,-0.6282418014132332,1.074757226859096
trend_continuation,12H,NORMAL_RANGE,176,38,0.2159090909090909,0.23399493895308912,-0.10583041827895445,0.6611003136943728,0.469488939740656,0.1868818520522085,0.25435808896217105,-1.0499434178235074,1.1249045319174515
trend_continuation,24H,LOW_VOL_RANGE,579,182,0.3143350604490501,0.2442109604507253,-0.038594346352011755,0.6815650885587744,0.5655327040717469,0.2797488274846299,0.16935887998325672,,
trend_continuation,24H,NORMAL_RANGE,176,72,0.4090909090909091,0.24730114947540818,-0.014423168197956304,0.6877476590550496,0.4951923076923077,0.42672178651080483,0.07460303134139773,,
