target,horizon,split,train_base_probability,n,positives,base_rate,brier,brier_skill_vs_train_base,log_loss,auc,pr_auc,ece,calibration_intercept,calibration_slope
range_continuation,1H,validation,0.04282315622521808,840,36,0.04285714285714286,0.04102040931835645,0.0,0.1769203652045276,0.5727611940298507,0.03945853835817518,3.3986631924776134e-05,,
range_continuation,1H,test,0.04282315622521808,842,37,0.043942992874109264,0.042013260285495437,0.0,0.18029400258440756,0.5007554137988921,0.04226609892127624,0.001119836648891183,,
range_continuation,2H,validation,0.04206349206349207,838,37,0.0441527446300716,0.04220764474799023,0.0,0.18097765519546255,0.616290447751122,0.03587276844355527,0.002089252566579533,,
range_continuation,2H,test,0.04206349206349207,842,40,0.047505938242280284,0.04527874429440995,0.0,0.19145840153423493,0.45885286783042395,0.05358522696948096,0.00544244617878821,,
range_continuation,4H,validation,0.04332273449920509,834,30,0.03597122302158273,0.03473133885691991,0.0,0.15561250937373147,0.46355721393034827,0.05358755939860018,0.0073515114776223495,,
range_continuation,4H,test,0.04332273449920509,842,40,0.047505938242280284,0.045266623267557024,0.0,0.1913100140303199,0.5106608478802993,0.05095961863468292,0.004183203743075195,,
range_continuation,8H,validation,0.05063795853269538,826,38,0.04600484261501211,0.04390986283408675,0.0,0.18680933236168015,0.4282994923857868,0.07027577410574361,0.00463311591768327,,
range_continuation,8H,test,0.05063795853269538,842,53,0.06294536817102138,0.0591347211288415,0.0,0.23646351640787067,0.4768156491379104,0.06509763682920512,0.012307409638326001,,
range_continuation,12H,validation,0.0476,818,52,0.06356968215158924,0.05978360841075796,0.0,0.23923461715123537,0.5373317935328379,0.08461385907892188,0.015969682151589247,,
range_continuation,12H,test,0.0476,842,59,0.07007125890736342,0.06566623505938243,0.0,0.25871433164869856,0.4264995562482412,0.08296164111268055,0.022471258907363414,,
range_continuation,24H,validation,0.03836833602584814,794,36,0.04534005037783375,0.043332935010574954,0.0,0.18518217821927074,0.5916153620639109,0.03974118956503733,0.006971714351985611,,
range_continuation,24H,test,0.03836833602584814,842,68,0.08076009501187649,0.07603496329547871,0.0,0.2992842729854029,0.41571667426660586,0.0990618506153507,0.042391758986028344,,
path_inside_70,1H,validation,0.04282315622521808,840,36,0.04285714285714286,0.04102040931835645,0.0,0.1769203652045276,0.5727611940298507,0.03945853835817518,3.3986631924776134e-05,,
path_inside_70,1H,test,0.04282315622521808,842,37,0.043942992874109264,0.042013260285495437,0.0,0.18029400258440756,0.5007554137988921,0.04226609892127624,0.001119836648891183,,
path_inside_70,2H,validation,0.04206349206349207,838,37,0.0441527446300716,0.04220764474799023,0.0,0.18097765519546255,0.616290447751122,0.03587276844355527,0.002089252566579533,,
path_inside_70,2H,test,0.04206349206349207,842,40,0.047505938242280284,0.04527874429440995,0.0,0.19145840153423493,0.45885286783042395,0.05358522696948096,0.00544244617878821,,
path_inside_70,4H,validation,0.04332273449920509,834,30,0.03597122302158273,0.03473133885691991,0.0,0.15561250937373147,0.46355721393034827,0.05358755939860018,0.0073515114776223495,,
path_inside_70,4H,test,0.04332273449920509,842,40,0.047505938242280284,0.045266623267557024,0.0,0.1913100140303199,0.5106608478802993,0.05095961863468292,0.004183203743075195,,
path_inside_70,8H,validation,0.05063795853269538,826,38,0.04600484261501211,0.04390986283408675,0.0,0.18680933236168015,0.4282994923857868,0.07027577410574361,0.00463311591768327,,
path_inside_70,8H,test,0.05063795853269538,842,53,0.06294536817102138,0.0591347211288415,0.0,0.23646351640787067,0.4768156491379104,0.06509763682920512,0.012307409638326001,,
path_inside_70,12H,validation,0.0476,818,52,0.06356968215158924,0.05978360841075796,0.0,0.23923461715123537,0.5373317935328379,0.08461385907892188,0.015969682151589247,,
path_inside_70,12H,test,0.0476,842,59,0.07007125890736342,0.06566623505938243,0.0,0.25871433164869856,0.4264995562482412,0.08296164111268055,0.022471258907363414,,
path_inside_70,24H,validation,0.03836833602584814,794,36,0.04534005037783375,0.043332935010574954,0.0,0.18518217821927074,0.5916153620639109,0.03974118956503733,0.006971714351985611,,
path_inside_70,24H,test,0.03836833602584814,842,68,0.08076009501187649,0.07603496329547871,0.0,0.2992842729854029,0.41571667426660586,0.0990618506153507,0.042391758986028344,,
range_breached,1H,validation,0.957176843774782,840,804,0.9571428571428572,0.04102040931835645,0.0,0.17692036520452764,0.42723880597014924,0.9644417463723248,3.398663192466511e-05,,
range_breached,1H,test,0.957176843774782,842,805,0.9560570071258907,0.042013260285495437,0.0,0.18029400258440764,0.49924458620110795,0.9625721232348189,0.0011198366488913702,,
range_breached,2H,validation,0.957936507936508,838,801,0.9558472553699284,0.04220764474799023,0.0,0.18097765519546255,0.3837095522488781,0.9685779146189303,0.002089252566579214,,
range_breached,2H,test,0.957936507936508,842,802,0.9524940617577197,0.04527874429440993,0.0,0.19145840153423496,0.5411471321695761,0.9505188682963238,0.005442446178788196,,
range_breached,4H,validation,0.9566772655007949,834,804,0.9640287769784173,0.03473133885691991,0.0,0.15561250937373147,0.5364427860696518,0.9559008626782105,0.007351511477622252,,
range_breached,4H,test,0.9566772655007949,842,802,0.9524940617577197,0.045266623267557024,0.0,0.1913100140303199,0.48933915211970075,0.953175971414529,0.004183203743075237,,
range_breached,8H,validation,0.9493620414673046,826,788,0.9539951573849879,0.04390986283408675,0.0,0.18680933236168015,0.5717005076142132,0.9446158014894319,0.004633115917683006,,
range_breached,8H,test,0.9493620414673046,842,789,0.9370546318289786,0.0591347211288415,0.0,0.23646351640787067,0.5231843508620896,0.9401565834647005,0.012307409638326217,,
range_breached,12H,validation,0.9524,818,766,0.9364303178484108,0.05978360841075796,0.0,0.23923461715123545,0.46266820646716206,0.9358061848070096,0.01596968215158956,,
range_breached,12H,test,0.9524,842,783,0.9299287410926366,0.06566623505938243,0.0,0.25871433164869856,0.5735004437517588,0.9244223087332665,0.022471258907363678,,
range_breached,24H,validation,0.9616316639741519,794,758,0.9546599496221663,0.04333293501057494,0.0,0.1851821782192708,0.40838463793608915,0.965775180823935,0.006971714351985847,,
range_breached,24H,test,0.9616316639741519,842,774,0.9192399049881235,0.07603496329547871,0.0,0.29928427298540294,0.5842833257333941,0.9101797808984812,0.04239175898602865,,
realized_over_range_width_ge_1,1H,validation,0.8683584456780333,840,731,0.8702380952380953,0.11292728591693578,0.0,0.3859493628505712,0.4675008471491861,0.8836905783551064,0.0018796495600617025,,
realized_over_range_width_ge_1,1H,test,0.8683584456780333,842,736,0.8741092636579573,0.11007533075273926,0.0,0.37864631902639695,0.4912582034454471,0.8829201326679715,0.005750817979923717,,
realized_over_range_width_ge_1,2H,validation,0.8607142857142858,838,714,0.8520286396181385,0.12615127733671033,0.0,0.41948333272485366,0.4944994126682931,0.8544729164364703,0.008685646096147304,,
realized_over_range_width_ge_1,2H,test,0.8607142857142858,842,733,0.8705463182897862,0.11279209486645013,0.0,0.3857582828880364,0.4939734908694945,0.8657359366095677,0.009832032575500582,,
realized_over_range_width_ge_1,4H,validation,0.8577106518282989,834,707,0.8477218225419664,0.1291893108386047,0.0,0.42704162337636054,0.5381505529630578,0.8272410811728655,0.00998882928633249,,
realized_over_range_width_ge_1,4H,test,0.8577106518282989,842,724,0.8598574821852731,0.12050720139585741,0.0,0.40524107391585074,0.47573508755501454,0.8754552908062453,0.002146830356974272,,
realized_over_range_width_ge_1,8H,validation,0.8660287081339713,826,695,0.8414043583535109,0.134049422699338,0.0,0.43982308058139635,0.49848975781207094,0.8411208231684334,0.02462434978046013,,
realized_over_range_width_ge_1,8H,test,0.8660287081339713,842,707,0.8396674584323041,0.13532093316797267,0.0,0.4430646439142275,0.512064539787312,0.8554839691079902,0.0263612497016672,,
realized_over_range_width_ge_1,12H,validation,0.8752,818,684,0.8361858190709046,0.13850120136919314,0.0,0.45237027610187763,0.490082482325216,0.8202165567273656,0.03901418092909503,,
realized_over_range_width_ge_1,12H,test,0.8752,842,710,0.8432304038004751,0.13321494498812353,0.0,0.43864925681165945,0.5380495091762697,0.8506742321563538,0.031969596199524664,,
realized_over_range_width_ge_1,24H,validation,0.8998384491114702,794,703,0.8853904282115869,0.10168296315081314,0.0,0.3571574229264298,0.4520031888452941,0.9054941404347623,0.014448020899883618,,
realized_over_range_width_ge_1,24H,test,0.8998384491114702,842,703,0.834916864608076,0.14204550593552703,0.0,0.46796864181743647,0.5744241022544695,0.82698425725963,0.06492158450339447,,
oscillatory_path,1H,validation,0.4357652656621729,840,383,0.45595238095238094,0.24846732687997597,0.0,0.6900878047824248,0.5003056601402037,0.455812925892596,0.02018711529020789,,
oscillatory_path,1H,test,0.4357652656621729,842,375,0.44536817102137766,0.2471075790537884,0.0,0.6873531979864811,0.4822326909350464,0.4589765155474112,0.009602905359204605,,
oscillatory_path,2H,validation,0.42777777777777776,838,393,0.46897374701670647,0.25073447950735134,0.0,0.6946633776793683,0.4544186179489379,0.5129826084316128,0.04119596923892871,,
oscillatory_path,2H,test,0.42777777777777776,842,346,0.41092636579572445,0.24234985777543175,0.0,0.6777760265157757,0.47555006526198024,0.42513486782430143,0.01685141198205331,,
oscillatory_path,4H,validation,0.44395866454689986,834,360,0.4316546762589928,0.24548030485052585,0.0,0.684082934779144,0.4514240506329114,0.4717789913803131,0.012303988287907075,,
oscillatory_path,4H,test,0.44395866454689986,842,363,0.4311163895486936,0.24541997223832226,0.0,0.6839617604249805,0.5266021382931613,0.4013330990920096,0.012842274998206227,,
oscillatory_path,8H,validation,0.4409888357256778,826,368,0.44552058111380144,0.24705252963408483,0.0,0.6872409889627674,0.4704765521169546,0.4840196314894425,0.004531745388123565,,
oscillatory_path,8H,test,0.4409888357256778,842,394,0.4679334916864608,0.24969775352942267,0.0,0.69255620813907,0.4659173313995649,0.4739484704354827,0.026944655960782993,,
oscillatory_path,12H,validation,0.4308,818,343,0.4193154034229829,0.24362189183374086,0.0,0.6803396192214253,0.49891054166027315,0.4155853355490732,0.011484596577017003,,
oscillatory_path,12H,test,0.4308,842,446,0.5296912114014252,0.2588979036579573,0.0,0.7110889860874906,0.4408434116954296,0.5615735555087112,0.09889121140142526,,
oscillatory_path,24H,validation,0.43820678513731826,794,255,0.3211586901763224,0.23171604243454963,0.0,0.6564110465623602,0.5239768634726618,0.2997850991910169,0.11704809496099577,,
oscillatory_path,24H,test,0.43820678513731826,842,493,0.5855106888361045,0.2643863621396762,0.0,0.7220874305898317,0.4190704243361212,0.6193755651547584,0.14730390369878626,,
trend_efficiency_high,1H,validation,0.1641554321966693,840,128,0.1523809523809524,0.129299636107357,0.0,0.42733225422908827,0.5413228581460674,0.13594168136089826,0.011774479815716943,,
trend_efficiency_high,1H,test,0.1641554321966693,842,129,0.15320665083135393,0.12985424878577898,0.0,0.4286761849192367,0.5034410776607195,0.16971219634881313,0.010948781365315408,,
trend_efficiency_high,2H,validation,0.18174603174603174,838,117,0.13961813842482101,0.1218996732432918,0.0,0.41064672859459994,0.5615420178526974,0.12332605397595475,0.042127893321210697,,
trend_efficiency_high,2H,test,0.18174603174603174,842,138,0.16389548693586697,0.1373523982479417,0.0,0.4471735162894372,0.46719573451910407,0.19243102915563504,0.017850544810164737,,
trend_efficiency_high,4H,validation,0.18044515103338632,834,132,0.15827338129496402,0.13371450544175656,0.0,0.43851451629221916,0.5626456876456877,0.1407282926608513,0.02217176973842233,,
trend_efficiency_high,4H,test,0.18044515103338632,842,150,0.17814726840855108,0.14641609943168024,0.0,0.46859035464524734,0.47621387283236993,0.21317287903805127,0.0022978826248352957,,
trend_efficiency_high,8H,validation,0.18779904306220097,826,130,0.15738498789346247,0.13353996823104422,0.0,0.43847817788357263,0.49890583554376655,0.1638417266535343,0.03041405516873849,,
trend_efficiency_high,8H,test,0.18779904306220097,842,141,0.167458432304038,0.139829846200327,0.0,0.4532294812880776,0.4971519915824405,0.20512063035608677,0.02034061075816293,,
trend_efficiency_high,12H,validation,0.1944,818,172,0.21026894865525672,0.1663077414180929,0.0,0.5151008780337973,0.47760817913456693,0.23841475162750858,0.015868948655256787,,
trend_efficiency_high,12H,test,0.1944,842,129,0.15320665083135393,0.13143126498812352,0.0,0.43397715250624513,0.5774487100035879,0.1301302235685959,0.041193349168646004,,
trend_efficiency_high,24H,validation,0.20678513731825526,794,199,0.2506297229219144,0.18973681259675543,0.0,0.5686112190854229,0.44803006629787595,0.35256493024055546,0.043844585603659086,,
trend_efficiency_high,24H,test,0.20678513731825526,842,107,0.12707838479809977,0.11728263531251519,0.0,0.40250708721147055,0.7769597558649628,0.0784785325235186,0.07970675252015552,,
one_sided_runaway,1H,validation,0.15543219666931007,840,118,0.14047619047619048,0.12096631250673615,0.0,0.40670242381155475,0.5438048734682379,0.1252178582167662,0.014956006193119598,,
one_sided_runaway,1H,test,0.15543219666931007,842,123,0.14608076009501186,0.12482862099107857,0.0,0.41618880476474324,0.49411445435733914,0.16464289401306131,0.009351436574298155,,
one_sided_runaway,2H,validation,0.18174603174603174,838,115,0.13723150357995226,0.12038056122298646,0.0,0.40705588735244547,0.5618016717782188,0.1201913928845319,0.04451452816607945,,
one_sided_runaway,2H,test,0.18174603174603174,842,137,0.16270783847980996,0.13659645057988004,0.0,0.4453866249824744,0.46958637469586373,0.19056847626140783,0.019038193266221748,,
one_sided_runaway,4H,validation,0.18044515103338632,834,132,0.15827338129496402,0.13371450544175656,0.0,0.43851451629221916,0.5626456876456877,0.1407282926608513,0.02217176973842233,,
one_sided_runaway,4H,test,0.18044515103338632,842,150,0.17814726840855108,0.14641609943168024,0.0,0.46859035464524734,0.47621387283236993,0.21317287903805127,0.0022978826248352957,,
one_sided_runaway,8H,validation,0.18779904306220097,826,130,0.15738498789346247,0.13353996823104422,0.0,0.43847817788357263,0.49890583554376655,0.1638417266535343,0.03041405516873849,,
one_sided_runaway,8H,test,0.18779904306220097,842,141,0.167458432304038,0.139829846200327,0.0,0.4532294812880776,0.4971519915824405,0.20512063035608677,0.02034061075816293,,
one_sided_runaway,12H,validation,0.1944,818,172,0.21026894865525672,0.1663077414180929,0.0,0.5151008780337973,0.47760817913456693,0.23841475162750858,0.015868948655256787,,
one_sided_runaway,12H,test,0.1944,842,129,0.15320665083135393,0.13143126498812352,0.0,0.43397715250624513,0.5774487100035879,0.1301302235685959,0.041193349168646004,,
one_sided_runaway,24H,validation,0.20678513731825526,794,199,0.2506297229219144,0.18973681259675543,0.0,0.5686112190854229,0.44803006629787595,0.35256493024055546,0.043844585603659086,,
one_sided_runaway,24H,test,0.20678513731825526,842,107,0.12707838479809977,0.11728263531251519,0.0,0.40250708721147055,0.7769597558649628,0.0784785325235186,0.07970675252015552,,
upper_breach_only,1H,validation,0.3176050753370341,840,231,0.275,0.20119019244447436,0.0,0.5924666788276999,0.5138222478123956,0.2698994784547076,0.042605075337034004,,
upper_breach_only,1H,test,0.3176050753370341,842,240,0.2850356294536817,0.20485108820077377,0.0,0.6001419267199326,0.4969892026578073,0.28958040662879203,0.03256944588335231,,
upper_breach_only,2H,validation,0.3329365079365079,838,266,0.31742243436754175,0.21690611900642873,0.0,0.6254575071999736,0.48797255376202747,0.3260911470349653,0.015514073568966169,,
upper_breach_only,2H,test,0.3329365079365079,842,264,0.31353919239904987,0.2156086230788612,0.0,0.6227589125511669,0.5139129181084199,0.3120692703660584,0.019397315537458104,,
upper_breach_only,4H,validation,0.31756756756756754,834,269,0.3225419664268585,0.21853339096436514,0.0,0.6288276252325594,0.5060499391387308,0.3179074229302854,0.004974398859290963,,
upper_breach_only,4H,test,0.31756756756756754,842,282,0.334916864608076,0.22304855651697153,0.0,0.6382940871686973,0.5495377406281662,0.3082873252348078,0.01734929704050847,,
upper_breach_only,8H,validation,0.2902711323763955,826,265,0.32082324455205813,0.2188291218655427,0.0,0.629709925172132,0.5214475498604244,0.295016150233516,0.03055211217566267,,
upper_breach_only,8H,test,0.2902711323763955,842,272,0.32304038004750596,0.21975911649919944,0.0,0.6316921941725345,0.5583333333333333,0.29679104859271965,0.0327692476711105,,
upper_breach_only,12H,validation,0.2896,818,240,0.293398533007335,0.2073302626894865,0.0,0.605201668575492,0.4918901384083045,0.281763652680027,0.003798533007334959,,
upper_breach_only,12H,test,0.2896,842,263,0.31235154394299286,0.21530568969121142,0.0,0.6222087270865556,0.556722288986518,0.2838312370227972,0.022751543942992836,,
upper_breach_only,24H,validation,0.29159935379644586,794,255,0.3211586901763224,0.21888954026777005,0.0,0.629815238806895,0.4709374658954491,0.31039953647325996,0.02955933637987651,,
upper_breach_only,24H,test,0.29159935379644586,842,240,0.2850356294536817,0.20383340187287297,0.0,0.5977513613111144,0.5429194352159469,0.27107413593334256,0.006563724342764199,,
lower_breach_only,1H,validation,0.3215701823949247,840,284,0.3380952380952381,0.2240599255384609,0.0,0.6403843883667254,0.4972071638463877,0.3405590280733593,0.016525055700313374,,
lower_breach_only,1H,test,0.3215701823949247,842,255,0.3028503562945368,0.21148244987603773,0.0,0.6140717854391782,0.49565420716838693,0.3230647442919047,0.018719826100387915,,
lower_breach_only,2H,validation,0.3400793650793651,838,277,0.3305489260143198,0.22137716279387212,0.0,0.6347699916285985,0.46955861438766516,0.3495479754521052,0.009530439065045304,,
lower_breach_only,2H,test,0.3400793650793651,842,252,0.2992874109263658,0.21137844011097887,0.0,0.6140454652911366,0.49558783965563624,0.32065603783543556,0.040791954152999355,,
lower_breach_only,4H,validation,0.34896661367249604,834,276,0.33093525179856115,0.22174224092661285,0.0,0.6355605034489232,0.4983767077034959,0.3500214211532306,0.018031361873934837,,
lower_breach_only,4H,test,0.34896661367249604,842,247,0.29334916864608074,0.21038873409200032,0.0,0.6121223981604529,0.45863300785901406,0.3408084703901407,0.055617445026415135,,
lower_breach_only,8H,validation,0.32575757575757575,826,266,0.3220338983050847,0.21834193242128527,0.0,0.628424685510722,0.451765574650913,0.4238779239622356,0.00372367745249097,,
lower_breach_only,8H,test,0.32575757575757575,842,225,0.2672209026128266,0.19924043392246804,0.0,0.5885517252517131,0.424332793084819,0.35660767188761555,0.058536673144749085,,
lower_breach_only,12H,validation,0.312,818,231,0.2823960880195599,0.20352492909535452,0.0,0.5972812151057763,0.44073983937697736,0.40745576422620455,0.029603911980440045,,
lower_breach_only,12H,test,0.312,842,205,0.24346793349168647,0.18888794299287412,0.0,0.5664973891193298,0.48488723819734275,0.2610246507954385,0.06853206650831348,,
lower_breach_only,24H,validation,0.29281098546042006,794,246,0.30982367758186397,0.2141223980847322,0.0,0.6196507355842137,0.4670197614384903,0.5137584652535853,0.01701269212144385,,
lower_breach_only,24H,test,0.29281098546042006,842,160,0.19002375296912113,0.1644799414398719,0.0,0.5140146749022315,0.4969299853372434,0.1861933518881717,0.10278723249129898,,
both_side_breach,1H,validation,0.31800158604282314,840,289,0.34404761904761905,0.22635725071057033,0.0,0.6452262895756332,0.477332814197527,0.36634382138343563,0.02604603300479602,,
both_side_breach,1H,test,0.31800158604282314,842,310,0.3681710213776722,0.23513809263721144,0.0,0.6636317450566832,0.5064455493572642,0.3640274467167871,0.05016943533484919,,
both_side_breach,2H,validation,0.2849206349206349,838,258,0.30787589498806683,0.21361527223812712,0.0,0.6186638667202112,0.5208099438652767,0.3064935166180067,0.022955260067432037,,
both_side_breach,2H,test,0.2849206349206349,842,286,0.33966745843230406,0.22729069079906095,0.0,0.6479179187841417,0.49907556472304676,0.33380587720992083,0.05474682351166921,,
both_side_breach,4H,validation,0.2901430842607313,834,259,0.3105515587529976,0.21452579394018256,0.0,0.6205389905195556,0.5014067483632701,0.3101057619496191,0.020408474492266293,,
both_side_breach,4H,test,0.2901430842607313,842,273,0.32422802850356297,0.22026599746029266,0.0,0.6327751806727989,0.48657435124921944,0.32945208598414283,0.03408494424283165,,
both_side_breach,8H,validation,0.3333333333333333,826,257,0.31113801452784506,0.21482378262039284,0.0,0.6211295456431595,0.542011721020563,0.28554438090631723,0.02219531880548825,,
both_side_breach,8H,test,0.3333333333333333,842,292,0.34679334916864607,0.2267088941673265,0.0,0.6458439403213521,0.5151307596513076,0.32799049139524383,0.013460015835312755,,
both_side_breach,12H,validation,0.3508,818,295,0.3606356968215159,0.23067433193154036,0.0,0.6539945774089507,0.5497358784068445,0.32386434606596265,0.009835696821515971,,
both_side_breach,12H,test,0.3508,842,315,0.37410926365795727,0.2346948442755344,0.0,0.6622878889116043,0.48031083401102376,0.4045958204683114,0.023309263657957324,,
both_side_breach,24H,validation,0.3772213247172859,794,257,0.3236775818639798,0.22177733726140741,0.0,0.6358427859593847,0.5430442942126963,0.28607549574660096,0.05354374285330604,,
both_side_breach,24H,test,0.3772213247172859,842,374,0.44418052256532065,0.25136772011537156,0.0,0.6962580337720882,0.4918300653594771,0.4954721255587382,0.06695919784803472,,
fast_1atr_touch,1H,validation,0.9801744647105471,840,817,0.9726190476190476,0.02668832015509092,0.0,0.12683121664066085,0.3436751636421691,0.9837865522880695,0.007555417091499428,,
fast_1atr_touch,1H,test,0.9801744647105471,842,815,0.9679334916864608,0.031188088778693324,0.0,0.14510844492475936,0.44826175869120655,0.9764923726827345,0.012240973024086332,,
up_excursion_ge_1_0_atr,1H,validation,0.6451229183187946,840,528,0.6285714285714286,0.23374333956795917,0.0,0.6603058966279519,0.4891523407148407,0.6389707841287524,0.0165514897473662,,
up_excursion_ge_1_0_atr,1H,test,0.6451229183187946,842,539,0.6401425178147269,0.23038487908972988,0.0,0.6533902107904912,0.5022563480837879,0.6318107501849852,0.0049804005040678945,,
up_excursion_ge_1_0_atr,2H,validation,0.746031746031746,838,627,0.7482100238663485,0.1883965289465915,0.0,0.5643056492258995,0.4715299666659108,0.7722397533264042,0.002178277834602338,,
up_excursion_ge_1_0_atr,2H,test,0.746031746031746,842,631,0.7494061757719715,0.18780794626287217,0.0,0.5630167251188002,0.5108944652661465,0.7321399173890815,0.003374429740225393,,
up_excursion_ge_1_0_atr,4H,validation,0.825516693163752,834,697,0.8357314148681055,0.1373887576101574,0.0,0.4470488110661959,0.45676465352030077,0.85736737693156,0.010214721704353558,,
up_excursion_ge_1_0_atr,4H,test,0.825516693163752,842,714,0.8479809976247031,0.12941387026703066,0.0,0.4280107495054071,0.5150231967787114,0.8298830392724302,0.022464304460951157,,
up_excursion_ge_1_0_atr,8H,validation,0.8740031897926634,826,735,0.8898305084745762,0.09828267867911214,0.0,0.3480505473141672,0.4838454062943859,0.8952062124347079,0.015827318681912672,,
up_excursion_ge_1_0_atr,8H,test,0.8740031897926634,842,766,0.9097387173396675,0.08339121144190675,0.0,0.3094917822128809,0.5652054418029407,0.8829801996069182,0.03573552754700404,,
up_excursion_ge_1_0_atr,12H,validation,0.8912,818,747,0.91320293398533,0.07974746444987775,0.0,0.2977256334855644,0.5056281463883704,0.9113959076504962,0.022002933985330264,,
up_excursion_ge_1_0_atr,12H,test,0.8912,842,784,0.9311163895486936,0.06573197681710215,0.0,0.2600526057896024,0.5189567206192822,0.9243263106368521,0.03991638954869381,,
up_excursion_ge_1_0_atr,24H,validation,0.9244749596122779,794,744,0.9370277078085643,0.05916435409487158,0.0,0.2362598996893243,0.49473118279569894,0.9324925730724042,0.01255274819628649,,
up_excursion_ge_1_0_atr,24H,test,0.9244749596122779,842,813,0.9655581947743468,0.034943399489833236,0.0,0.16479782856669603,0.5562200449590703,0.9638435460787137,0.04108323516206902,,
down_excursion_ge_1_0_atr,1H,validation,0.6609833465503568,840,551,0.655952380952381,0.22570416549013153,0.0,0.6437401463838992,0.4571555963049253,0.6997640586622562,0.005030965597976111,,
down_excursion_ge_1_0_atr,1H,test,0.6609833465503568,842,535,0.6353919239904988,0.23232394782678822,0.0,0.6574679402359574,0.4982434777314378,0.6487355528226487,0.025591422559858135,,
down_excursion_ge_1_0_atr,2H,validation,0.7571428571428571,838,624,0.7446300715990454,0.19031269787151134,0.0,0.5685790013756664,0.4557647375988497,0.7758861028058808,0.012512785543811633,,
down_excursion_ge_1_0_atr,2H,test,0.7571428571428571,842,631,0.7494061757719715,0.18785641572543502,0.0,0.5631481956749521,0.5008524797019701,0.7544697558536828,0.0077366813708854565,,
down_excursion_ge_1_0_atr,4H,validation,0.8302861685214626,834,693,0.8309352517985612,0.14048228042612357,0.0,0.45440164465014377,0.4494488962574069,0.8528818643304971,0.0006490832770985611,,
down_excursion_ge_1_0_atr,4H,test,0.8302861685214626,842,701,0.832541567695962,0.13942119257974828,0.0,0.45185136637568896,0.4709988769842474,0.8435379321674814,0.0022553991744992397,,
down_excursion_ge_1_0_atr,8H,validation,0.8883572567783095,826,730,0.8837772397094431,0.10273600683735178,0.0,0.35943544089483864,0.460587899543379,0.9079481260631679,0.004580017068866571,,
down_excursion_ge_1_0_atr,8H,test,0.8883572567783095,842,742,0.8812351543942993,0.10471048139632311,0.0,0.36470790377902446,0.44892183288409704,0.8978360434090034,0.0071221023840102315,,
down_excursion_ge_1_0_atr,12H,validation,0.9112,818,742,0.9070904645476773,0.08429424195599022,0.0,0.30932117726756125,0.4919137466307278,0.9219784236134381,0.004109535452322954,,
down_excursion_ge_1_0_atr,12H,test,0.9112,842,766,0.9097387173396675,0.08211631885985748,0.0,0.30315504965468537,0.4044592551875773,0.9331876214532647,0.0014612826603328521,,
down_excursion_ge_1_0_atr,24H,validation,0.9410339256865913,794,742,0.9345088161209067,0.06124466576805218,0.0,0.24218777501838443,0.4480354551109268,0.9510420163881645,0.006525109565684417,,
down_excursion_ge_1_0_atr,24H,test,0.9410339256865913,842,796,0.9453681710213777,0.051665977923695,0.0,0.21210717815111202,0.3751092418614813,0.9627189431653812,0.004334245334786546,,
mean_reversion,1H,validation,0.28628072957969863,840,205,0.24404761904761904,0.18627201431002213,0.0,0.5602071738587554,0.5178183214903015,0.24319664656013096,0.04223311053207948,,
mean_reversion,1H,test,0.28628072957969863,842,312,0.37054631828978624,0.2403424337323283,0.0,0.6757658614260318,0.4812409288824383,0.38311120161259454,0.08426558871008766,,
mean_reversion,2H,validation,0.3972222222222222,838,280,0.3341288782816229,0.2264675410294942,0.0,0.6455560365237232,0.5291986687147977,0.3244163609016642,0.06309334394059934,,
mean_reversion,2H,test,0.3972222222222222,842,414,0.4916864608076009,0.25885437743761186,0.0,0.7112658553896826,0.47868978283443947,0.5153944611238125,0.09446423858537872,,
mean_reversion,4H,validation,0.5115262321144675,834,348,0.4172661870503597,0.2520400722903015,0.0,0.6972280716662005,0.5492762877820349,0.40558785199566283,0.09426004506410762,,
mean_reversion,4H,test,0.5115262321144675,842,521,0.6187648456057007,0.24739503167177615,0.0,0.687936344271306,0.4922417349812546,0.6468384616341332,0.10723861349123331,,
mean_reversion,8H,validation,0.6140350877192983,826,412,0.49878934624697335,0.2632801152449962,0.0,0.7204181237377206,0.516773368978941,0.5197375944116618,0.1152457414723248,,
mean_reversion,8H,test,0.6140350877192983,842,594,0.7054631828978623,0.21614397706146016,0.0,0.6244583023267425,0.49869664385793416,0.7264356849300283,0.09142809517856398,,
mean_reversion,12H,validation,0.6608,818,467,0.5709046454767727,0.25305370601467003,0.0,0.7004511505644226,0.5014245014245015,0.5991439306317067,0.08989535452322739,,
mean_reversion,12H,test,0.6608,842,640,0.7600950118764845,0.1922100841805226,0.0,0.574287413419528,0.49192450495049506,0.7880893148436234,0.09929501187648437,,
mean_reversion,24H,validation,0.7168820678513732,794,540,0.6801007556675063,0.2189165827339603,0.0,0.6300456258222139,0.5144211140274132,0.6830594064250858,0.03678131218386693,,
mean_reversion,24H,test,0.7168820678513732,842,670,0.7957244655581948,0.16876316414648068,0.0,0.5226256708005375,0.4986983686220062,0.8093959039722388,0.07884239770682155,,
upside_breakout,1H,validation,0.6363996827914353,840,525,0.625,0.23450495276774536,0.0,0.6618428172011179,0.4925895691609977,0.6337044331687197,0.011399682791435106,,
upside_breakout,1H,test,0.6363996827914353,842,551,0.6543942992874109,0.2264862065703866,0.0,0.645388724336671,0.5030092116177397,0.6491473517004089,0.01799461649597578,,
upside_breakout,2H,validation,0.6198412698412699,838,524,0.6252983293556086,0.2343301081592365,0.0,0.6614739616364271,0.5078037633101571,0.6261278077583884,0.005457059514338614,,
upside_breakout,2H,test,0.6198412698412699,842,552,0.6555819477434679,0.22707165359325754,0.0,0.6466690712511387,0.5158920539730135,0.6402133207130433,0.035740677902197815,,
upside_breakout,4H,validation,0.6093004769475358,834,528,0.6330935251798561,0.2328522226993845,0.0,0.6584869813582798,0.5069877698554169,0.6175141235713196,0.023793048232320313,,
upside_breakout,4H,test,0.6093004769475358,842,556,0.6603325415676959,0.22689774773383922,0.0,0.6463827045010695,0.5373421542486291,0.6309728475210533,0.05103206462016019,,
upside_breakout,8H,validation,0.6240031897926634,826,523,0.6331719128329297,0.23234930711460763,0.0,0.6574256711311742,0.5565694236727688,0.5756274637721911,0.00916872304026628,,
upside_breakout,8H,test,0.6240031897926634,842,565,0.671021377672209,0.22296239837057585,0.0,0.6382520852802209,0.574850643749401,0.6205562671744129,0.04701818787954559,,
upside_breakout,12H,validation,0.6408,818,535,0.6540342298288508,0.22644860088019556,0.0,0.6452960382271169,0.5432515438723953,0.5979153205512103,0.013234229828850697,,
upside_breakout,12H,test,0.6408,842,578,0.6864608076009501,0.21731727657957242,0.0,0.626526300878928,0.5351853308168187,0.67822284915489,0.045660807600949815,,
upside_breakout,24H,validation,0.6688206785137318,794,513,0.646095717884131,0.2291724650515373,0.0,0.6509830450897863,0.5153066533474849,0.5927891044817365,0.02272496062960072,,
upside_breakout,24H,test,0.6688206785137318,842,614,0.7292161520190024,0.2011075688735274,0.0,0.5925613496771138,0.5340805188867935,0.7346031224360466,0.060395473505270525,,
downside_breakdown,1H,validation,0.6403647898493259,840,573,0.6821428571428572,0.21856938649861957,0.0,0.6291042555581229,0.47352458641357986,0.7007118013053847,0.041778067293531396,,
downside_breakdown,1H,test,0.6403647898493259,842,566,0.672209026128266,0.2213581067041432,0.0,0.6348355573639359,0.5043465458083679,0.6785684415804698,0.031844236278940286,,
downside_breakdown,2H,validation,0.6253968253968254,838,537,0.6408114558472554,0.23040974473409978,0.0,0.6534599010016892,0.49322865433038227,0.6495413556992643,0.015414630450430233,,
downside_breakdown,2H,test,0.6253968253968254,842,538,0.6389548693586699,0.23087536483758633,0.0,0.654411437045823,0.49509024652709843,0.6452657207633142,0.013558043961844568,,
downside_breakdown,4H,validation,0.6391096979332274,834,535,0.6414868105515588,0.22998713310434754,0.0,0.6525701983813571,0.4997468196167912,0.6531028074483222,0.0023771126183315117,,
downside_breakdown,4H,test,0.6391096979332274,842,520,0.6175771971496437,0.23663925130042884,0.0,0.6662345919606512,0.45123626373626374,0.655705023467019,0.021532500783583597,,
downside_breakdown,8H,validation,0.6590909090909091,826,523,0.6331719128329297,0.23293703599943968,0.0,0.6587236169486539,0.4934277366551187,0.6780588384227885,0.025918996257979332,,
downside_breakdown,8H,test,0.6590909090909091,842,518,0.6152019002375297,0.23865476727979426,0.0,0.6705702692031665,0.4524226607559941,0.654937294927651,0.04388900885337943,,
downside_breakdown,12H,validation,0.6628,818,526,0.6430317848410758,0.22993269085574572,0.0,0.6525200635422165,0.49764310641179227,0.6823979988356731,0.01976821515892402,,
downside_breakdown,12H,test,0.6628,842,520,0.6175771971496437,0.238220704608076,0.0,0.6697221990529546,0.46869326325848065,0.6520476227620436,0.04522280285035629,,
downside_breakdown,24H,validation,0.6700323101777059,794,505,0.6360201511335013,0.23265534544846772,0.0,0.6582476250378428,0.5105759018808456,0.6958900992467391,0.034012159044204626,,
downside_breakdown,24H,test,0.6700323101777059,842,536,0.6365795724465558,0.2324651060520251,0.0,0.6578513694704735,0.4889279094722466,0.6652982020556168,0.033452737731150206,,
trend_continuation,1H,validation,0.34179222839016654,840,253,0.3011904761904762,0.21212327552431542,0.0,0.615610058393067,0.5079354391257214,0.30751336308397087,0.04060175219969031,,
trend_continuation,1H,test,0.34179222839016654,842,242,0.28741092636579574,0.2077632117812167,0.0,0.6065800767256164,0.43889807162534433,0.36634562049974656,0.05438130202437086,,
trend_continuation,2H,validation,0.3738095238095238,838,283,0.33770883054892603,0.22496483637209855,0.0,0.6423274430527952,0.5318053035367523,0.3182771915529803,0.03610069326059773,,
trend_continuation,2H,test,0.3738095238095238,842,262,0.31116389548693585,0.21826540038026293,0.0,0.6286326926736607,0.46012766517504605,0.36963197439981027,0.06264562832258791,,
trend_continuation,4H,validation,0.3914944356120827,834,304,0.3645083932853717,0.23237027099034754,0.0,0.6575100919031999,0.48792204568023834,0.3817341202874256,0.026986042326711035,,
trend_continuation,4H,test,0.3914944356120827,842,288,0.342042755344418,0.22749497754211198,0.0,0.6476019647895491,0.4628459687123947,0.39250762760506014,0.04945168026766472,,
trend_continuation,8H,validation,0.4218500797448166,826,357,0.4322033898305085,0.24551081067925654,0.0,0.6841453237349299,0.4469549013635305,0.4768403862012914,0.010353310085691902,,
trend_continuation,8H,test,0.4218500797448166,842,267,0.3171021377672209,0.22752050333922114,0.0,0.6478673401387046,0.5351701677251262,0.3018048184578461,0.10474794197759563,,
trend_continuation,12H,validation,0.4216,818,386,0.4718826405867971,0.25173775804400983,0.0,0.6967029920206106,0.4673167338322779,0.5169048454358391,0.05028264058679727,,
trend_continuation,12H,test,0.4216,842,249,0.29572446555819476,0.22411615619952496,0.0,0.641000249147954,0.5966801438468884,0.24348394429017017,0.125875534441805,,
trend_continuation,24H,validation,0.4543618739903069,794,385,0.48488664987405544,0.25070334859072374,0.0,0.6945636270519027,0.44185692058552695,0.5438531266421969,0.030524775883748467,,
trend_continuation,24H,test,0.4543618739903069,842,288,0.342042755344418,0.23766509327420587,0.0,0.6684143347001588,0.5218486762936222,0.34871486473262253,0.1123191186458889,,
